[Tue Jul 09 12:33:28.708832 2024] [core:warn] [pid 2968:tid 284] AH00098: pid file C:/SYSME/SGC/xampp/apache/logs/httpd.pid overwritten -- Unclean shutdown of previous Apache run?
[Tue Jul 09 12:33:29.036973 2024] [ssl:warn] [pid 2968:tid 284] AH01873: Init: Session Cache is not configured [hint: SSLSessionCache]
[Tue Jul 09 12:33:29.099478 2024] [mpm_winnt:notice] [pid 2968:tid 284] AH00455: Apache/2.4.3 (Win32) OpenSSL/1.0.1c PHP/5.4.7 configured -- resuming normal operations
[Tue Jul 09 12:33:29.099478 2024] [mpm_winnt:notice] [pid 2968:tid 284] AH00456: Server built: Aug 18 2012 12:41:37
[Tue Jul 09 12:33:29.099478 2024] [core:notice] [pid 2968:tid 284] AH00094: Command line: 'apache\\bin\\httpd.exe -d C:/SYSME/SGC/xampp/apache'
[Tue Jul 09 12:33:29.099478 2024] [mpm_winnt:notice] [pid 2968:tid 284] AH00418: Parent: Created child process 828
[Tue Jul 09 12:33:30.626519 2024] [ssl:warn] [pid 828:tid 292] AH01873: Init: Session Cache is not configured [hint: SSLSessionCache]
[Tue Jul 09 12:33:30.677554 2024] [mpm_winnt:notice] [pid 828:tid 292] AH00354: Child: Starting 150 worker threads.
[Wed Jul 10 13:26:30.685911 2024] [core:warn] [pid 6244:tid 260] AH00098: pid file C:/SYSME/SGC/xampp/apache/logs/httpd.pid overwritten -- Unclean shutdown of previous Apache run?
[Wed Jul 10 13:26:30.982799 2024] [ssl:warn] [pid 6244:tid 260] AH01873: Init: Session Cache is not configured [hint: SSLSessionCache]
[Wed Jul 10 13:26:31.045304 2024] [mpm_winnt:notice] [pid 6244:tid 260] AH00455: Apache/2.4.3 (Win32) OpenSSL/1.0.1c PHP/5.4.7 configured -- resuming normal operations
[Wed Jul 10 13:26:31.045304 2024] [mpm_winnt:notice] [pid 6244:tid 260] AH00456: Server built: Aug 18 2012 12:41:37
[Wed Jul 10 13:26:31.045304 2024] [core:notice] [pid 6244:tid 260] AH00094: Command line: 'apache\\bin\\httpd.exe -d C:/SYSME/SGC/xampp/apache'
[Wed Jul 10 13:26:31.045304 2024] [mpm_winnt:notice] [pid 6244:tid 260] AH00418: Parent: Created child process 6884
[Wed Jul 10 13:26:31.984856 2024] [ssl:warn] [pid 6884:tid 292] AH01873: Init: Session Cache is not configured [hint: SSLSessionCache]
[Wed Jul 10 13:26:32.031736 2024] [mpm_winnt:notice] [pid 6884:tid 292] AH00354: Child: Starting 150 worker threads.
[Wed Jul 10 13:26:33.939087 2024] [mpm_winnt:notice] [pid 6244:tid 260] AH00428: Parent: child process exited with status 3221225477 -- Restarting.
[Wed Jul 10 13:26:34.369995 2024] [ssl:warn] [pid 6244:tid 260] AH01873: Init: Session Cache is not configured [hint: SSLSessionCache]
[Wed Jul 10 13:26:34.401249 2024] [mpm_winnt:notice] [pid 6244:tid 260] AH00455: Apache/2.4.3 (Win32) OpenSSL/1.0.1c PHP/5.4.7 configured -- resuming normal operations
[Wed Jul 10 13:26:34.401249 2024] [mpm_winnt:notice] [pid 6244:tid 260] AH00456: Server built: Aug 18 2012 12:41:37
[Wed Jul 10 13:26:34.401249 2024] [core:notice] [pid 6244:tid 260] AH00094: Command line: 'apache\\bin\\httpd.exe -d C:/SYSME/SGC/xampp/apache'
[Wed Jul 10 13:26:34.416872 2024] [mpm_winnt:notice] [pid 6244:tid 260] AH00418: Parent: Created child process 4436
[Wed Jul 10 13:26:35.307542 2024] [ssl:warn] [pid 4436:tid 292] AH01873: Init: Session Cache is not configured [hint: SSLSessionCache]
[Wed Jul 10 13:26:35.354419 2024] [mpm_winnt:notice] [pid 4436:tid 292] AH00354: Child: Starting 150 worker threads.
[Thu Jul 11 13:08:37.741023 2024] [core:warn] [pid 4248:tid 288] AH00098: pid file C:/SYSME/SGC/xampp/apache/logs/httpd.pid overwritten -- Unclean shutdown of previous Apache run?
[Thu Jul 11 13:08:38.037910 2024] [ssl:warn] [pid 4248:tid 288] AH01873: Init: Session Cache is not configured [hint: SSLSessionCache]
[Thu Jul 11 13:08:38.100413 2024] [mpm_winnt:notice] [pid 4248:tid 288] AH00455: Apache/2.4.3 (Win32) OpenSSL/1.0.1c PHP/5.4.7 configured -- resuming normal operations
[Thu Jul 11 13:08:38.100413 2024] [mpm_winnt:notice] [pid 4248:tid 288] AH00456: Server built: Aug 18 2012 12:41:37
[Thu Jul 11 13:08:38.100413 2024] [core:notice] [pid 4248:tid 288] AH00094: Command line: 'apache\\bin\\httpd.exe -d C:/SYSME/SGC/xampp/apache'
[Thu Jul 11 13:08:38.100413 2024] [mpm_winnt:notice] [pid 4248:tid 288] AH00418: Parent: Created child process 4628
[Thu Jul 11 13:08:38.975514 2024] [ssl:warn] [pid 4628:tid 292] AH01873: Init: Session Cache is not configured [hint: SSLSessionCache]
[Thu Jul 11 13:08:39.022392 2024] [mpm_winnt:notice] [pid 4628:tid 292] AH00354: Child: Starting 150 worker threads.
[Fri Jul 12 12:08:55.212275 2024] [core:warn] [pid 1744:tid 284] AH00098: pid file C:/SYSME/SGC/xampp/apache/logs/httpd.pid overwritten -- Unclean shutdown of previous Apache run?
[Fri Jul 12 12:08:55.509166 2024] [ssl:warn] [pid 1744:tid 284] AH01873: Init: Session Cache is not configured [hint: SSLSessionCache]
[Fri Jul 12 12:08:55.571670 2024] [mpm_winnt:notice] [pid 1744:tid 284] AH00455: Apache/2.4.3 (Win32) OpenSSL/1.0.1c PHP/5.4.7 configured -- resuming normal operations
[Fri Jul 12 12:08:55.571670 2024] [mpm_winnt:notice] [pid 1744:tid 284] AH00456: Server built: Aug 18 2012 12:41:37
[Fri Jul 12 12:08:55.571670 2024] [core:notice] [pid 1744:tid 284] AH00094: Command line: 'apache\\bin\\httpd.exe -d C:/SYSME/SGC/xampp/apache'
[Fri Jul 12 12:08:55.571670 2024] [mpm_winnt:notice] [pid 1744:tid 284] AH00418: Parent: Created child process 4560
[Fri Jul 12 12:08:56.477966 2024] [ssl:warn] [pid 4560:tid 292] AH01873: Init: Session Cache is not configured [hint: SSLSessionCache]
[Fri Jul 12 12:08:56.524844 2024] [mpm_winnt:notice] [pid 4560:tid 292] AH00354: Child: Starting 150 worker threads.
[Sat Jul 13 12:28:57.913209 2024] [core:warn] [pid 5112:tid 284] AH00098: pid file C:/SYSME/SGC/xampp/apache/logs/httpd.pid overwritten -- Unclean shutdown of previous Apache run?
[Sat Jul 13 12:28:58.241350 2024] [ssl:warn] [pid 5112:tid 284] AH01873: Init: Session Cache is not configured [hint: SSLSessionCache]
[Sat Jul 13 12:28:58.303853 2024] [mpm_winnt:notice] [pid 5112:tid 284] AH00455: Apache/2.4.3 (Win32) OpenSSL/1.0.1c PHP/5.4.7 configured -- resuming normal operations
[Sat Jul 13 12:28:58.303853 2024] [mpm_winnt:notice] [pid 5112:tid 284] AH00456: Server built: Aug 18 2012 12:41:37
[Sat Jul 13 12:28:58.303853 2024] [core:notice] [pid 5112:tid 284] AH00094: Command line: 'apache\\bin\\httpd.exe -d C:/SYSME/SGC/xampp/apache'
[Sat Jul 13 12:28:58.303853 2024] [mpm_winnt:notice] [pid 5112:tid 284] AH00418: Parent: Created child process 3104
[Sat Jul 13 12:28:59.194526 2024] [ssl:warn] [pid 3104:tid 292] AH01873: Init: Session Cache is not configured [hint: SSLSessionCache]
[Sat Jul 13 12:28:59.241402 2024] [mpm_winnt:notice] [pid 3104:tid 292] AH00354: Child: Starting 150 worker threads.
[Sun Jul 14 12:20:47.248047 2024] [core:warn] [pid 5788:tid 296] AH00098: pid file C:/SYSME/SGC/xampp/apache/logs/httpd.pid overwritten -- Unclean shutdown of previous Apache run?
[Sun Jul 14 12:20:47.638691 2024] [ssl:warn] [pid 5788:tid 296] AH01873: Init: Session Cache is not configured [hint: SSLSessionCache]
[Sun Jul 14 12:20:47.705587 2024] [mpm_winnt:notice] [pid 5788:tid 296] AH00455: Apache/2.4.3 (Win32) OpenSSL/1.0.1c PHP/5.4.7 configured -- resuming normal operations
[Sun Jul 14 12:20:47.705587 2024] [mpm_winnt:notice] [pid 5788:tid 296] AH00456: Server built: Aug 18 2012 12:41:37
[Sun Jul 14 12:20:47.705587 2024] [core:notice] [pid 5788:tid 296] AH00094: Command line: 'apache\\bin\\httpd.exe -d C:/SYSME/SGC/xampp/apache'
[Sun Jul 14 12:20:47.705587 2024] [mpm_winnt:notice] [pid 5788:tid 296] AH00418: Parent: Created child process 1484
[Sun Jul 14 12:20:49.230304 2024] [ssl:warn] [pid 1484:tid 296] AH01873: Init: Session Cache is not configured [hint: SSLSessionCache]
[Sun Jul 14 12:20:49.308433 2024] [mpm_winnt:notice] [pid 1484:tid 296] AH00354: Child: Starting 150 worker threads.
[Mon Jul 15 12:20:05.422379 2024] [core:warn] [pid 6000:tid 288] AH00098: pid file C:/SYSME/SGC/xampp/apache/logs/httpd.pid overwritten -- Unclean shutdown of previous Apache run?
[Mon Jul 15 12:20:05.766147 2024] [ssl:warn] [pid 6000:tid 288] AH01873: Init: Session Cache is not configured [hint: SSLSessionCache]
[Mon Jul 15 12:20:05.828651 2024] [mpm_winnt:notice] [pid 6000:tid 288] AH00455: Apache/2.4.3 (Win32) OpenSSL/1.0.1c PHP/5.4.7 configured -- resuming normal operations
[Mon Jul 15 12:20:05.828651 2024] [mpm_winnt:notice] [pid 6000:tid 288] AH00456: Server built: Aug 18 2012 12:41:37
[Mon Jul 15 12:20:05.828651 2024] [core:notice] [pid 6000:tid 288] AH00094: Command line: 'apache\\bin\\httpd.exe -d C:/SYSME/SGC/xampp/apache'
[Mon Jul 15 12:20:05.828651 2024] [mpm_winnt:notice] [pid 6000:tid 288] AH00418: Parent: Created child process 2376
[Mon Jul 15 12:20:06.891206 2024] [ssl:warn] [pid 2376:tid 292] AH01873: Init: Session Cache is not configured [hint: SSLSessionCache]
[Mon Jul 15 12:20:06.953710 2024] [mpm_winnt:notice] [pid 2376:tid 292] AH00354: Child: Starting 150 worker threads.
[Tue Jul 16 12:16:15.306385 2024] [core:warn] [pid 3832:tid 292] AH00098: pid file C:/SYSME/SGC/xampp/apache/logs/httpd.pid overwritten -- Unclean shutdown of previous Apache run?
[Tue Jul 16 12:16:15.650136 2024] [ssl:warn] [pid 3832:tid 292] AH01873: Init: Session Cache is not configured [hint: SSLSessionCache]
[Tue Jul 16 12:16:15.697012 2024] [mpm_winnt:notice] [pid 3832:tid 292] AH00455: Apache/2.4.3 (Win32) OpenSSL/1.0.1c PHP/5.4.7 configured -- resuming normal operations
[Tue Jul 16 12:16:15.697012 2024] [mpm_winnt:notice] [pid 3832:tid 292] AH00456: Server built: Aug 18 2012 12:41:37
[Tue Jul 16 12:16:15.697012 2024] [core:notice] [pid 3832:tid 292] AH00094: Command line: 'apache\\bin\\httpd.exe -d C:/SYSME/SGC/xampp/apache'
[Tue Jul 16 12:16:15.697012 2024] [mpm_winnt:notice] [pid 3832:tid 292] AH00418: Parent: Created child process 2392
[Tue Jul 16 12:16:16.556433 2024] [ssl:warn] [pid 2392:tid 292] AH01873: Init: Session Cache is not configured [hint: SSLSessionCache]
[Tue Jul 16 12:16:16.603311 2024] [mpm_winnt:notice] [pid 2392:tid 292] AH00354: Child: Starting 150 worker threads.
[Wed Jul 17 12:59:55.222199 2024] [core:warn] [pid 1976:tid 284] AH00098: pid file C:/SYSME/SGC/xampp/apache/logs/httpd.pid overwritten -- Unclean shutdown of previous Apache run?
[Wed Jul 17 12:59:55.644074 2024] [ssl:warn] [pid 1976:tid 284] AH01873: Init: Session Cache is not configured [hint: SSLSessionCache]
[Wed Jul 17 12:59:55.706578 2024] [mpm_winnt:notice] [pid 1976:tid 284] AH00455: Apache/2.4.3 (Win32) OpenSSL/1.0.1c PHP/5.4.7 configured -- resuming normal operations
[Wed Jul 17 12:59:55.706578 2024] [mpm_winnt:notice] [pid 1976:tid 284] AH00456: Server built: Aug 18 2012 12:41:37
[Wed Jul 17 12:59:55.706578 2024] [core:notice] [pid 1976:tid 284] AH00094: Command line: 'apache\\bin\\httpd.exe -d C:/SYSME/SGC/xampp/apache'
[Wed Jul 17 12:59:55.706578 2024] [mpm_winnt:notice] [pid 1976:tid 284] AH00418: Parent: Created child process 2744
[Wed Jul 17 12:59:56.519120 2024] [ssl:warn] [pid 2744:tid 292] AH01873: Init: Session Cache is not configured [hint: SSLSessionCache]
[Wed Jul 17 12:59:56.565998 2024] [mpm_winnt:notice] [pid 2744:tid 292] AH00354: Child: Starting 150 worker threads.
[Thu Jul 18 12:32:40.616007 2024] [core:warn] [pid 92:tid 292] AH00098: pid file C:/SYSME/SGC/xampp/apache/logs/httpd.pid overwritten -- Unclean shutdown of previous Apache run?
[Thu Jul 18 12:32:40.928522 2024] [ssl:warn] [pid 92:tid 292] AH01873: Init: Session Cache is not configured [hint: SSLSessionCache]
[Thu Jul 18 12:32:40.991026 2024] [mpm_winnt:notice] [pid 92:tid 292] AH00455: Apache/2.4.3 (Win32) OpenSSL/1.0.1c PHP/5.4.7 configured -- resuming normal operations
[Thu Jul 18 12:32:40.991026 2024] [mpm_winnt:notice] [pid 92:tid 292] AH00456: Server built: Aug 18 2012 12:41:37
[Thu Jul 18 12:32:40.991026 2024] [core:notice] [pid 92:tid 292] AH00094: Command line: 'apache\\bin\\httpd.exe -d C:/SYSME/SGC/xampp/apache'
[Thu Jul 18 12:32:40.991026 2024] [mpm_winnt:notice] [pid 92:tid 292] AH00418: Parent: Created child process 5412
[Thu Jul 18 12:32:41.850446 2024] [ssl:warn] [pid 5412:tid 296] AH01873: Init: Session Cache is not configured [hint: SSLSessionCache]
[Thu Jul 18 12:32:41.897323 2024] [mpm_winnt:notice] [pid 5412:tid 296] AH00354: Child: Starting 150 worker threads.
[Fri Jul 19 12:06:04.323303 2024] [core:warn] [pid 5288:tid 288] AH00098: pid file C:/SYSME/SGC/xampp/apache/logs/httpd.pid overwritten -- Unclean shutdown of previous Apache run?
[Fri Jul 19 12:06:04.635819 2024] [ssl:warn] [pid 5288:tid 288] AH01873: Init: Session Cache is not configured [hint: SSLSessionCache]
[Fri Jul 19 12:06:04.698324 2024] [mpm_winnt:notice] [pid 5288:tid 288] AH00455: Apache/2.4.3 (Win32) OpenSSL/1.0.1c PHP/5.4.7 configured -- resuming normal operations
[Fri Jul 19 12:06:04.698324 2024] [mpm_winnt:notice] [pid 5288:tid 288] AH00456: Server built: Aug 18 2012 12:41:37
[Fri Jul 19 12:06:04.698324 2024] [core:notice] [pid 5288:tid 288] AH00094: Command line: 'apache\\bin\\httpd.exe -d C:/SYSME/SGC/xampp/apache'
[Fri Jul 19 12:06:04.698324 2024] [mpm_winnt:notice] [pid 5288:tid 288] AH00418: Parent: Created child process 1560
[Fri Jul 19 12:06:05.807755 2024] [ssl:warn] [pid 1560:tid 296] AH01873: Init: Session Cache is not configured [hint: SSLSessionCache]
[Fri Jul 19 12:06:05.854634 2024] [mpm_winnt:notice] [pid 1560:tid 296] AH00354: Child: Starting 150 worker threads.
[Sat Jul 20 12:59:42.340871 2024] [core:warn] [pid 4708:tid 288] AH00098: pid file C:/SYSME/SGC/xampp/apache/logs/httpd.pid overwritten -- Unclean shutdown of previous Apache run?
[Sat Jul 20 12:59:42.658062 2024] [ssl:warn] [pid 4708:tid 288] AH01873: Init: Session Cache is not configured [hint: SSLSessionCache]
[Sat Jul 20 12:59:42.717103 2024] [mpm_winnt:notice] [pid 4708:tid 288] AH00455: Apache/2.4.3 (Win32) OpenSSL/1.0.1c PHP/5.4.7 configured -- resuming normal operations
[Sat Jul 20 12:59:42.717103 2024] [mpm_winnt:notice] [pid 4708:tid 288] AH00456: Server built: Aug 18 2012 12:41:37
[Sat Jul 20 12:59:42.717103 2024] [core:notice] [pid 4708:tid 288] AH00094: Command line: 'apache\\bin\\httpd.exe -d C:/SYSME/SGC/xampp/apache'
[Sat Jul 20 12:59:42.718103 2024] [mpm_winnt:notice] [pid 4708:tid 288] AH00418: Parent: Created child process 2328
[Sat Jul 20 12:59:43.587776 2024] [ssl:warn] [pid 2328:tid 292] AH01873: Init: Session Cache is not configured [hint: SSLSessionCache]
[Sat Jul 20 12:59:43.632807 2024] [mpm_winnt:notice] [pid 2328:tid 292] AH00354: Child: Starting 150 worker threads.
[Sun Jul 21 11:48:18.551439 2024] [core:warn] [pid 2424:tid 288] AH00098: pid file C:/SYSME/SGC/xampp/apache/logs/httpd.pid overwritten -- Unclean shutdown of previous Apache run?
[Sun Jul 21 11:48:18.879581 2024] [ssl:warn] [pid 2424:tid 288] AH01873: Init: Session Cache is not configured [hint: SSLSessionCache]
[Sun Jul 21 11:48:18.942085 2024] [mpm_winnt:notice] [pid 2424:tid 288] AH00455: Apache/2.4.3 (Win32) OpenSSL/1.0.1c PHP/5.4.7 configured -- resuming normal operations
[Sun Jul 21 11:48:18.942085 2024] [mpm_winnt:notice] [pid 2424:tid 288] AH00456: Server built: Aug 18 2012 12:41:37
[Sun Jul 21 11:48:18.942085 2024] [core:notice] [pid 2424:tid 288] AH00094: Command line: 'apache\\bin\\httpd.exe -d C:/SYSME/SGC/xampp/apache'
[Sun Jul 21 11:48:18.942085 2024] [mpm_winnt:notice] [pid 2424:tid 288] AH00418: Parent: Created child process 3592
[Sun Jul 21 11:48:19.864008 2024] [ssl:warn] [pid 3592:tid 268] AH01873: Init: Session Cache is not configured [hint: SSLSessionCache]
[Sun Jul 21 11:48:19.910886 2024] [mpm_winnt:notice] [pid 3592:tid 268] AH00354: Child: Starting 150 worker threads.
[Mon Jul 22 12:21:02.243588 2024] [core:warn] [pid 3160:tid 288] AH00098: pid file C:/SYSME/SGC/xampp/apache/logs/httpd.pid overwritten -- Unclean shutdown of previous Apache run?
[Mon Jul 22 12:21:02.727977 2024] [ssl:warn] [pid 3160:tid 288] AH01873: Init: Session Cache is not configured [hint: SSLSessionCache]
[Mon Jul 22 12:21:02.790479 2024] [mpm_winnt:notice] [pid 3160:tid 288] AH00455: Apache/2.4.3 (Win32) OpenSSL/1.0.1c PHP/5.4.7 configured -- resuming normal operations
[Mon Jul 22 12:21:02.790479 2024] [mpm_winnt:notice] [pid 3160:tid 288] AH00456: Server built: Aug 18 2012 12:41:37
[Mon Jul 22 12:21:02.790479 2024] [core:notice] [pid 3160:tid 288] AH00094: Command line: 'apache\\bin\\httpd.exe -d C:/SYSME/SGC/xampp/apache'
[Mon Jul 22 12:21:02.790479 2024] [mpm_winnt:notice] [pid 3160:tid 288] AH00418: Parent: Created child process 928
[Mon Jul 22 12:21:03.696778 2024] [ssl:warn] [pid 928:tid 292] AH01873: Init: Session Cache is not configured [hint: SSLSessionCache]
[Mon Jul 22 12:21:03.743653 2024] [mpm_winnt:notice] [pid 928:tid 292] AH00354: Child: Starting 150 worker threads.
[Tue Jul 23 12:34:42.907445 2024] [core:warn] [pid 3616:tid 292] AH00098: pid file C:/SYSME/SGC/xampp/apache/logs/httpd.pid overwritten -- Unclean shutdown of previous Apache run?
[Tue Jul 23 12:34:43.235586 2024] [ssl:warn] [pid 3616:tid 292] AH01873: Init: Session Cache is not configured [hint: SSLSessionCache]
[Tue Jul 23 12:34:43.298089 2024] [mpm_winnt:notice] [pid 3616:tid 292] AH00455: Apache/2.4.3 (Win32) OpenSSL/1.0.1c PHP/5.4.7 configured -- resuming normal operations
[Tue Jul 23 12:34:43.298089 2024] [mpm_winnt:notice] [pid 3616:tid 292] AH00456: Server built: Aug 18 2012 12:41:37
[Tue Jul 23 12:34:43.298089 2024] [core:notice] [pid 3616:tid 292] AH00094: Command line: 'apache\\bin\\httpd.exe -d C:/SYSME/SGC/xampp/apache'
[Tue Jul 23 12:34:43.298089 2024] [mpm_winnt:notice] [pid 3616:tid 292] AH00418: Parent: Created child process 2880
[Tue Jul 23 12:34:44.141883 2024] [ssl:warn] [pid 2880:tid 292] AH01873: Init: Session Cache is not configured [hint: SSLSessionCache]
[Tue Jul 23 12:34:44.188763 2024] [mpm_winnt:notice] [pid 2880:tid 292] AH00354: Child: Starting 150 worker threads.
[Wed Jul 24 13:11:24.205948 2024] [core:warn] [pid 3152:tid 292] AH00098: pid file C:/SYSME/SGC/xampp/apache/logs/httpd.pid overwritten -- Unclean shutdown of previous Apache run?
[Wed Jul 24 13:11:24.612219 2024] [ssl:warn] [pid 3152:tid 292] AH01873: Init: Session Cache is not configured [hint: SSLSessionCache]
[Wed Jul 24 13:11:24.659096 2024] [mpm_winnt:notice] [pid 3152:tid 292] AH00455: Apache/2.4.3 (Win32) OpenSSL/1.0.1c PHP/5.4.7 configured -- resuming normal operations
[Wed Jul 24 13:11:24.659096 2024] [mpm_winnt:notice] [pid 3152:tid 292] AH00456: Server built: Aug 18 2012 12:41:37
[Wed Jul 24 13:11:24.659096 2024] [core:notice] [pid 3152:tid 292] AH00094: Command line: 'apache\\bin\\httpd.exe -d C:/SYSME/SGC/xampp/apache'
[Wed Jul 24 13:11:24.674722 2024] [mpm_winnt:notice] [pid 3152:tid 292] AH00418: Parent: Created child process 2348
[Wed Jul 24 13:11:25.487265 2024] [ssl:warn] [pid 2348:tid 292] AH01873: Init: Session Cache is not configured [hint: SSLSessionCache]
[Wed Jul 24 13:11:25.534142 2024] [mpm_winnt:notice] [pid 2348:tid 292] AH00354: Child: Starting 150 worker threads.
[Thu Jul 25 12:31:55.854923 2024] [core:warn] [pid 3752:tid 208] AH00098: pid file C:/SYSME/SGC/xampp/apache/logs/httpd.pid overwritten -- Unclean shutdown of previous Apache run?
[Thu Jul 25 12:31:56.198691 2024] [ssl:warn] [pid 3752:tid 208] AH01873: Init: Session Cache is not configured [hint: SSLSessionCache]
[Thu Jul 25 12:31:56.261195 2024] [mpm_winnt:notice] [pid 3752:tid 208] AH00455: Apache/2.4.3 (Win32) OpenSSL/1.0.1c PHP/5.4.7 configured -- resuming normal operations
[Thu Jul 25 12:31:56.261195 2024] [mpm_winnt:notice] [pid 3752:tid 208] AH00456: Server built: Aug 18 2012 12:41:37
[Thu Jul 25 12:31:56.261195 2024] [core:notice] [pid 3752:tid 208] AH00094: Command line: 'apache\\bin\\httpd.exe -d C:/SYSME/SGC/xampp/apache'
[Thu Jul 25 12:31:56.261195 2024] [mpm_winnt:notice] [pid 3752:tid 208] AH00418: Parent: Created child process 48
[Thu Jul 25 12:31:57.120613 2024] [ssl:warn] [pid 48:tid 292] AH01873: Init: Session Cache is not configured [hint: SSLSessionCache]
[Thu Jul 25 12:31:57.167490 2024] [mpm_winnt:notice] [pid 48:tid 292] AH00354: Child: Starting 150 worker threads.
[Fri Jul 26 12:34:09.757441 2024] [core:warn] [pid 7264:tid 288] AH00098: pid file C:/SYSME/SGC/xampp/apache/logs/httpd.pid overwritten -- Unclean shutdown of previous Apache run?
[Fri Jul 26 12:34:10.054321 2024] [ssl:warn] [pid 7264:tid 288] AH01873: Init: Session Cache is not configured [hint: SSLSessionCache]
[Fri Jul 26 12:34:10.116824 2024] [mpm_winnt:notice] [pid 7264:tid 288] AH00455: Apache/2.4.3 (Win32) OpenSSL/1.0.1c PHP/5.4.7 configured -- resuming normal operations
[Fri Jul 26 12:34:10.116824 2024] [mpm_winnt:notice] [pid 7264:tid 288] AH00456: Server built: Aug 18 2012 12:41:37
[Fri Jul 26 12:34:10.116824 2024] [core:notice] [pid 7264:tid 288] AH00094: Command line: 'apache\\bin\\httpd.exe -d C:/SYSME/SGC/xampp/apache'
[Fri Jul 26 12:34:10.116824 2024] [mpm_winnt:notice] [pid 7264:tid 288] AH00418: Parent: Created child process 7000
[Fri Jul 26 12:34:11.054372 2024] [ssl:warn] [pid 7000:tid 296] AH01873: Init: Session Cache is not configured [hint: SSLSessionCache]
[Fri Jul 26 12:34:11.101250 2024] [mpm_winnt:notice] [pid 7000:tid 296] AH00354: Child: Starting 150 worker threads.
[Sat Jul 27 12:29:26.870613 2024] [core:warn] [pid 4536:tid 292] AH00098: pid file C:/SYSME/SGC/xampp/apache/logs/httpd.pid overwritten -- Unclean shutdown of previous Apache run?
[Sat Jul 27 12:29:27.245631 2024] [ssl:warn] [pid 4536:tid 292] AH01873: Init: Session Cache is not configured [hint: SSLSessionCache]
[Sat Jul 27 12:29:27.292510 2024] [mpm_winnt:notice] [pid 4536:tid 292] AH00455: Apache/2.4.3 (Win32) OpenSSL/1.0.1c PHP/5.4.7 configured -- resuming normal operations
[Sat Jul 27 12:29:27.292510 2024] [mpm_winnt:notice] [pid 4536:tid 292] AH00456: Server built: Aug 18 2012 12:41:37
[Sat Jul 27 12:29:27.292510 2024] [core:notice] [pid 4536:tid 292] AH00094: Command line: 'apache\\bin\\httpd.exe -d C:/SYSME/SGC/xampp/apache'
[Sat Jul 27 12:29:27.292510 2024] [mpm_winnt:notice] [pid 4536:tid 292] AH00418: Parent: Created child process 2064
[Sat Jul 27 12:29:28.214430 2024] [ssl:warn] [pid 2064:tid 296] AH01873: Init: Session Cache is not configured [hint: SSLSessionCache]
[Sat Jul 27 12:29:28.276934 2024] [mpm_winnt:notice] [pid 2064:tid 296] AH00354: Child: Starting 150 worker threads.
[Sun Jul 28 12:00:58.779148 2024] [core:warn] [pid 5924:tid 284] AH00098: pid file C:/SYSME/SGC/xampp/apache/logs/httpd.pid overwritten -- Unclean shutdown of previous Apache run?
[Sun Jul 28 12:00:59.122916 2024] [ssl:warn] [pid 5924:tid 284] AH01873: Init: Session Cache is not configured [hint: SSLSessionCache]
[Sun Jul 28 12:00:59.185420 2024] [mpm_winnt:notice] [pid 5924:tid 284] AH00455: Apache/2.4.3 (Win32) OpenSSL/1.0.1c PHP/5.4.7 configured -- resuming normal operations
[Sun Jul 28 12:00:59.185420 2024] [mpm_winnt:notice] [pid 5924:tid 284] AH00456: Server built: Aug 18 2012 12:41:37
[Sun Jul 28 12:00:59.185420 2024] [core:notice] [pid 5924:tid 284] AH00094: Command line: 'apache\\bin\\httpd.exe -d C:/SYSME/SGC/xampp/apache'
[Sun Jul 28 12:00:59.185420 2024] [mpm_winnt:notice] [pid 5924:tid 284] AH00418: Parent: Created child process 3220
[Sun Jul 28 12:01:00.044922 2024] [ssl:warn] [pid 3220:tid 296] AH01873: Init: Session Cache is not configured [hint: SSLSessionCache]
[Sun Jul 28 12:01:00.091802 2024] [mpm_winnt:notice] [pid 3220:tid 296] AH00354: Child: Starting 150 worker threads.
[Mon Jul 29 12:23:45.957134 2024] [core:warn] [pid 5224:tid 288] AH00098: pid file C:/SYSME/SGC/xampp/apache/logs/httpd.pid overwritten -- Unclean shutdown of previous Apache run?
[Mon Jul 29 12:23:46.269650 2024] [ssl:warn] [pid 5224:tid 288] AH01873: Init: Session Cache is not configured [hint: SSLSessionCache]
[Mon Jul 29 12:23:46.332154 2024] [mpm_winnt:notice] [pid 5224:tid 288] AH00455: Apache/2.4.3 (Win32) OpenSSL/1.0.1c PHP/5.4.7 configured -- resuming normal operations
[Mon Jul 29 12:23:46.332154 2024] [mpm_winnt:notice] [pid 5224:tid 288] AH00456: Server built: Aug 18 2012 12:41:37
[Mon Jul 29 12:23:46.332154 2024] [core:notice] [pid 5224:tid 288] AH00094: Command line: 'apache\\bin\\httpd.exe -d C:/SYSME/SGC/xampp/apache'
[Mon Jul 29 12:23:46.332154 2024] [mpm_winnt:notice] [pid 5224:tid 288] AH00418: Parent: Created child process 7448
[Mon Jul 29 12:23:47.332371 2024] [ssl:warn] [pid 7448:tid 296] AH01873: Init: Session Cache is not configured [hint: SSLSessionCache]
[Mon Jul 29 12:23:47.379248 2024] [mpm_winnt:notice] [pid 7448:tid 296] AH00354: Child: Starting 150 worker threads.
[Tue Jul 30 12:18:20.434677 2024] [core:warn] [pid 4372:tid 288] AH00098: pid file C:/SYSME/SGC/xampp/apache/logs/httpd.pid overwritten -- Unclean shutdown of previous Apache run?
[Tue Jul 30 12:18:20.715941 2024] [ssl:warn] [pid 4372:tid 288] AH01873: Init: Session Cache is not configured [hint: SSLSessionCache]
[Tue Jul 30 12:18:20.778443 2024] [mpm_winnt:notice] [pid 4372:tid 288] AH00455: Apache/2.4.3 (Win32) OpenSSL/1.0.1c PHP/5.4.7 configured -- resuming normal operations
[Tue Jul 30 12:18:20.778443 2024] [mpm_winnt:notice] [pid 4372:tid 288] AH00456: Server built: Aug 18 2012 12:41:37
[Tue Jul 30 12:18:20.778443 2024] [core:notice] [pid 4372:tid 288] AH00094: Command line: 'apache\\bin\\httpd.exe -d C:/SYSME/SGC/xampp/apache'
[Tue Jul 30 12:18:20.778443 2024] [mpm_winnt:notice] [pid 4372:tid 288] AH00418: Parent: Created child process 5308
[Tue Jul 30 12:18:21.762868 2024] [ssl:warn] [pid 5308:tid 292] AH01873: Init: Session Cache is not configured [hint: SSLSessionCache]
[Tue Jul 30 12:18:21.809748 2024] [mpm_winnt:notice] [pid 5308:tid 292] AH00354: Child: Starting 150 worker threads.
[Wed Jul 31 12:18:11.775646 2024] [core:warn] [pid 7392:tid 288] AH00098: pid file C:/SYSME/SGC/xampp/apache/logs/httpd.pid overwritten -- Unclean shutdown of previous Apache run?
[Wed Jul 31 12:18:12.103788 2024] [ssl:warn] [pid 7392:tid 288] AH01873: Init: Session Cache is not configured [hint: SSLSessionCache]
[Wed Jul 31 12:18:12.166293 2024] [mpm_winnt:notice] [pid 7392:tid 288] AH00455: Apache/2.4.3 (Win32) OpenSSL/1.0.1c PHP/5.4.7 configured -- resuming normal operations
[Wed Jul 31 12:18:12.166293 2024] [mpm_winnt:notice] [pid 7392:tid 288] AH00456: Server built: Aug 18 2012 12:41:37
[Wed Jul 31 12:18:12.166293 2024] [core:notice] [pid 7392:tid 288] AH00094: Command line: 'apache\\bin\\httpd.exe -d C:/SYSME/SGC/xampp/apache'
[Wed Jul 31 12:18:12.166293 2024] [mpm_winnt:notice] [pid 7392:tid 288] AH00418: Parent: Created child process 7104
[Wed Jul 31 12:18:13.103840 2024] [ssl:warn] [pid 7104:tid 296] AH01873: Init: Session Cache is not configured [hint: SSLSessionCache]
[Wed Jul 31 12:18:13.150720 2024] [mpm_winnt:notice] [pid 7104:tid 296] AH00354: Child: Starting 150 worker threads.
[Thu Aug 01 12:33:37.926590 2024] [core:warn] [pid 6740:tid 288] AH00098: pid file C:/SYSME/SGC/xampp/apache/logs/httpd.pid overwritten -- Unclean shutdown of previous Apache run?
[Thu Aug 01 12:33:38.254720 2024] [ssl:warn] [pid 6740:tid 288] AH01873: Init: Session Cache is not configured [hint: SSLSessionCache]
[Thu Aug 01 12:33:38.317223 2024] [mpm_winnt:notice] [pid 6740:tid 288] AH00455: Apache/2.4.3 (Win32) OpenSSL/1.0.1c PHP/5.4.7 configured -- resuming normal operations
[Thu Aug 01 12:33:38.317223 2024] [mpm_winnt:notice] [pid 6740:tid 288] AH00456: Server built: Aug 18 2012 12:41:37
[Thu Aug 01 12:33:38.317223 2024] [core:notice] [pid 6740:tid 288] AH00094: Command line: 'apache\\bin\\httpd.exe -d C:/SYSME/SGC/xampp/apache'
[Thu Aug 01 12:33:38.317223 2024] [mpm_winnt:notice] [pid 6740:tid 288] AH00418: Parent: Created child process 4560
[Thu Aug 01 12:33:39.161017 2024] [ssl:warn] [pid 4560:tid 296] AH01873: Init: Session Cache is not configured [hint: SSLSessionCache]
[Thu Aug 01 12:33:39.207895 2024] [mpm_winnt:notice] [pid 4560:tid 296] AH00354: Child: Starting 150 worker threads.
[Fri Aug 02 13:00:32.362206 2024] [core:warn] [pid 1576:tid 284] AH00098: pid file C:/SYSME/SGC/xampp/apache/logs/httpd.pid overwritten -- Unclean shutdown of previous Apache run?
[Fri Aug 02 13:00:32.690348 2024] [ssl:warn] [pid 1576:tid 284] AH01873: Init: Session Cache is not configured [hint: SSLSessionCache]
[Fri Aug 02 13:00:32.752851 2024] [mpm_winnt:notice] [pid 1576:tid 284] AH00455: Apache/2.4.3 (Win32) OpenSSL/1.0.1c PHP/5.4.7 configured -- resuming normal operations
[Fri Aug 02 13:00:32.752851 2024] [mpm_winnt:notice] [pid 1576:tid 284] AH00456: Server built: Aug 18 2012 12:41:37
[Fri Aug 02 13:00:32.752851 2024] [core:notice] [pid 1576:tid 284] AH00094: Command line: 'apache\\bin\\httpd.exe -d C:/SYSME/SGC/xampp/apache'
[Fri Aug 02 13:00:32.752851 2024] [mpm_winnt:notice] [pid 1576:tid 284] AH00418: Parent: Created child process 2296
[Fri Aug 02 13:00:34.081042 2024] [ssl:warn] [pid 2296:tid 292] AH01873: Init: Session Cache is not configured [hint: SSLSessionCache]
[Fri Aug 02 13:00:34.143545 2024] [mpm_winnt:notice] [pid 2296:tid 292] AH00354: Child: Starting 150 worker threads.
[Fri Aug 02 14:37:22.907859 2024] [core:warn] [pid 3100:tid 284] AH00098: pid file C:/SYSME/SGC/xampp/apache/logs/httpd.pid overwritten -- Unclean shutdown of previous Apache run?
[Fri Aug 02 14:37:23.236000 2024] [ssl:warn] [pid 3100:tid 284] AH01873: Init: Session Cache is not configured [hint: SSLSessionCache]
[Fri Aug 02 14:37:23.282878 2024] [mpm_winnt:notice] [pid 3100:tid 284] AH00455: Apache/2.4.3 (Win32) OpenSSL/1.0.1c PHP/5.4.7 configured -- resuming normal operations
[Fri Aug 02 14:37:23.282878 2024] [mpm_winnt:notice] [pid 3100:tid 284] AH00456: Server built: Aug 18 2012 12:41:37
[Fri Aug 02 14:37:23.282878 2024] [core:notice] [pid 3100:tid 284] AH00094: Command line: 'apache\\bin\\httpd.exe -d C:/SYSME/SGC/xampp/apache'
[Fri Aug 02 14:37:23.282878 2024] [mpm_winnt:notice] [pid 3100:tid 284] AH00418: Parent: Created child process 240
[Fri Aug 02 14:37:24.236052 2024] [ssl:warn] [pid 240:tid 292] AH01873: Init: Session Cache is not configured [hint: SSLSessionCache]
[Fri Aug 02 14:37:24.282930 2024] [mpm_winnt:notice] [pid 240:tid 292] AH00354: Child: Starting 150 worker threads.
[Sat Aug 03 12:33:03.379151 2024] [core:warn] [pid 3508:tid 288] AH00098: pid file C:/SYSME/SGC/xampp/apache/logs/httpd.pid overwritten -- Unclean shutdown of previous Apache run?
[Sat Aug 03 12:33:03.707293 2024] [ssl:warn] [pid 3508:tid 288] AH01873: Init: Session Cache is not configured [hint: SSLSessionCache]
[Sat Aug 03 12:33:03.769795 2024] [mpm_winnt:notice] [pid 3508:tid 288] AH00455: Apache/2.4.3 (Win32) OpenSSL/1.0.1c PHP/5.4.7 configured -- resuming normal operations
[Sat Aug 03 12:33:03.769795 2024] [mpm_winnt:notice] [pid 3508:tid 288] AH00456: Server built: Aug 18 2012 12:41:37
[Sat Aug 03 12:33:03.769795 2024] [core:notice] [pid 3508:tid 288] AH00094: Command line: 'apache\\bin\\httpd.exe -d C:/SYSME/SGC/xampp/apache'
[Sat Aug 03 12:33:03.769795 2024] [mpm_winnt:notice] [pid 3508:tid 288] AH00418: Parent: Created child process 284
[Sat Aug 03 12:33:04.722969 2024] [ssl:warn] [pid 284:tid 300] AH01873: Init: Session Cache is not configured [hint: SSLSessionCache]
[Sat Aug 03 12:33:04.769847 2024] [mpm_winnt:notice] [pid 284:tid 300] AH00354: Child: Starting 150 worker threads.
[Sun Aug 04 11:53:05.512469 2024] [core:warn] [pid 5892:tid 284] AH00098: pid file C:/SYSME/SGC/xampp/apache/logs/httpd.pid overwritten -- Unclean shutdown of previous Apache run?
[Sun Aug 04 11:53:05.840600 2024] [ssl:warn] [pid 5892:tid 284] AH01873: Init: Session Cache is not configured [hint: SSLSessionCache]
[Sun Aug 04 11:53:05.903102 2024] [mpm_winnt:notice] [pid 5892:tid 284] AH00455: Apache/2.4.3 (Win32) OpenSSL/1.0.1c PHP/5.4.7 configured -- resuming normal operations
[Sun Aug 04 11:53:05.903102 2024] [mpm_winnt:notice] [pid 5892:tid 284] AH00456: Server built: Aug 18 2012 12:41:37
[Sun Aug 04 11:53:05.903102 2024] [core:notice] [pid 5892:tid 284] AH00094: Command line: 'apache\\bin\\httpd.exe -d C:/SYSME/SGC/xampp/apache'
[Sun Aug 04 11:53:05.903102 2024] [mpm_winnt:notice] [pid 5892:tid 284] AH00418: Parent: Created child process 4020
[Sun Aug 04 11:53:06.793771 2024] [ssl:warn] [pid 4020:tid 292] AH01873: Init: Session Cache is not configured [hint: SSLSessionCache]
[Sun Aug 04 11:53:06.840650 2024] [mpm_winnt:notice] [pid 4020:tid 292] AH00354: Child: Starting 150 worker threads.
[Sun Aug 04 12:32:04.297762 2024] [core:warn] [pid 3856:tid 288] AH00098: pid file C:/SYSME/SGC/xampp/apache/logs/httpd.pid overwritten -- Unclean shutdown of previous Apache run?
[Sun Aug 04 12:32:04.579026 2024] [ssl:warn] [pid 3856:tid 288] AH01873: Init: Session Cache is not configured [hint: SSLSessionCache]
[Sun Aug 04 12:32:04.641530 2024] [mpm_winnt:notice] [pid 3856:tid 288] AH00455: Apache/2.4.3 (Win32) OpenSSL/1.0.1c PHP/5.4.7 configured -- resuming normal operations
[Sun Aug 04 12:32:04.641530 2024] [mpm_winnt:notice] [pid 3856:tid 288] AH00456: Server built: Aug 18 2012 12:41:37
[Sun Aug 04 12:32:04.641530 2024] [core:notice] [pid 3856:tid 288] AH00094: Command line: 'apache\\bin\\httpd.exe -d C:/SYSME/SGC/xampp/apache'
[Sun Aug 04 12:32:04.641530 2024] [mpm_winnt:notice] [pid 3856:tid 288] AH00418: Parent: Created child process 3868
[Sun Aug 04 12:32:05.672833 2024] [ssl:warn] [pid 3868:tid 304] AH01873: Init: Session Cache is not configured [hint: SSLSessionCache]
[Sun Aug 04 12:32:05.719712 2024] [mpm_winnt:notice] [pid 3868:tid 304] AH00354: Child: Starting 150 worker threads.
[Mon Aug 05 12:12:36.689435 2024] [core:warn] [pid 124:tid 292] AH00098: pid file C:/SYSME/SGC/xampp/apache/logs/httpd.pid overwritten -- Unclean shutdown of previous Apache run?
[Mon Aug 05 12:12:37.126957 2024] [ssl:warn] [pid 124:tid 292] AH01873: Init: Session Cache is not configured [hint: SSLSessionCache]
[Mon Aug 05 12:12:37.189464 2024] [mpm_winnt:notice] [pid 124:tid 292] AH00455: Apache/2.4.3 (Win32) OpenSSL/1.0.1c PHP/5.4.7 configured -- resuming normal operations
[Mon Aug 05 12:12:37.189464 2024] [mpm_winnt:notice] [pid 124:tid 292] AH00456: Server built: Aug 18 2012 12:41:37
[Mon Aug 05 12:12:37.189464 2024] [core:notice] [pid 124:tid 292] AH00094: Command line: 'apache\\bin\\httpd.exe -d C:/SYSME/SGC/xampp/apache'
[Mon Aug 05 12:12:37.189464 2024] [mpm_winnt:notice] [pid 124:tid 292] AH00418: Parent: Created child process 1088
[Mon Aug 05 12:12:38.002002 2024] [ssl:warn] [pid 1088:tid 296] AH01873: Init: Session Cache is not configured [hint: SSLSessionCache]
[Mon Aug 05 12:12:38.048880 2024] [mpm_winnt:notice] [pid 1088:tid 296] AH00354: Child: Starting 150 worker threads.
[Mon Aug 05 18:45:16.987229 2024] [core:warn] [pid 1728:tid 284] AH00098: pid file C:/SYSME/SGC/xampp/apache/logs/httpd.pid overwritten -- Unclean shutdown of previous Apache run?
[Mon Aug 05 18:45:17.310444 2024] [ssl:warn] [pid 1728:tid 284] AH01873: Init: Session Cache is not configured [hint: SSLSessionCache]
[Mon Aug 05 18:45:17.379492 2024] [mpm_winnt:notice] [pid 1728:tid 284] AH00455: Apache/2.4.3 (Win32) OpenSSL/1.0.1c PHP/5.4.7 configured -- resuming normal operations
[Mon Aug 05 18:45:17.379492 2024] [mpm_winnt:notice] [pid 1728:tid 284] AH00456: Server built: Aug 18 2012 12:41:37
[Mon Aug 05 18:45:17.379492 2024] [core:notice] [pid 1728:tid 284] AH00094: Command line: 'apache\\bin\\httpd.exe -d C:/SYSME/SGC/xampp/apache'
[Mon Aug 05 18:45:17.380492 2024] [mpm_winnt:notice] [pid 1728:tid 284] AH00418: Parent: Created child process 3300
[Mon Aug 05 18:45:18.357145 2024] [ssl:warn] [pid 3300:tid 300] AH01873: Init: Session Cache is not configured [hint: SSLSessionCache]
[Mon Aug 05 18:45:18.405177 2024] [mpm_winnt:notice] [pid 3300:tid 300] AH00354: Child: Starting 150 worker threads.
[Tue Aug 06 13:42:55.732669 2024] [core:warn] [pid 2832:tid 292] AH00098: pid file C:/SYSME/SGC/xampp/apache/logs/httpd.pid overwritten -- Unclean shutdown of previous Apache run?
[Tue Aug 06 13:42:56.060794 2024] [ssl:warn] [pid 2832:tid 292] AH01873: Init: Session Cache is not configured [hint: SSLSessionCache]
[Tue Aug 06 13:42:56.123299 2024] [mpm_winnt:notice] [pid 2832:tid 292] AH00455: Apache/2.4.3 (Win32) OpenSSL/1.0.1c PHP/5.4.7 configured -- resuming normal operations
[Tue Aug 06 13:42:56.123299 2024] [mpm_winnt:notice] [pid 2832:tid 292] AH00456: Server built: Aug 18 2012 12:41:37
[Tue Aug 06 13:42:56.123299 2024] [core:notice] [pid 2832:tid 292] AH00094: Command line: 'apache\\bin\\httpd.exe -d C:/SYSME/SGC/xampp/apache'
[Tue Aug 06 13:42:56.123299 2024] [mpm_winnt:notice] [pid 2832:tid 292] AH00418: Parent: Created child process 3436
[Tue Aug 06 13:42:56.935842 2024] [ssl:warn] [pid 3436:tid 292] AH01873: Init: Session Cache is not configured [hint: SSLSessionCache]
[Tue Aug 06 13:42:56.967095 2024] [mpm_winnt:notice] [pid 3436:tid 292] AH00354: Child: Starting 150 worker threads.
[Tue Aug 06 15:29:00.768786 2024] [core:warn] [pid 4072:tid 296] AH00098: pid file C:/SYSME/SGC/xampp/apache/logs/httpd.pid overwritten -- Unclean shutdown of previous Apache run?
[Tue Aug 06 15:29:01.081288 2024] [ssl:warn] [pid 4072:tid 296] AH01873: Init: Session Cache is not configured [hint: SSLSessionCache]
[Tue Aug 06 15:29:01.143794 2024] [mpm_winnt:notice] [pid 4072:tid 296] AH00455: Apache/2.4.3 (Win32) OpenSSL/1.0.1c PHP/5.4.7 configured -- resuming normal operations
[Tue Aug 06 15:29:01.143794 2024] [mpm_winnt:notice] [pid 4072:tid 296] AH00456: Server built: Aug 18 2012 12:41:37
[Tue Aug 06 15:29:01.143794 2024] [core:notice] [pid 4072:tid 296] AH00094: Command line: 'apache\\bin\\httpd.exe -d C:/SYSME/SGC/xampp/apache'
[Tue Aug 06 15:29:01.143794 2024] [mpm_winnt:notice] [pid 4072:tid 296] AH00418: Parent: Created child process 2548
[Tue Aug 06 15:29:02.315892 2024] [ssl:warn] [pid 2548:tid 292] AH01873: Init: Session Cache is not configured [hint: SSLSessionCache]
[Tue Aug 06 15:29:02.362771 2024] [mpm_winnt:notice] [pid 2548:tid 292] AH00354: Child: Starting 150 worker threads.
[Wed Aug 07 12:23:19.851914 2024] [core:warn] [pid 904:tid 296] AH00098: pid file C:/SYSME/SGC/xampp/apache/logs/httpd.pid overwritten -- Unclean shutdown of previous Apache run?
[Wed Aug 07 12:23:20.226917 2024] [ssl:warn] [pid 904:tid 296] AH01873: Init: Session Cache is not configured [hint: SSLSessionCache]
[Wed Aug 07 12:23:20.273796 2024] [mpm_winnt:notice] [pid 904:tid 296] AH00455: Apache/2.4.3 (Win32) OpenSSL/1.0.1c PHP/5.4.7 configured -- resuming normal operations
[Wed Aug 07 12:23:20.273796 2024] [mpm_winnt:notice] [pid 904:tid 296] AH00456: Server built: Aug 18 2012 12:41:37
[Wed Aug 07 12:23:20.273796 2024] [core:notice] [pid 904:tid 296] AH00094: Command line: 'apache\\bin\\httpd.exe -d C:/SYSME/SGC/xampp/apache'
[Wed Aug 07 12:23:20.273796 2024] [mpm_winnt:notice] [pid 904:tid 296] AH00418: Parent: Created child process 2480
[Wed Aug 07 12:23:21.211343 2024] [ssl:warn] [pid 2480:tid 296] AH01873: Init: Session Cache is not configured [hint: SSLSessionCache]
[Wed Aug 07 12:23:21.258221 2024] [mpm_winnt:notice] [pid 2480:tid 296] AH00354: Child: Starting 150 worker threads.
[Thu Aug 08 12:27:57.525706 2024] [core:warn] [pid 2284:tid 284] AH00098: pid file C:/SYSME/SGC/xampp/apache/logs/httpd.pid overwritten -- Unclean shutdown of previous Apache run?
[Thu Aug 08 12:27:57.838205 2024] [ssl:warn] [pid 2284:tid 284] AH01873: Init: Session Cache is not configured [hint: SSLSessionCache]
[Thu Aug 08 12:27:57.900709 2024] [mpm_winnt:notice] [pid 2284:tid 284] AH00455: Apache/2.4.3 (Win32) OpenSSL/1.0.1c PHP/5.4.7 configured -- resuming normal operations
[Thu Aug 08 12:27:57.900709 2024] [mpm_winnt:notice] [pid 2284:tid 284] AH00456: Server built: Aug 18 2012 12:41:37
[Thu Aug 08 12:27:57.900709 2024] [core:notice] [pid 2284:tid 284] AH00094: Command line: 'apache\\bin\\httpd.exe -d C:/SYSME/SGC/xampp/apache'
[Thu Aug 08 12:27:57.900709 2024] [mpm_winnt:notice] [pid 2284:tid 284] AH00418: Parent: Created child process 1084
[Thu Aug 08 12:27:58.807006 2024] [ssl:warn] [pid 1084:tid 292] AH01873: Init: Session Cache is not configured [hint: SSLSessionCache]
[Thu Aug 08 12:27:58.853882 2024] [mpm_winnt:notice] [pid 1084:tid 292] AH00354: Child: Starting 150 worker threads.
[Fri Aug 09 12:32:10.347971 2024] [core:warn] [pid 404:tid 300] AH00098: pid file C:/SYSME/SGC/xampp/apache/logs/httpd.pid overwritten -- Unclean shutdown of previous Apache run?
[Fri Aug 09 12:32:10.644851 2024] [ssl:warn] [pid 404:tid 300] AH01873: Init: Session Cache is not configured [hint: SSLSessionCache]
[Fri Aug 09 12:32:10.707355 2024] [mpm_winnt:notice] [pid 404:tid 300] AH00455: Apache/2.4.3 (Win32) OpenSSL/1.0.1c PHP/5.4.7 configured -- resuming normal operations
[Fri Aug 09 12:32:10.707355 2024] [mpm_winnt:notice] [pid 404:tid 300] AH00456: Server built: Aug 18 2012 12:41:37
[Fri Aug 09 12:32:10.707355 2024] [core:notice] [pid 404:tid 300] AH00094: Command line: 'apache\\bin\\httpd.exe -d C:/SYSME/SGC/xampp/apache'
[Fri Aug 09 12:32:10.707355 2024] [mpm_winnt:notice] [pid 404:tid 300] AH00418: Parent: Created child process 1984
[Fri Aug 09 12:32:11.613651 2024] [ssl:warn] [pid 1984:tid 292] AH01873: Init: Session Cache is not configured [hint: SSLSessionCache]
[Fri Aug 09 12:32:11.660530 2024] [mpm_winnt:notice] [pid 1984:tid 292] AH00354: Child: Starting 150 worker threads.
[Fri Aug 09 21:37:14.471608 2024] [core:warn] [pid 3696:tid 288] AH00098: pid file C:/SYSME/SGC/xampp/apache/logs/httpd.pid overwritten -- Unclean shutdown of previous Apache run?
[Fri Aug 09 21:37:14.752872 2024] [ssl:warn] [pid 3696:tid 288] AH01873: Init: Session Cache is not configured [hint: SSLSessionCache]
[Fri Aug 09 21:37:14.815377 2024] [mpm_winnt:notice] [pid 3696:tid 288] AH00455: Apache/2.4.3 (Win32) OpenSSL/1.0.1c PHP/5.4.7 configured -- resuming normal operations
[Fri Aug 09 21:37:14.815377 2024] [mpm_winnt:notice] [pid 3696:tid 288] AH00456: Server built: Aug 18 2012 12:41:37
[Fri Aug 09 21:37:14.815377 2024] [core:notice] [pid 3696:tid 288] AH00094: Command line: 'apache\\bin\\httpd.exe -d C:/SYSME/SGC/xampp/apache'
[Fri Aug 09 21:37:14.815377 2024] [mpm_winnt:notice] [pid 3696:tid 288] AH00418: Parent: Created child process 3708
[Fri Aug 09 21:37:15.799802 2024] [ssl:warn] [pid 3708:tid 304] AH01873: Init: Session Cache is not configured [hint: SSLSessionCache]
[Fri Aug 09 21:37:15.862305 2024] [mpm_winnt:notice] [pid 3708:tid 304] AH00354: Child: Starting 150 worker threads.
[Sat Aug 10 12:39:30.804931 2024] [core:warn] [pid 4972:tid 300] AH00098: pid file C:/SYSME/SGC/xampp/apache/logs/httpd.pid overwritten -- Unclean shutdown of previous Apache run?
[Sat Aug 10 12:39:31.178164 2024] [ssl:warn] [pid 4972:tid 300] AH01873: Init: Session Cache is not configured [hint: SSLSessionCache]
[Sat Aug 10 12:39:31.237204 2024] [mpm_winnt:notice] [pid 4972:tid 300] AH00455: Apache/2.4.3 (Win32) OpenSSL/1.0.1c PHP/5.4.7 configured -- resuming normal operations
[Sat Aug 10 12:39:31.237204 2024] [mpm_winnt:notice] [pid 4972:tid 300] AH00456: Server built: Aug 18 2012 12:41:37
[Sat Aug 10 12:39:31.237204 2024] [core:notice] [pid 4972:tid 300] AH00094: Command line: 'apache\\bin\\httpd.exe -d C:/SYSME/SGC/xampp/apache'
[Sat Aug 10 12:39:31.238204 2024] [mpm_winnt:notice] [pid 4972:tid 300] AH00418: Parent: Created child process 3320
[Sat Aug 10 12:39:32.201271 2024] [ssl:warn] [pid 3320:tid 292] AH01873: Init: Session Cache is not configured [hint: SSLSessionCache]
[Sat Aug 10 12:39:32.246302 2024] [mpm_winnt:notice] [pid 3320:tid 292] AH00354: Child: Starting 150 worker threads.
[Sun Aug 11 12:51:12.479097 2024] [core:warn] [pid 5268:tid 284] AH00098: pid file C:/SYSME/SGC/xampp/apache/logs/httpd.pid overwritten -- Unclean shutdown of previous Apache run?
[Sun Aug 11 12:51:12.802312 2024] [ssl:warn] [pid 5268:tid 284] AH01873: Init: Session Cache is not configured [hint: SSLSessionCache]
[Sun Aug 11 12:51:12.861353 2024] [mpm_winnt:notice] [pid 5268:tid 284] AH00455: Apache/2.4.3 (Win32) OpenSSL/1.0.1c PHP/5.4.7 configured -- resuming normal operations
[Sun Aug 11 12:51:12.861353 2024] [mpm_winnt:notice] [pid 5268:tid 284] AH00456: Server built: Aug 18 2012 12:41:37
[Sun Aug 11 12:51:12.861353 2024] [core:notice] [pid 5268:tid 284] AH00094: Command line: 'apache\\bin\\httpd.exe -d C:/SYSME/SGC/xampp/apache'
[Sun Aug 11 12:51:12.862354 2024] [mpm_winnt:notice] [pid 5268:tid 284] AH00418: Parent: Created child process 4156
[Sun Aug 11 12:51:14.052121 2024] [ssl:warn] [pid 4156:tid 296] AH01873: Init: Session Cache is not configured [hint: SSLSessionCache]
[Sun Aug 11 12:51:14.101155 2024] [mpm_winnt:notice] [pid 4156:tid 296] AH00354: Child: Starting 150 worker threads.
[Mon Aug 12 12:09:28.463109 2024] [core:warn] [pid 1532:tid 284] AH00098: pid file C:/SYSME/SGC/xampp/apache/logs/httpd.pid overwritten -- Unclean shutdown of previous Apache run?
[Mon Aug 12 12:09:28.791240 2024] [ssl:warn] [pid 1532:tid 284] AH01873: Init: Session Cache is not configured [hint: SSLSessionCache]
[Mon Aug 12 12:09:28.853742 2024] [mpm_winnt:notice] [pid 1532:tid 284] AH00455: Apache/2.4.3 (Win32) OpenSSL/1.0.1c PHP/5.4.7 configured -- resuming normal operations
[Mon Aug 12 12:09:28.853742 2024] [mpm_winnt:notice] [pid 1532:tid 284] AH00456: Server built: Aug 18 2012 12:41:37
[Mon Aug 12 12:09:28.853742 2024] [core:notice] [pid 1532:tid 284] AH00094: Command line: 'apache\\bin\\httpd.exe -d C:/SYSME/SGC/xampp/apache'
[Mon Aug 12 12:09:28.853742 2024] [mpm_winnt:notice] [pid 1532:tid 284] AH00418: Parent: Created child process 2424
[Mon Aug 12 12:09:29.744415 2024] [ssl:warn] [pid 2424:tid 292] AH01873: Init: Session Cache is not configured [hint: SSLSessionCache]
[Mon Aug 12 12:09:29.791292 2024] [mpm_winnt:notice] [pid 2424:tid 292] AH00354: Child: Starting 150 worker threads.
[Tue Aug 13 13:08:15.986819 2024] [core:warn] [pid 5448:tid 284] AH00098: pid file C:/SYSME/SGC/xampp/apache/logs/httpd.pid overwritten -- Unclean shutdown of previous Apache run?
[Tue Aug 13 13:08:16.424341 2024] [ssl:warn] [pid 5448:tid 284] AH01873: Init: Session Cache is not configured [hint: SSLSessionCache]
[Tue Aug 13 13:08:16.486844 2024] [mpm_winnt:notice] [pid 5448:tid 284] AH00455: Apache/2.4.3 (Win32) OpenSSL/1.0.1c PHP/5.4.7 configured -- resuming normal operations
[Tue Aug 13 13:08:16.486844 2024] [mpm_winnt:notice] [pid 5448:tid 284] AH00456: Server built: Aug 18 2012 12:41:37
[Tue Aug 13 13:08:16.486844 2024] [core:notice] [pid 5448:tid 284] AH00094: Command line: 'apache\\bin\\httpd.exe -d C:/SYSME/SGC/xampp/apache'
[Tue Aug 13 13:08:16.486844 2024] [mpm_winnt:notice] [pid 5448:tid 284] AH00418: Parent: Created child process 4964
[Tue Aug 13 13:08:17.596276 2024] [ssl:warn] [pid 4964:tid 292] AH01873: Init: Session Cache is not configured [hint: SSLSessionCache]
[Tue Aug 13 13:08:17.643154 2024] [mpm_winnt:notice] [pid 4964:tid 292] AH00354: Child: Starting 150 worker threads.
[Wed Aug 14 12:16:31.781009 2024] [core:warn] [pid 2656:tid 288] AH00098: pid file C:/SYSME/SGC/xampp/apache/logs/httpd.pid overwritten -- Unclean shutdown of previous Apache run?
[Wed Aug 14 12:16:32.124777 2024] [ssl:warn] [pid 2656:tid 288] AH01873: Init: Session Cache is not configured [hint: SSLSessionCache]
[Wed Aug 14 12:16:32.187283 2024] [mpm_winnt:notice] [pid 2656:tid 288] AH00455: Apache/2.4.3 (Win32) OpenSSL/1.0.1c PHP/5.4.7 configured -- resuming normal operations
[Wed Aug 14 12:16:32.187283 2024] [mpm_winnt:notice] [pid 2656:tid 288] AH00456: Server built: Aug 18 2012 12:41:37
[Wed Aug 14 12:16:32.187283 2024] [core:notice] [pid 2656:tid 288] AH00094: Command line: 'apache\\bin\\httpd.exe -d C:/SYSME/SGC/xampp/apache'
[Wed Aug 14 12:16:32.187283 2024] [mpm_winnt:notice] [pid 2656:tid 288] AH00418: Parent: Created child process 4332
[Wed Aug 14 12:16:33.093578 2024] [ssl:warn] [pid 4332:tid 292] AH01873: Init: Session Cache is not configured [hint: SSLSessionCache]
[Wed Aug 14 12:16:33.140458 2024] [mpm_winnt:notice] [pid 4332:tid 292] AH00354: Child: Starting 150 worker threads.
[Wed Aug 14 13:15:18.156585 2024] [core:warn] [pid 4056:tid 296] AH00098: pid file C:/SYSME/SGC/xampp/apache/logs/httpd.pid overwritten -- Unclean shutdown of previous Apache run?
[Wed Aug 14 13:15:18.484725 2024] [ssl:warn] [pid 4056:tid 296] AH01873: Init: Session Cache is not configured [hint: SSLSessionCache]
[Wed Aug 14 13:15:18.547231 2024] [mpm_winnt:notice] [pid 4056:tid 296] AH00455: Apache/2.4.3 (Win32) OpenSSL/1.0.1c PHP/5.4.7 configured -- resuming normal operations
[Wed Aug 14 13:15:18.547231 2024] [mpm_winnt:notice] [pid 4056:tid 296] AH00456: Server built: Aug 18 2012 12:41:37
[Wed Aug 14 13:15:18.547231 2024] [core:notice] [pid 4056:tid 296] AH00094: Command line: 'apache\\bin\\httpd.exe -d C:/SYSME/SGC/xampp/apache'
[Wed Aug 14 13:15:18.547231 2024] [mpm_winnt:notice] [pid 4056:tid 296] AH00418: Parent: Created child process 1076
[Wed Aug 14 13:15:19.391022 2024] [ssl:warn] [pid 1076:tid 296] AH01873: Init: Session Cache is not configured [hint: SSLSessionCache]
[Wed Aug 14 13:15:19.437903 2024] [mpm_winnt:notice] [pid 1076:tid 296] AH00354: Child: Starting 150 worker threads.
[Thu Aug 15 12:29:09.198772 2024] [core:warn] [pid 2796:tid 288] AH00098: pid file C:/SYSME/SGC/xampp/apache/logs/httpd.pid overwritten -- Unclean shutdown of previous Apache run?
[Thu Aug 15 12:29:09.683173 2024] [ssl:warn] [pid 2796:tid 288] AH01873: Init: Session Cache is not configured [hint: SSLSessionCache]
[Thu Aug 15 12:29:09.776927 2024] [mpm_winnt:notice] [pid 2796:tid 288] AH00455: Apache/2.4.3 (Win32) OpenSSL/1.0.1c PHP/5.4.7 configured -- resuming normal operations
[Thu Aug 15 12:29:09.776927 2024] [mpm_winnt:notice] [pid 2796:tid 288] AH00456: Server built: Aug 18 2012 12:41:37
[Thu Aug 15 12:29:09.776927 2024] [core:notice] [pid 2796:tid 288] AH00094: Command line: 'apache\\bin\\httpd.exe -d C:/SYSME/SGC/xampp/apache'
[Thu Aug 15 12:29:09.776927 2024] [mpm_winnt:notice] [pid 2796:tid 288] AH00418: Parent: Created child process 5252
[Thu Aug 15 12:29:10.761353 2024] [ssl:warn] [pid 5252:tid 292] AH01873: Init: Session Cache is not configured [hint: SSLSessionCache]
[Thu Aug 15 12:29:10.808233 2024] [mpm_winnt:notice] [pid 5252:tid 292] AH00354: Child: Starting 150 worker threads.
[Fri Aug 16 12:35:01.678816 2024] [core:warn] [pid 2584:tid 308] AH00098: pid file C:/SYSME/SGC/xampp/apache/logs/httpd.pid overwritten -- Unclean shutdown of previous Apache run?
[Fri Aug 16 12:35:02.133067 2024] [ssl:warn] [pid 2584:tid 308] AH01873: Init: Session Cache is not configured [hint: SSLSessionCache]
[Fri Aug 16 12:35:02.192108 2024] [mpm_winnt:notice] [pid 2584:tid 308] AH00455: Apache/2.4.3 (Win32) OpenSSL/1.0.1c PHP/5.4.7 configured -- resuming normal operations
[Fri Aug 16 12:35:02.192108 2024] [mpm_winnt:notice] [pid 2584:tid 308] AH00456: Server built: Aug 18 2012 12:41:37
[Fri Aug 16 12:35:02.192108 2024] [core:notice] [pid 2584:tid 308] AH00094: Command line: 'apache\\bin\\httpd.exe -d C:/SYSME/SGC/xampp/apache'
[Fri Aug 16 12:35:02.193109 2024] [mpm_winnt:notice] [pid 2584:tid 308] AH00418: Parent: Created child process 2136
[Fri Aug 16 12:35:03.053709 2024] [ssl:warn] [pid 2136:tid 292] AH01873: Init: Session Cache is not configured [hint: SSLSessionCache]
[Fri Aug 16 12:35:03.100741 2024] [mpm_winnt:notice] [pid 2136:tid 292] AH00354: Child: Starting 150 worker threads.
[Sat Aug 17 12:28:55.157920 2024] [core:warn] [pid 3008:tid 292] AH00098: pid file C:/SYSME/SGC/xampp/apache/logs/httpd.pid overwritten -- Unclean shutdown of previous Apache run?
[Sat Aug 17 12:28:55.501688 2024] [ssl:warn] [pid 3008:tid 292] AH01873: Init: Session Cache is not configured [hint: SSLSessionCache]
[Sat Aug 17 12:28:55.564190 2024] [mpm_winnt:notice] [pid 3008:tid 292] AH00455: Apache/2.4.3 (Win32) OpenSSL/1.0.1c PHP/5.4.7 configured -- resuming normal operations
[Sat Aug 17 12:28:55.564190 2024] [mpm_winnt:notice] [pid 3008:tid 292] AH00456: Server built: Aug 18 2012 12:41:37
[Sat Aug 17 12:28:55.564190 2024] [core:notice] [pid 3008:tid 292] AH00094: Command line: 'apache\\bin\\httpd.exe -d C:/SYSME/SGC/xampp/apache'
[Sat Aug 17 12:28:55.564190 2024] [mpm_winnt:notice] [pid 3008:tid 292] AH00418: Parent: Created child process 1388
[Sat Aug 17 12:28:56.439390 2024] [ssl:warn] [pid 1388:tid 292] AH01873: Init: Session Cache is not configured [hint: SSLSessionCache]
[Sat Aug 17 12:28:56.486269 2024] [mpm_winnt:notice] [pid 1388:tid 292] AH00354: Child: Starting 150 worker threads.
[Sun Aug 18 12:27:10.435226 2024] [core:warn] [pid 692:tid 288] AH00098: pid file C:/SYSME/SGC/xampp/apache/logs/httpd.pid overwritten -- Unclean shutdown of previous Apache run?
[Sun Aug 18 12:27:10.778994 2024] [ssl:warn] [pid 692:tid 288] AH01873: Init: Session Cache is not configured [hint: SSLSessionCache]
[Sun Aug 18 12:27:10.825871 2024] [mpm_winnt:notice] [pid 692:tid 288] AH00455: Apache/2.4.3 (Win32) OpenSSL/1.0.1c PHP/5.4.7 configured -- resuming normal operations
[Sun Aug 18 12:27:10.825871 2024] [mpm_winnt:notice] [pid 692:tid 288] AH00456: Server built: Aug 18 2012 12:41:37
[Sun Aug 18 12:27:10.825871 2024] [core:notice] [pid 692:tid 288] AH00094: Command line: 'apache\\bin\\httpd.exe -d C:/SYSME/SGC/xampp/apache'
[Sun Aug 18 12:27:10.841497 2024] [mpm_winnt:notice] [pid 692:tid 288] AH00418: Parent: Created child process 4188
[Sun Aug 18 12:27:11.685289 2024] [ssl:warn] [pid 4188:tid 296] AH01873: Init: Session Cache is not configured [hint: SSLSessionCache]
[Sun Aug 18 12:27:11.732168 2024] [mpm_winnt:notice] [pid 4188:tid 296] AH00354: Child: Starting 150 worker threads.
[Mon Aug 19 13:55:00.020255 2024] [core:warn] [pid 560:tid 288] AH00098: pid file C:/SYSME/SGC/xampp/apache/logs/httpd.pid overwritten -- Unclean shutdown of previous Apache run?
[Mon Aug 19 13:55:00.327460 2024] [ssl:warn] [pid 560:tid 288] AH01873: Init: Session Cache is not configured [hint: SSLSessionCache]
[Mon Aug 19 13:55:00.388501 2024] [mpm_winnt:notice] [pid 560:tid 288] AH00455: Apache/2.4.3 (Win32) OpenSSL/1.0.1c PHP/5.4.7 configured -- resuming normal operations
[Mon Aug 19 13:55:00.388501 2024] [mpm_winnt:notice] [pid 560:tid 288] AH00456: Server built: Aug 18 2012 12:41:37
[Mon Aug 19 13:55:00.388501 2024] [core:notice] [pid 560:tid 288] AH00094: Command line: 'apache\\bin\\httpd.exe -d C:/SYSME/SGC/xampp/apache'
[Mon Aug 19 13:55:00.389502 2024] [mpm_winnt:notice] [pid 560:tid 288] AH00418: Parent: Created child process 5628
[Mon Aug 19 13:55:01.295430 2024] [ssl:warn] [pid 5628:tid 292] AH01873: Init: Session Cache is not configured [hint: SSLSessionCache]
[Mon Aug 19 13:55:01.346462 2024] [mpm_winnt:notice] [pid 5628:tid 292] AH00354: Child: Starting 150 worker threads.
[Tue Aug 20 12:22:23.690832 2024] [core:warn] [pid 2520:tid 288] AH00098: pid file C:/SYSME/SGC/xampp/apache/logs/httpd.pid overwritten -- Unclean shutdown of previous Apache run?
[Tue Aug 20 12:22:24.237733 2024] [ssl:warn] [pid 2520:tid 288] AH01873: Init: Session Cache is not configured [hint: SSLSessionCache]
[Tue Aug 20 12:22:24.300237 2024] [mpm_winnt:notice] [pid 2520:tid 288] AH00455: Apache/2.4.3 (Win32) OpenSSL/1.0.1c PHP/5.4.7 configured -- resuming normal operations
[Tue Aug 20 12:22:24.300237 2024] [mpm_winnt:notice] [pid 2520:tid 288] AH00456: Server built: Aug 18 2012 12:41:37
[Tue Aug 20 12:22:24.300237 2024] [core:notice] [pid 2520:tid 288] AH00094: Command line: 'apache\\bin\\httpd.exe -d C:/SYSME/SGC/xampp/apache'
[Tue Aug 20 12:22:24.300237 2024] [mpm_winnt:notice] [pid 2520:tid 288] AH00418: Parent: Created child process 2784
[Tue Aug 20 12:22:25.190907 2024] [ssl:warn] [pid 2784:tid 312] AH01873: Init: Session Cache is not configured [hint: SSLSessionCache]
[Tue Aug 20 12:22:25.253412 2024] [mpm_winnt:notice] [pid 2784:tid 312] AH00354: Child: Starting 150 worker threads.
[Wed Aug 21 12:29:39.917830 2024] [core:warn] [pid 2600:tid 292] AH00098: pid file C:/SYSME/SGC/xampp/apache/logs/httpd.pid overwritten -- Unclean shutdown of previous Apache run?
[Wed Aug 21 12:29:40.245953 2024] [ssl:warn] [pid 2600:tid 292] AH01873: Init: Session Cache is not configured [hint: SSLSessionCache]
[Wed Aug 21 12:29:40.292832 2024] [mpm_winnt:notice] [pid 2600:tid 292] AH00455: Apache/2.4.3 (Win32) OpenSSL/1.0.1c PHP/5.4.7 configured -- resuming normal operations
[Wed Aug 21 12:29:40.292832 2024] [mpm_winnt:notice] [pid 2600:tid 292] AH00456: Server built: Aug 18 2012 12:41:37
[Wed Aug 21 12:29:40.292832 2024] [core:notice] [pid 2600:tid 292] AH00094: Command line: 'apache\\bin\\httpd.exe -d C:/SYSME/SGC/xampp/apache'
[Wed Aug 21 12:29:40.292832 2024] [mpm_winnt:notice] [pid 2600:tid 292] AH00418: Parent: Created child process 3292
[Wed Aug 21 12:29:41.261632 2024] [ssl:warn] [pid 3292:tid 292] AH01873: Init: Session Cache is not configured [hint: SSLSessionCache]
[Wed Aug 21 12:29:41.308509 2024] [mpm_winnt:notice] [pid 3292:tid 292] AH00354: Child: Starting 150 worker threads.
[Thu Aug 22 12:30:54.273828 2024] [core:warn] [pid 1004:tid 284] AH00098: pid file C:/SYSME/SGC/xampp/apache/logs/httpd.pid overwritten -- Unclean shutdown of previous Apache run?
[Thu Aug 22 12:30:54.586343 2024] [ssl:warn] [pid 1004:tid 284] AH01873: Init: Session Cache is not configured [hint: SSLSessionCache]
[Thu Aug 22 12:30:54.648848 2024] [mpm_winnt:notice] [pid 1004:tid 284] AH00455: Apache/2.4.3 (Win32) OpenSSL/1.0.1c PHP/5.4.7 configured -- resuming normal operations
[Thu Aug 22 12:30:54.648848 2024] [mpm_winnt:notice] [pid 1004:tid 284] AH00456: Server built: Aug 18 2012 12:41:37
[Thu Aug 22 12:30:54.648848 2024] [core:notice] [pid 1004:tid 284] AH00094: Command line: 'apache\\bin\\httpd.exe -d C:/SYSME/SGC/xampp/apache'
[Thu Aug 22 12:30:54.648848 2024] [mpm_winnt:notice] [pid 1004:tid 284] AH00418: Parent: Created child process 2304
[Thu Aug 22 12:30:55.555142 2024] [ssl:warn] [pid 2304:tid 296] AH01873: Init: Session Cache is not configured [hint: SSLSessionCache]
[Thu Aug 22 12:30:55.602021 2024] [mpm_winnt:notice] [pid 2304:tid 296] AH00354: Child: Starting 150 worker threads.
[Fri Aug 23 11:57:09.666634 2024] [core:warn] [pid 948:tid 296] AH00098: pid file C:/SYSME/SGC/xampp/apache/logs/httpd.pid overwritten -- Unclean shutdown of previous Apache run?
[Fri Aug 23 11:57:10.026025 2024] [ssl:warn] [pid 948:tid 296] AH01873: Init: Session Cache is not configured [hint: SSLSessionCache]
[Fri Aug 23 11:57:10.072903 2024] [mpm_winnt:notice] [pid 948:tid 296] AH00455: Apache/2.4.3 (Win32) OpenSSL/1.0.1c PHP/5.4.7 configured -- resuming normal operations
[Fri Aug 23 11:57:10.072903 2024] [mpm_winnt:notice] [pid 948:tid 296] AH00456: Server built: Aug 18 2012 12:41:37
[Fri Aug 23 11:57:10.072903 2024] [core:notice] [pid 948:tid 296] AH00094: Command line: 'apache\\bin\\httpd.exe -d C:/SYSME/SGC/xampp/apache'
[Fri Aug 23 11:57:10.072903 2024] [mpm_winnt:notice] [pid 948:tid 296] AH00418: Parent: Created child process 320
[Fri Aug 23 11:57:11.057331 2024] [ssl:warn] [pid 320:tid 292] AH01873: Init: Session Cache is not configured [hint: SSLSessionCache]
[Fri Aug 23 11:57:11.104207 2024] [mpm_winnt:notice] [pid 320:tid 292] AH00354: Child: Starting 150 worker threads.
[Sat Aug 24 11:55:51.393290 2024] [core:warn] [pid 8012:tid 296] AH00098: pid file C:/SYSME/SGC/xampp/apache/logs/httpd.pid overwritten -- Unclean shutdown of previous Apache run?
[Sat Aug 24 11:55:51.705787 2024] [ssl:warn] [pid 8012:tid 296] AH01873: Init: Session Cache is not configured [hint: SSLSessionCache]
[Sat Aug 24 11:55:51.768293 2024] [mpm_winnt:notice] [pid 8012:tid 296] AH00455: Apache/2.4.3 (Win32) OpenSSL/1.0.1c PHP/5.4.7 configured -- resuming normal operations
[Sat Aug 24 11:55:51.768293 2024] [mpm_winnt:notice] [pid 8012:tid 296] AH00456: Server built: Aug 18 2012 12:41:37
[Sat Aug 24 11:55:51.768293 2024] [core:notice] [pid 8012:tid 296] AH00094: Command line: 'apache\\bin\\httpd.exe -d C:/SYSME/SGC/xampp/apache'
[Sat Aug 24 11:55:51.768293 2024] [mpm_winnt:notice] [pid 8012:tid 296] AH00418: Parent: Created child process 6076
[Sat Aug 24 11:55:52.674588 2024] [ssl:warn] [pid 6076:tid 292] AH01873: Init: Session Cache is not configured [hint: SSLSessionCache]
[Sat Aug 24 11:55:52.721465 2024] [mpm_winnt:notice] [pid 6076:tid 292] AH00354: Child: Starting 150 worker threads.
[Sun Aug 25 12:08:32.581444 2024] [core:warn] [pid 7672:tid 288] AH00098: pid file C:/SYSME/SGC/xampp/apache/logs/httpd.pid overwritten -- Unclean shutdown of previous Apache run?
[Sun Aug 25 12:08:32.909575 2024] [ssl:warn] [pid 7672:tid 288] AH01873: Init: Session Cache is not configured [hint: SSLSessionCache]
[Sun Aug 25 12:08:32.987703 2024] [mpm_winnt:notice] [pid 7672:tid 288] AH00455: Apache/2.4.3 (Win32) OpenSSL/1.0.1c PHP/5.4.7 configured -- resuming normal operations
[Sun Aug 25 12:08:32.987703 2024] [mpm_winnt:notice] [pid 7672:tid 288] AH00456: Server built: Aug 18 2012 12:41:37
[Sun Aug 25 12:08:32.987703 2024] [core:notice] [pid 7672:tid 288] AH00094: Command line: 'apache\\bin\\httpd.exe -d C:/SYSME/SGC/xampp/apache'
[Sun Aug 25 12:08:32.987703 2024] [mpm_winnt:notice] [pid 7672:tid 288] AH00418: Parent: Created child process 7504
[Sun Aug 25 12:08:33.894000 2024] [ssl:warn] [pid 7504:tid 292] AH01873: Init: Session Cache is not configured [hint: SSLSessionCache]
[Sun Aug 25 12:08:33.940877 2024] [mpm_winnt:notice] [pid 7504:tid 292] AH00354: Child: Starting 150 worker threads.
[Mon Aug 26 12:14:31.806828 2024] [core:warn] [pid 6888:tid 296] AH00098: pid file C:/SYSME/SGC/xampp/apache/logs/httpd.pid overwritten -- Unclean shutdown of previous Apache run?
[Mon Aug 26 12:14:32.103717 2024] [ssl:warn] [pid 6888:tid 296] AH01873: Init: Session Cache is not configured [hint: SSLSessionCache]
[Mon Aug 26 12:14:32.166222 2024] [mpm_winnt:notice] [pid 6888:tid 296] AH00455: Apache/2.4.3 (Win32) OpenSSL/1.0.1c PHP/5.4.7 configured -- resuming normal operations
[Mon Aug 26 12:14:32.166222 2024] [mpm_winnt:notice] [pid 6888:tid 296] AH00456: Server built: Aug 18 2012 12:41:37
[Mon Aug 26 12:14:32.166222 2024] [core:notice] [pid 6888:tid 296] AH00094: Command line: 'apache\\bin\\httpd.exe -d C:/SYSME/SGC/xampp/apache'
[Mon Aug 26 12:14:32.166222 2024] [mpm_winnt:notice] [pid 6888:tid 296] AH00418: Parent: Created child process 1164
[Mon Aug 26 12:14:33.103769 2024] [ssl:warn] [pid 1164:tid 292] AH01873: Init: Session Cache is not configured [hint: SSLSessionCache]
[Mon Aug 26 12:14:33.150647 2024] [mpm_winnt:notice] [pid 1164:tid 292] AH00354: Child: Starting 150 worker threads.
[Tue Aug 27 12:20:18.954388 2024] [core:warn] [pid 7700:tid 292] AH00098: pid file C:/SYSME/SGC/xampp/apache/logs/httpd.pid overwritten -- Unclean shutdown of previous Apache run?
[Tue Aug 27 12:20:19.360656 2024] [ssl:warn] [pid 7700:tid 292] AH01873: Init: Session Cache is not configured [hint: SSLSessionCache]
[Tue Aug 27 12:20:19.407535 2024] [mpm_winnt:notice] [pid 7700:tid 292] AH00455: Apache/2.4.3 (Win32) OpenSSL/1.0.1c PHP/5.4.7 configured -- resuming normal operations
[Tue Aug 27 12:20:19.407535 2024] [mpm_winnt:notice] [pid 7700:tid 292] AH00456: Server built: Aug 18 2012 12:41:37
[Tue Aug 27 12:20:19.407535 2024] [core:notice] [pid 7700:tid 292] AH00094: Command line: 'apache\\bin\\httpd.exe -d C:/SYSME/SGC/xampp/apache'
[Tue Aug 27 12:20:19.407535 2024] [mpm_winnt:notice] [pid 7700:tid 292] AH00418: Parent: Created child process 4764
[Tue Aug 27 12:20:20.345083 2024] [ssl:warn] [pid 4764:tid 292] AH01873: Init: Session Cache is not configured [hint: SSLSessionCache]
[Tue Aug 27 12:20:20.391963 2024] [mpm_winnt:notice] [pid 4764:tid 292] AH00354: Child: Starting 150 worker threads.
[Tue Aug 27 16:49:27.455148 2024] [core:warn] [pid 3552:tid 284] AH00098: pid file C:/SYSME/SGC/xampp/apache/logs/httpd.pid overwritten -- Unclean shutdown of previous Apache run?
[Tue Aug 27 16:49:27.752027 2024] [ssl:warn] [pid 3552:tid 284] AH01873: Init: Session Cache is not configured [hint: SSLSessionCache]
[Tue Aug 27 16:49:27.814532 2024] [mpm_winnt:notice] [pid 3552:tid 284] AH00455: Apache/2.4.3 (Win32) OpenSSL/1.0.1c PHP/5.4.7 configured -- resuming normal operations
[Tue Aug 27 16:49:27.814532 2024] [mpm_winnt:notice] [pid 3552:tid 284] AH00456: Server built: Aug 18 2012 12:41:37
[Tue Aug 27 16:49:27.814532 2024] [core:notice] [pid 3552:tid 284] AH00094: Command line: 'apache\\bin\\httpd.exe -d C:/SYSME/SGC/xampp/apache'
[Tue Aug 27 16:49:27.814532 2024] [mpm_winnt:notice] [pid 3552:tid 284] AH00418: Parent: Created child process 3564
[Tue Aug 27 16:49:28.720828 2024] [ssl:warn] [pid 3564:tid 292] AH01873: Init: Session Cache is not configured [hint: SSLSessionCache]
[Tue Aug 27 16:49:28.752079 2024] [mpm_winnt:notice] [pid 3564:tid 292] AH00354: Child: Starting 150 worker threads.
[Wed Aug 28 12:34:58.875530 2024] [core:warn] [pid 1832:tid 284] AH00098: pid file C:/SYSME/SGC/xampp/apache/logs/httpd.pid overwritten -- Unclean shutdown of previous Apache run?
[Wed Aug 28 12:34:59.203662 2024] [ssl:warn] [pid 1832:tid 284] AH01873: Init: Session Cache is not configured [hint: SSLSessionCache]
[Wed Aug 28 12:34:59.266165 2024] [mpm_winnt:notice] [pid 1832:tid 284] AH00455: Apache/2.4.3 (Win32) OpenSSL/1.0.1c PHP/5.4.7 configured -- resuming normal operations
[Wed Aug 28 12:34:59.266165 2024] [mpm_winnt:notice] [pid 1832:tid 284] AH00456: Server built: Aug 18 2012 12:41:37
[Wed Aug 28 12:34:59.266165 2024] [core:notice] [pid 1832:tid 284] AH00094: Command line: 'apache\\bin\\httpd.exe -d C:/SYSME/SGC/xampp/apache'
[Wed Aug 28 12:34:59.266165 2024] [mpm_winnt:notice] [pid 1832:tid 284] AH00418: Parent: Created child process 3692
[Wed Aug 28 12:35:00.188084 2024] [ssl:warn] [pid 3692:tid 292] AH01873: Init: Session Cache is not configured [hint: SSLSessionCache]
[Wed Aug 28 12:35:00.234963 2024] [mpm_winnt:notice] [pid 3692:tid 292] AH00354: Child: Starting 150 worker threads.
[Thu Aug 29 12:15:19.221414 2024] [core:warn] [pid 2624:tid 288] AH00098: pid file C:/SYSME/SGC/xampp/apache/logs/httpd.pid overwritten -- Unclean shutdown of previous Apache run?
[Thu Aug 29 12:15:19.533918 2024] [ssl:warn] [pid 2624:tid 288] AH01873: Init: Session Cache is not configured [hint: SSLSessionCache]
[Thu Aug 29 12:15:19.596420 2024] [mpm_winnt:notice] [pid 2624:tid 288] AH00455: Apache/2.4.3 (Win32) OpenSSL/1.0.1c PHP/5.4.7 configured -- resuming normal operations
[Thu Aug 29 12:15:19.596420 2024] [mpm_winnt:notice] [pid 2624:tid 288] AH00456: Server built: Aug 18 2012 12:41:37
[Thu Aug 29 12:15:19.596420 2024] [core:notice] [pid 2624:tid 288] AH00094: Command line: 'apache\\bin\\httpd.exe -d C:/SYSME/SGC/xampp/apache'
[Thu Aug 29 12:15:19.596420 2024] [mpm_winnt:notice] [pid 2624:tid 288] AH00418: Parent: Created child process 1756
[Thu Aug 29 12:15:20.471466 2024] [ssl:warn] [pid 1756:tid 292] AH01873: Init: Session Cache is not configured [hint: SSLSessionCache]
[Thu Aug 29 12:15:20.518341 2024] [mpm_winnt:notice] [pid 1756:tid 292] AH00354: Child: Starting 150 worker threads.
[Fri Aug 30 12:21:21.601439 2024] [core:warn] [pid 1400:tid 284] AH00098: pid file C:/SYSME/SGC/xampp/apache/logs/httpd.pid overwritten -- Unclean shutdown of previous Apache run?
[Fri Aug 30 12:21:21.898318 2024] [ssl:warn] [pid 1400:tid 284] AH01873: Init: Session Cache is not configured [hint: SSLSessionCache]
[Fri Aug 30 12:21:21.960821 2024] [mpm_winnt:notice] [pid 1400:tid 284] AH00455: Apache/2.4.3 (Win32) OpenSSL/1.0.1c PHP/5.4.7 configured -- resuming normal operations
[Fri Aug 30 12:21:21.960821 2024] [mpm_winnt:notice] [pid 1400:tid 284] AH00456: Server built: Aug 18 2012 12:41:37
[Fri Aug 30 12:21:21.960821 2024] [core:notice] [pid 1400:tid 284] AH00094: Command line: 'apache\\bin\\httpd.exe -d C:/SYSME/SGC/xampp/apache'
[Fri Aug 30 12:21:21.960821 2024] [mpm_winnt:notice] [pid 1400:tid 284] AH00418: Parent: Created child process 5068
[Fri Aug 30 12:21:22.882742 2024] [ssl:warn] [pid 5068:tid 292] AH01873: Init: Session Cache is not configured [hint: SSLSessionCache]
[Fri Aug 30 12:21:22.929619 2024] [mpm_winnt:notice] [pid 5068:tid 292] AH00354: Child: Starting 150 worker threads.
[Fri Aug 30 15:09:39.984783 2024] [core:warn] [pid 4060:tid 288] AH00098: pid file C:/SYSME/SGC/xampp/apache/logs/httpd.pid overwritten -- Unclean shutdown of previous Apache run?
[Fri Aug 30 15:09:40.281673 2024] [ssl:warn] [pid 4060:tid 288] AH01873: Init: Session Cache is not configured [hint: SSLSessionCache]
[Fri Aug 30 15:09:40.359803 2024] [mpm_winnt:notice] [pid 4060:tid 288] AH00455: Apache/2.4.3 (Win32) OpenSSL/1.0.1c PHP/5.4.7 configured -- resuming normal operations
[Fri Aug 30 15:09:40.359803 2024] [mpm_winnt:notice] [pid 4060:tid 288] AH00456: Server built: Aug 18 2012 12:41:37
[Fri Aug 30 15:09:40.359803 2024] [core:notice] [pid 4060:tid 288] AH00094: Command line: 'apache\\bin\\httpd.exe -d C:/SYSME/SGC/xampp/apache'
[Fri Aug 30 15:09:40.359803 2024] [mpm_winnt:notice] [pid 4060:tid 288] AH00418: Parent: Created child process 4072
[Fri Aug 30 15:09:41.250471 2024] [ssl:warn] [pid 4072:tid 300] AH01873: Init: Session Cache is not configured [hint: SSLSessionCache]
[Fri Aug 30 15:09:41.297351 2024] [mpm_winnt:notice] [pid 4072:tid 300] AH00354: Child: Starting 150 worker threads.
[Fri Aug 30 18:51:49.166861 2024] [core:warn] [pid 3428:tid 288] AH00098: pid file C:/SYSME/SGC/xampp/apache/logs/httpd.pid overwritten -- Unclean shutdown of previous Apache run?
[Fri Aug 30 18:51:49.495003 2024] [ssl:warn] [pid 3428:tid 288] AH01873: Init: Session Cache is not configured [hint: SSLSessionCache]
[Fri Aug 30 18:51:49.541881 2024] [mpm_winnt:notice] [pid 3428:tid 288] AH00455: Apache/2.4.3 (Win32) OpenSSL/1.0.1c PHP/5.4.7 configured -- resuming normal operations
[Fri Aug 30 18:51:49.541881 2024] [mpm_winnt:notice] [pid 3428:tid 288] AH00456: Server built: Aug 18 2012 12:41:37
[Fri Aug 30 18:51:49.541881 2024] [core:notice] [pid 3428:tid 288] AH00094: Command line: 'apache\\bin\\httpd.exe -d C:/SYSME/SGC/xampp/apache'
[Fri Aug 30 18:51:49.541881 2024] [mpm_winnt:notice] [pid 3428:tid 288] AH00418: Parent: Created child process 3412
[Fri Aug 30 18:51:50.495054 2024] [ssl:warn] [pid 3412:tid 296] AH01873: Init: Session Cache is not configured [hint: SSLSessionCache]
[Fri Aug 30 18:51:50.557561 2024] [mpm_winnt:notice] [pid 3412:tid 296] AH00354: Child: Starting 150 worker threads.
[Sat Aug 31 12:14:55.523627 2024] [core:warn] [pid 3876:tid 284] AH00098: pid file C:/SYSME/SGC/xampp/apache/logs/httpd.pid overwritten -- Unclean shutdown of previous Apache run?
[Sat Aug 31 12:14:55.883019 2024] [ssl:warn] [pid 3876:tid 284] AH01873: Init: Session Cache is not configured [hint: SSLSessionCache]
[Sat Aug 31 12:14:55.945525 2024] [mpm_winnt:notice] [pid 3876:tid 284] AH00455: Apache/2.4.3 (Win32) OpenSSL/1.0.1c PHP/5.4.7 configured -- resuming normal operations
[Sat Aug 31 12:14:55.945525 2024] [mpm_winnt:notice] [pid 3876:tid 284] AH00456: Server built: Aug 18 2012 12:41:37
[Sat Aug 31 12:14:55.945525 2024] [core:notice] [pid 3876:tid 284] AH00094: Command line: 'apache\\bin\\httpd.exe -d C:/SYSME/SGC/xampp/apache'
[Sat Aug 31 12:14:55.945525 2024] [mpm_winnt:notice] [pid 3876:tid 284] AH00418: Parent: Created child process 1288
[Sat Aug 31 12:14:56.898783 2024] [ssl:warn] [pid 1288:tid 296] AH01873: Init: Session Cache is not configured [hint: SSLSessionCache]
[Sat Aug 31 12:14:56.945660 2024] [mpm_winnt:notice] [pid 1288:tid 296] AH00354: Child: Starting 150 worker threads.
[Sun Sep 01 12:29:57.737368 2024] [core:warn] [pid 1828:tid 288] AH00098: pid file C:/SYSME/SGC/xampp/apache/logs/httpd.pid overwritten -- Unclean shutdown of previous Apache run?
[Sun Sep 01 12:29:58.081134 2024] [ssl:warn] [pid 1828:tid 288] AH01873: Init: Session Cache is not configured [hint: SSLSessionCache]
[Sun Sep 01 12:29:58.143639 2024] [mpm_winnt:notice] [pid 1828:tid 288] AH00455: Apache/2.4.3 (Win32) OpenSSL/1.0.1c PHP/5.4.7 configured -- resuming normal operations
[Sun Sep 01 12:29:58.143639 2024] [mpm_winnt:notice] [pid 1828:tid 288] AH00456: Server built: Aug 18 2012 12:41:37
[Sun Sep 01 12:29:58.143639 2024] [core:notice] [pid 1828:tid 288] AH00094: Command line: 'apache\\bin\\httpd.exe -d C:/SYSME/SGC/xampp/apache'
[Sun Sep 01 12:29:58.143639 2024] [mpm_winnt:notice] [pid 1828:tid 288] AH00418: Parent: Created child process 4464
[Sun Sep 01 12:29:59.346825 2024] [ssl:warn] [pid 4464:tid 292] AH01873: Init: Session Cache is not configured [hint: SSLSessionCache]
[Sun Sep 01 12:29:59.393703 2024] [mpm_winnt:notice] [pid 4464:tid 292] AH00354: Child: Starting 150 worker threads.
[Mon Sep 02 12:42:17.566502 2024] [core:warn] [pid 868:tid 284] AH00098: pid file C:/SYSME/SGC/xampp/apache/logs/httpd.pid overwritten -- Unclean shutdown of previous Apache run?
[Mon Sep 02 12:42:17.847748 2024] [ssl:warn] [pid 868:tid 284] AH01873: Init: Session Cache is not configured [hint: SSLSessionCache]
[Mon Sep 02 12:42:17.910252 2024] [mpm_winnt:notice] [pid 868:tid 284] AH00455: Apache/2.4.3 (Win32) OpenSSL/1.0.1c PHP/5.4.7 configured -- resuming normal operations
[Mon Sep 02 12:42:17.910252 2024] [mpm_winnt:notice] [pid 868:tid 284] AH00456: Server built: Aug 18 2012 12:41:37
[Mon Sep 02 12:42:17.910252 2024] [core:notice] [pid 868:tid 284] AH00094: Command line: 'apache\\bin\\httpd.exe -d C:/SYSME/SGC/xampp/apache'
[Mon Sep 02 12:42:17.910252 2024] [mpm_winnt:notice] [pid 868:tid 284] AH00418: Parent: Created child process 364
[Mon Sep 02 12:42:18.832175 2024] [ssl:warn] [pid 364:tid 296] AH01873: Init: Session Cache is not configured [hint: SSLSessionCache]
[Mon Sep 02 12:42:18.879051 2024] [mpm_winnt:notice] [pid 364:tid 296] AH00354: Child: Starting 150 worker threads.
[Tue Sep 03 12:32:23.016263 2024] [core:warn] [pid 1672:tid 284] AH00098: pid file C:/SYSME/SGC/xampp/apache/logs/httpd.pid overwritten -- Unclean shutdown of previous Apache run?
[Tue Sep 03 12:32:23.344403 2024] [ssl:warn] [pid 1672:tid 284] AH01873: Init: Session Cache is not configured [hint: SSLSessionCache]
[Tue Sep 03 12:32:23.406908 2024] [mpm_winnt:notice] [pid 1672:tid 284] AH00455: Apache/2.4.3 (Win32) OpenSSL/1.0.1c PHP/5.4.7 configured -- resuming normal operations
[Tue Sep 03 12:32:23.406908 2024] [mpm_winnt:notice] [pid 1672:tid 284] AH00456: Server built: Aug 18 2012 12:41:37
[Tue Sep 03 12:32:23.406908 2024] [core:notice] [pid 1672:tid 284] AH00094: Command line: 'apache\\bin\\httpd.exe -d C:/SYSME/SGC/xampp/apache'
[Tue Sep 03 12:32:23.406908 2024] [mpm_winnt:notice] [pid 1672:tid 284] AH00418: Parent: Created child process 420
[Tue Sep 03 12:32:24.313205 2024] [ssl:warn] [pid 420:tid 296] AH01873: Init: Session Cache is not configured [hint: SSLSessionCache]
[Tue Sep 03 12:32:24.360082 2024] [mpm_winnt:notice] [pid 420:tid 296] AH00354: Child: Starting 150 worker threads.
[Wed Sep 04 12:34:13.387165 2024] [core:warn] [pid 3216:tid 292] AH00098: pid file C:/SYSME/SGC/xampp/apache/logs/httpd.pid overwritten -- Unclean shutdown of previous Apache run?
[Wed Sep 04 12:34:13.715290 2024] [ssl:warn] [pid 3216:tid 292] AH01873: Init: Session Cache is not configured [hint: SSLSessionCache]
[Wed Sep 04 12:34:13.777792 2024] [mpm_winnt:notice] [pid 3216:tid 292] AH00455: Apache/2.4.3 (Win32) OpenSSL/1.0.1c PHP/5.4.7 configured -- resuming normal operations
[Wed Sep 04 12:34:13.777792 2024] [mpm_winnt:notice] [pid 3216:tid 292] AH00456: Server built: Aug 18 2012 12:41:37
[Wed Sep 04 12:34:13.777792 2024] [core:notice] [pid 3216:tid 292] AH00094: Command line: 'apache\\bin\\httpd.exe -d C:/SYSME/SGC/xampp/apache'
[Wed Sep 04 12:34:13.777792 2024] [mpm_winnt:notice] [pid 3216:tid 292] AH00418: Parent: Created child process 5380
[Wed Sep 04 12:34:14.762395 2024] [ssl:warn] [pid 5380:tid 292] AH01873: Init: Session Cache is not configured [hint: SSLSessionCache]
[Wed Sep 04 12:34:14.809272 2024] [mpm_winnt:notice] [pid 5380:tid 292] AH00354: Child: Starting 150 worker threads.
[Thu Sep 05 12:19:34.085916 2024] [core:warn] [pid 540:tid 296] AH00098: pid file C:/SYSME/SGC/xampp/apache/logs/httpd.pid overwritten -- Unclean shutdown of previous Apache run?
[Thu Sep 05 12:19:34.398422 2024] [ssl:warn] [pid 540:tid 296] AH01873: Init: Session Cache is not configured [hint: SSLSessionCache]
[Thu Sep 05 12:19:34.460929 2024] [mpm_winnt:notice] [pid 540:tid 296] AH00455: Apache/2.4.3 (Win32) OpenSSL/1.0.1c PHP/5.4.7 configured -- resuming normal operations
[Thu Sep 05 12:19:34.460929 2024] [mpm_winnt:notice] [pid 540:tid 296] AH00456: Server built: Aug 18 2012 12:41:37
[Thu Sep 05 12:19:34.460929 2024] [core:notice] [pid 540:tid 296] AH00094: Command line: 'apache\\bin\\httpd.exe -d C:/SYSME/SGC/xampp/apache'
[Thu Sep 05 12:19:34.460929 2024] [mpm_winnt:notice] [pid 540:tid 296] AH00418: Parent: Created child process 4852
[Thu Sep 05 12:19:35.414099 2024] [ssl:warn] [pid 4852:tid 292] AH01873: Init: Session Cache is not configured [hint: SSLSessionCache]
[Thu Sep 05 12:19:35.460975 2024] [mpm_winnt:notice] [pid 4852:tid 292] AH00354: Child: Starting 150 worker threads.
[Fri Sep 06 12:37:42.313029 2024] [core:warn] [pid 6704:tid 284] AH00098: pid file C:/SYSME/SGC/xampp/apache/logs/httpd.pid overwritten -- Unclean shutdown of previous Apache run?
[Fri Sep 06 12:37:42.641170 2024] [ssl:warn] [pid 6704:tid 284] AH01873: Init: Session Cache is not configured [hint: SSLSessionCache]
[Fri Sep 06 12:37:42.703674 2024] [mpm_winnt:notice] [pid 6704:tid 284] AH00455: Apache/2.4.3 (Win32) OpenSSL/1.0.1c PHP/5.4.7 configured -- resuming normal operations
[Fri Sep 06 12:37:42.703674 2024] [mpm_winnt:notice] [pid 6704:tid 284] AH00456: Server built: Aug 18 2012 12:41:37
[Fri Sep 06 12:37:42.703674 2024] [core:notice] [pid 6704:tid 284] AH00094: Command line: 'apache\\bin\\httpd.exe -d C:/SYSME/SGC/xampp/apache'
[Fri Sep 06 12:37:42.703674 2024] [mpm_winnt:notice] [pid 6704:tid 284] AH00418: Parent: Created child process 6680
[Fri Sep 06 12:37:43.625596 2024] [ssl:warn] [pid 6680:tid 296] AH01873: Init: Session Cache is not configured [hint: SSLSessionCache]
[Fri Sep 06 12:37:43.672474 2024] [mpm_winnt:notice] [pid 6680:tid 296] AH00354: Child: Starting 150 worker threads.
[Fri Sep 06 14:12:11.091550 2024] [core:warn] [pid 4048:tid 296] AH00098: pid file C:/SYSME/SGC/xampp/apache/logs/httpd.pid overwritten -- Unclean shutdown of previous Apache run?
[Fri Sep 06 14:12:11.404065 2024] [ssl:warn] [pid 4048:tid 296] AH01873: Init: Session Cache is not configured [hint: SSLSessionCache]
[Fri Sep 06 14:12:11.466570 2024] [mpm_winnt:notice] [pid 4048:tid 296] AH00455: Apache/2.4.3 (Win32) OpenSSL/1.0.1c PHP/5.4.7 configured -- resuming normal operations
[Fri Sep 06 14:12:11.466570 2024] [mpm_winnt:notice] [pid 4048:tid 296] AH00456: Server built: Aug 18 2012 12:41:37
[Fri Sep 06 14:12:11.466570 2024] [core:notice] [pid 4048:tid 296] AH00094: Command line: 'apache\\bin\\httpd.exe -d C:/SYSME/SGC/xampp/apache'
[Fri Sep 06 14:12:11.466570 2024] [mpm_winnt:notice] [pid 4048:tid 296] AH00418: Parent: Created child process 5356
[Fri Sep 06 14:12:12.419743 2024] [ssl:warn] [pid 5356:tid 296] AH01873: Init: Session Cache is not configured [hint: SSLSessionCache]
[Fri Sep 06 14:12:12.466621 2024] [mpm_winnt:notice] [pid 5356:tid 296] AH00354: Child: Starting 150 worker threads.
[Sat Sep 07 12:01:47.099971 2024] [core:warn] [pid 5948:tid 284] AH00098: pid file C:/SYSME/SGC/xampp/apache/logs/httpd.pid overwritten -- Unclean shutdown of previous Apache run?
[Sat Sep 07 12:01:47.537476 2024] [ssl:warn] [pid 5948:tid 284] AH01873: Init: Session Cache is not configured [hint: SSLSessionCache]
[Sat Sep 07 12:01:47.599978 2024] [mpm_winnt:notice] [pid 5948:tid 284] AH00455: Apache/2.4.3 (Win32) OpenSSL/1.0.1c PHP/5.4.7 configured -- resuming normal operations
[Sat Sep 07 12:01:47.599978 2024] [mpm_winnt:notice] [pid 5948:tid 284] AH00456: Server built: Aug 18 2012 12:41:37
[Sat Sep 07 12:01:47.599978 2024] [core:notice] [pid 5948:tid 284] AH00094: Command line: 'apache\\bin\\httpd.exe -d C:/SYSME/SGC/xampp/apache'
[Sat Sep 07 12:01:47.599978 2024] [mpm_winnt:notice] [pid 5948:tid 284] AH00418: Parent: Created child process 2512
[Sat Sep 07 12:01:48.490704 2024] [ssl:warn] [pid 2512:tid 292] AH01873: Init: Session Cache is not configured [hint: SSLSessionCache]
[Sat Sep 07 12:01:48.537582 2024] [mpm_winnt:notice] [pid 2512:tid 292] AH00354: Child: Starting 150 worker threads.
[Sun Sep 08 11:56:55.208300 2024] [core:warn] [pid 2240:tid 292] AH00098: pid file C:/SYSME/SGC/xampp/apache/logs/httpd.pid overwritten -- Unclean shutdown of previous Apache run?
[Sun Sep 08 11:56:55.520816 2024] [ssl:warn] [pid 2240:tid 292] AH01873: Init: Session Cache is not configured [hint: SSLSessionCache]
[Sun Sep 08 11:56:55.583317 2024] [mpm_winnt:notice] [pid 2240:tid 292] AH00455: Apache/2.4.3 (Win32) OpenSSL/1.0.1c PHP/5.4.7 configured -- resuming normal operations
[Sun Sep 08 11:56:55.583317 2024] [mpm_winnt:notice] [pid 2240:tid 292] AH00456: Server built: Aug 18 2012 12:41:37
[Sun Sep 08 11:56:55.583317 2024] [core:notice] [pid 2240:tid 292] AH00094: Command line: 'apache\\bin\\httpd.exe -d C:/SYSME/SGC/xampp/apache'
[Sun Sep 08 11:56:55.583317 2024] [mpm_winnt:notice] [pid 2240:tid 292] AH00418: Parent: Created child process 7676
[Sun Sep 08 11:56:56.473989 2024] [ssl:warn] [pid 7676:tid 296] AH01873: Init: Session Cache is not configured [hint: SSLSessionCache]
[Sun Sep 08 11:56:56.520867 2024] [mpm_winnt:notice] [pid 7676:tid 296] AH00354: Child: Starting 150 worker threads.
[Mon Sep 09 11:44:50.391194 2024] [core:warn] [pid 4268:tid 292] AH00098: pid file C:/SYSME/SGC/xampp/apache/logs/httpd.pid overwritten -- Unclean shutdown of previous Apache run?
[Mon Sep 09 11:44:50.703698 2024] [ssl:warn] [pid 4268:tid 292] AH01873: Init: Session Cache is not configured [hint: SSLSessionCache]
[Mon Sep 09 11:44:50.766201 2024] [mpm_winnt:notice] [pid 4268:tid 292] AH00455: Apache/2.4.3 (Win32) OpenSSL/1.0.1c PHP/5.4.7 configured -- resuming normal operations
[Mon Sep 09 11:44:50.766201 2024] [mpm_winnt:notice] [pid 4268:tid 292] AH00456: Server built: Aug 18 2012 12:41:37
[Mon Sep 09 11:44:50.766201 2024] [core:notice] [pid 4268:tid 292] AH00094: Command line: 'apache\\bin\\httpd.exe -d C:/SYSME/SGC/xampp/apache'
[Mon Sep 09 11:44:50.766201 2024] [mpm_winnt:notice] [pid 4268:tid 292] AH00418: Parent: Created child process 2068
[Mon Sep 09 11:44:51.891260 2024] [ssl:warn] [pid 2068:tid 292] AH01873: Init: Session Cache is not configured [hint: SSLSessionCache]
[Mon Sep 09 11:44:51.938138 2024] [mpm_winnt:notice] [pid 2068:tid 292] AH00354: Child: Starting 150 worker threads.
[Tue Sep 10 11:10:33.170924 2024] [core:warn] [pid 4788:tid 288] AH00098: pid file C:/SYSME/SGC/xampp/apache/logs/httpd.pid overwritten -- Unclean shutdown of previous Apache run?
[Tue Sep 10 11:10:33.514692 2024] [ssl:warn] [pid 4788:tid 288] AH01873: Init: Session Cache is not configured [hint: SSLSessionCache]
[Tue Sep 10 11:10:33.577195 2024] [mpm_winnt:notice] [pid 4788:tid 288] AH00455: Apache/2.4.3 (Win32) OpenSSL/1.0.1c PHP/5.4.7 configured -- resuming normal operations
[Tue Sep 10 11:10:33.577195 2024] [mpm_winnt:notice] [pid 4788:tid 288] AH00456: Server built: Aug 18 2012 12:41:37
[Tue Sep 10 11:10:33.577195 2024] [core:notice] [pid 4788:tid 288] AH00094: Command line: 'apache\\bin\\httpd.exe -d C:/SYSME/SGC/xampp/apache'
[Tue Sep 10 11:10:33.577195 2024] [mpm_winnt:notice] [pid 4788:tid 288] AH00418: Parent: Created child process 7092
[Tue Sep 10 11:10:34.561620 2024] [ssl:warn] [pid 7092:tid 292] AH01873: Init: Session Cache is not configured [hint: SSLSessionCache]
[Tue Sep 10 11:10:34.608500 2024] [mpm_winnt:notice] [pid 7092:tid 292] AH00354: Child: Starting 150 worker threads.
[Wed Sep 11 11:41:15.357411 2024] [core:warn] [pid 7444:tid 288] AH00098: pid file C:/SYSME/SGC/xampp/apache/logs/httpd.pid overwritten -- Unclean shutdown of previous Apache run?
[Wed Sep 11 11:41:15.669925 2024] [ssl:warn] [pid 7444:tid 288] AH01873: Init: Session Cache is not configured [hint: SSLSessionCache]
[Wed Sep 11 11:41:15.732429 2024] [mpm_winnt:notice] [pid 7444:tid 288] AH00455: Apache/2.4.3 (Win32) OpenSSL/1.0.1c PHP/5.4.7 configured -- resuming normal operations
[Wed Sep 11 11:41:15.794931 2024] [mpm_winnt:notice] [pid 7444:tid 288] AH00456: Server built: Aug 18 2012 12:41:37
[Wed Sep 11 11:41:15.794931 2024] [core:notice] [pid 7444:tid 288] AH00094: Command line: 'apache\\bin\\httpd.exe -d C:/SYSME/SGC/xampp/apache'
[Wed Sep 11 11:41:15.794931 2024] [mpm_winnt:notice] [pid 7444:tid 288] AH00418: Parent: Created child process 416
[Wed Sep 11 11:41:16.716856 2024] [ssl:warn] [pid 416:tid 296] AH01873: Init: Session Cache is not configured [hint: SSLSessionCache]
[Wed Sep 11 11:41:16.763732 2024] [mpm_winnt:notice] [pid 416:tid 296] AH00354: Child: Starting 150 worker threads.
[Thu Sep 12 11:16:15.304814 2024] [core:warn] [pid 7028:tid 284] AH00098: pid file C:/SYSME/SGC/xampp/apache/logs/httpd.pid overwritten -- Unclean shutdown of previous Apache run?
[Thu Sep 12 11:16:15.632957 2024] [ssl:warn] [pid 7028:tid 284] AH01873: Init: Session Cache is not configured [hint: SSLSessionCache]
[Thu Sep 12 11:16:15.695460 2024] [mpm_winnt:notice] [pid 7028:tid 284] AH00455: Apache/2.4.3 (Win32) OpenSSL/1.0.1c PHP/5.4.7 configured -- resuming normal operations
[Thu Sep 12 11:16:15.695460 2024] [mpm_winnt:notice] [pid 7028:tid 284] AH00456: Server built: Aug 18 2012 12:41:37
[Thu Sep 12 11:16:15.695460 2024] [core:notice] [pid 7028:tid 284] AH00094: Command line: 'apache\\bin\\httpd.exe -d C:/SYSME/SGC/xampp/apache'
[Thu Sep 12 11:16:15.695460 2024] [mpm_winnt:notice] [pid 7028:tid 284] AH00418: Parent: Created child process 2612
[Thu Sep 12 11:16:16.726762 2024] [ssl:warn] [pid 2612:tid 296] AH01873: Init: Session Cache is not configured [hint: SSLSessionCache]
[Thu Sep 12 11:16:16.773641 2024] [mpm_winnt:notice] [pid 2612:tid 296] AH00354: Child: Starting 150 worker threads.
[Fri Sep 13 11:21:43.576032 2024] [core:warn] [pid 2628:tid 288] AH00098: pid file C:/SYSME/SGC/xampp/apache/logs/httpd.pid overwritten -- Unclean shutdown of previous Apache run?
[Fri Sep 13 11:21:43.951035 2024] [ssl:warn] [pid 2628:tid 288] AH01873: Init: Session Cache is not configured [hint: SSLSessionCache]
[Fri Sep 13 11:21:44.013539 2024] [mpm_winnt:notice] [pid 2628:tid 288] AH00455: Apache/2.4.3 (Win32) OpenSSL/1.0.1c PHP/5.4.7 configured -- resuming normal operations
[Fri Sep 13 11:21:44.013539 2024] [mpm_winnt:notice] [pid 2628:tid 288] AH00456: Server built: Aug 18 2012 12:41:37
[Fri Sep 13 11:21:44.013539 2024] [core:notice] [pid 2628:tid 288] AH00094: Command line: 'apache\\bin\\httpd.exe -d C:/SYSME/SGC/xampp/apache'
[Fri Sep 13 11:21:44.013539 2024] [mpm_winnt:notice] [pid 2628:tid 288] AH00418: Parent: Created child process 8056
[Fri Sep 13 11:21:44.826081 2024] [ssl:warn] [pid 8056:tid 296] AH01873: Init: Session Cache is not configured [hint: SSLSessionCache]
[Fri Sep 13 11:21:44.872959 2024] [mpm_winnt:notice] [pid 8056:tid 296] AH00354: Child: Starting 150 worker threads.
[Fri Sep 13 19:45:59.056876 2024] [core:warn] [pid 3052:tid 292] AH00098: pid file C:/SYSME/SGC/xampp/apache/logs/httpd.pid overwritten -- Unclean shutdown of previous Apache run?
[Fri Sep 13 19:45:59.416268 2024] [ssl:warn] [pid 3052:tid 292] AH01873: Init: Session Cache is not configured [hint: SSLSessionCache]
[Fri Sep 13 19:45:59.478773 2024] [mpm_winnt:notice] [pid 3052:tid 292] AH00455: Apache/2.4.3 (Win32) OpenSSL/1.0.1c PHP/5.4.7 configured -- resuming normal operations
[Fri Sep 13 19:45:59.478773 2024] [mpm_winnt:notice] [pid 3052:tid 292] AH00456: Server built: Aug 18 2012 12:41:37
[Fri Sep 13 19:45:59.478773 2024] [core:notice] [pid 3052:tid 292] AH00094: Command line: 'apache\\bin\\httpd.exe -d C:/SYSME/SGC/xampp/apache'
[Fri Sep 13 19:45:59.478773 2024] [mpm_winnt:notice] [pid 3052:tid 292] AH00418: Parent: Created child process 3072
[Fri Sep 13 19:46:00.338193 2024] [ssl:warn] [pid 3072:tid 292] AH01873: Init: Session Cache is not configured [hint: SSLSessionCache]
[Fri Sep 13 19:46:00.385070 2024] [mpm_winnt:notice] [pid 3072:tid 292] AH00354: Child: Starting 150 worker threads.
[Sat Sep 14 11:07:27.184625 2024] [core:warn] [pid 444:tid 284] AH00098: pid file C:/SYSME/SGC/xampp/apache/logs/httpd.pid overwritten -- Unclean shutdown of previous Apache run?
[Sat Sep 14 11:07:27.481514 2024] [ssl:warn] [pid 444:tid 284] AH01873: Init: Session Cache is not configured [hint: SSLSessionCache]
[Sat Sep 14 11:07:27.544018 2024] [mpm_winnt:notice] [pid 444:tid 284] AH00455: Apache/2.4.3 (Win32) OpenSSL/1.0.1c PHP/5.4.7 configured -- resuming normal operations
[Sat Sep 14 11:07:27.544018 2024] [mpm_winnt:notice] [pid 444:tid 284] AH00456: Server built: Aug 18 2012 12:41:37
[Sat Sep 14 11:07:27.544018 2024] [core:notice] [pid 444:tid 284] AH00094: Command line: 'apache\\bin\\httpd.exe -d C:/SYSME/SGC/xampp/apache'
[Sat Sep 14 11:07:27.544018 2024] [mpm_winnt:notice] [pid 444:tid 284] AH00418: Parent: Created child process 3452
[Sat Sep 14 11:07:28.434745 2024] [ssl:warn] [pid 3452:tid 292] AH01873: Init: Session Cache is not configured [hint: SSLSessionCache]
[Sat Sep 14 11:07:28.481624 2024] [mpm_winnt:notice] [pid 3452:tid 292] AH00354: Child: Starting 150 worker threads.
[Sat Sep 14 15:15:50.462984 2024] [core:warn] [pid 2632:tid 284] AH00098: pid file C:/SYSME/SGC/xampp/apache/logs/httpd.pid overwritten -- Unclean shutdown of previous Apache run?
[Sat Sep 14 15:15:50.869255 2024] [ssl:warn] [pid 2632:tid 284] AH01873: Init: Session Cache is not configured [hint: SSLSessionCache]
[Sat Sep 14 15:15:50.916136 2024] [mpm_winnt:notice] [pid 2632:tid 284] AH00455: Apache/2.4.3 (Win32) OpenSSL/1.0.1c PHP/5.4.7 configured -- resuming normal operations
[Sat Sep 14 15:15:50.916136 2024] [mpm_winnt:notice] [pid 2632:tid 284] AH00456: Server built: Aug 18 2012 12:41:37
[Sat Sep 14 15:15:50.916136 2024] [core:notice] [pid 2632:tid 284] AH00094: Command line: 'apache\\bin\\httpd.exe -d C:/SYSME/SGC/xampp/apache'
[Sat Sep 14 15:15:50.916136 2024] [mpm_winnt:notice] [pid 2632:tid 284] AH00418: Parent: Created child process 2268
[Sat Sep 14 15:15:52.025566 2024] [ssl:warn] [pid 2268:tid 296] AH01873: Init: Session Cache is not configured [hint: SSLSessionCache]
[Sat Sep 14 15:15:52.072444 2024] [mpm_winnt:notice] [pid 2268:tid 296] AH00354: Child: Starting 150 worker threads.
[Sun Sep 15 11:37:45.599299 2024] [core:warn] [pid 7348:tid 288] AH00098: pid file C:/SYSME/SGC/xampp/apache/logs/httpd.pid overwritten -- Unclean shutdown of previous Apache run?
[Sun Sep 15 11:37:46.005569 2024] [ssl:warn] [pid 7348:tid 288] AH01873: Init: Session Cache is not configured [hint: SSLSessionCache]
[Sun Sep 15 11:37:46.083698 2024] [mpm_winnt:notice] [pid 7348:tid 288] AH00455: Apache/2.4.3 (Win32) OpenSSL/1.0.1c PHP/5.4.7 configured -- resuming normal operations
[Sun Sep 15 11:37:46.083698 2024] [mpm_winnt:notice] [pid 7348:tid 288] AH00456: Server built: Aug 18 2012 12:41:37
[Sun Sep 15 11:37:46.083698 2024] [core:notice] [pid 7348:tid 288] AH00094: Command line: 'apache\\bin\\httpd.exe -d C:/SYSME/SGC/xampp/apache'
[Sun Sep 15 11:37:46.083698 2024] [mpm_winnt:notice] [pid 7348:tid 288] AH00418: Parent: Created child process 7444
[Sun Sep 15 11:37:47.052500 2024] [ssl:warn] [pid 7444:tid 292] AH01873: Init: Session Cache is not configured [hint: SSLSessionCache]
[Sun Sep 15 11:37:47.115003 2024] [mpm_winnt:notice] [pid 7444:tid 292] AH00354: Child: Starting 150 worker threads.
[Mon Sep 16 11:56:47.853634 2024] [core:warn] [pid 5008:tid 296] AH00098: pid file C:/SYSME/SGC/xampp/apache/logs/httpd.pid overwritten -- Unclean shutdown of previous Apache run?
[Mon Sep 16 11:56:48.213017 2024] [ssl:warn] [pid 5008:tid 296] AH01873: Init: Session Cache is not configured [hint: SSLSessionCache]
[Mon Sep 16 11:56:48.275520 2024] [mpm_winnt:notice] [pid 5008:tid 296] AH00455: Apache/2.4.3 (Win32) OpenSSL/1.0.1c PHP/5.4.7 configured -- resuming normal operations
[Mon Sep 16 11:56:48.275520 2024] [mpm_winnt:notice] [pid 5008:tid 296] AH00456: Server built: Aug 18 2012 12:41:37
[Mon Sep 16 11:56:48.275520 2024] [core:notice] [pid 5008:tid 296] AH00094: Command line: 'apache\\bin\\httpd.exe -d C:/SYSME/SGC/xampp/apache'
[Mon Sep 16 11:56:48.275520 2024] [mpm_winnt:notice] [pid 5008:tid 296] AH00418: Parent: Created child process 5884
[Mon Sep 16 11:56:49.244321 2024] [ssl:warn] [pid 5884:tid 296] AH01873: Init: Session Cache is not configured [hint: SSLSessionCache]
[Mon Sep 16 11:56:49.291197 2024] [mpm_winnt:notice] [pid 5884:tid 296] AH00354: Child: Starting 150 worker threads.
[Tue Sep 17 11:25:07.664533 2024] [core:warn] [pid 5556:tid 296] AH00098: pid file C:/SYSME/SGC/xampp/apache/logs/httpd.pid overwritten -- Unclean shutdown of previous Apache run?
[Tue Sep 17 11:25:07.994752 2024] [ssl:warn] [pid 5556:tid 296] AH01873: Init: Session Cache is not configured [hint: SSLSessionCache]
[Tue Sep 17 11:25:08.056795 2024] [mpm_winnt:notice] [pid 5556:tid 296] AH00455: Apache/2.4.3 (Win32) OpenSSL/1.0.1c PHP/5.4.7 configured -- resuming normal operations
[Tue Sep 17 11:25:08.056795 2024] [mpm_winnt:notice] [pid 5556:tid 296] AH00456: Server built: Aug 18 2012 12:41:37
[Tue Sep 17 11:25:08.056795 2024] [core:notice] [pid 5556:tid 296] AH00094: Command line: 'apache\\bin\\httpd.exe -d C:/SYSME/SGC/xampp/apache'
[Tue Sep 17 11:25:08.056795 2024] [mpm_winnt:notice] [pid 5556:tid 296] AH00418: Parent: Created child process 1096
[Tue Sep 17 11:25:08.965401 2024] [ssl:warn] [pid 1096:tid 292] AH01873: Init: Session Cache is not configured [hint: SSLSessionCache]
[Tue Sep 17 11:25:09.011432 2024] [mpm_winnt:notice] [pid 1096:tid 292] AH00354: Child: Starting 150 worker threads.
[Tue Sep 17 13:14:33.328535 2024] [core:warn] [pid 2944:tid 284] AH00098: pid file C:/SYSME/SGC/xampp/apache/logs/httpd.pid overwritten -- Unclean shutdown of previous Apache run?
[Tue Sep 17 13:14:33.656675 2024] [ssl:warn] [pid 2944:tid 284] AH01873: Init: Session Cache is not configured [hint: SSLSessionCache]
[Tue Sep 17 13:14:33.703553 2024] [mpm_winnt:notice] [pid 2944:tid 284] AH00455: Apache/2.4.3 (Win32) OpenSSL/1.0.1c PHP/5.4.7 configured -- resuming normal operations
[Tue Sep 17 13:14:33.703553 2024] [mpm_winnt:notice] [pid 2944:tid 284] AH00456: Server built: Aug 18 2012 12:41:37
[Tue Sep 17 13:14:33.703553 2024] [core:notice] [pid 2944:tid 284] AH00094: Command line: 'apache\\bin\\httpd.exe -d C:/SYSME/SGC/xampp/apache'
[Tue Sep 17 13:14:33.703553 2024] [mpm_winnt:notice] [pid 2944:tid 284] AH00418: Parent: Created child process 1328
[Tue Sep 17 13:14:34.719231 2024] [ssl:warn] [pid 1328:tid 296] AH01873: Init: Session Cache is not configured [hint: SSLSessionCache]
[Tue Sep 17 13:14:34.766110 2024] [mpm_winnt:notice] [pid 1328:tid 296] AH00354: Child: Starting 150 worker threads.
[Sat Sep 21 11:50:57.230831 2024] [core:warn] [pid 4368:tid 288] AH00098: pid file C:/SYSME/SGC/xampp/apache/logs/httpd.pid overwritten -- Unclean shutdown of previous Apache run?
[Sat Sep 21 11:50:57.558949 2024] [ssl:warn] [pid 4368:tid 288] AH01873: Init: Session Cache is not configured [hint: SSLSessionCache]
[Sat Sep 21 11:50:57.605828 2024] [mpm_winnt:notice] [pid 4368:tid 288] AH00455: Apache/2.4.3 (Win32) OpenSSL/1.0.1c PHP/5.4.7 configured -- resuming normal operations
[Sat Sep 21 11:50:57.605828 2024] [mpm_winnt:notice] [pid 4368:tid 288] AH00456: Server built: Aug 18 2012 12:41:37
[Sat Sep 21 11:50:57.605828 2024] [core:notice] [pid 4368:tid 288] AH00094: Command line: 'apache\\bin\\httpd.exe -d C:/SYSME/SGC/xampp/apache'
[Sat Sep 21 11:50:57.605828 2024] [mpm_winnt:notice] [pid 4368:tid 288] AH00418: Parent: Created child process 3540
[Sat Sep 21 11:50:58.449622 2024] [ssl:warn] [pid 3540:tid 292] AH01873: Init: Session Cache is not configured [hint: SSLSessionCache]
[Sat Sep 21 11:50:58.496499 2024] [mpm_winnt:notice] [pid 3540:tid 292] AH00354: Child: Starting 150 worker threads.
[Sun Sep 22 12:43:57.379937 2024] [core:warn] [pid 3496:tid 300] AH00098: pid file C:/SYSME/SGC/xampp/apache/logs/httpd.pid overwritten -- Unclean shutdown of previous Apache run?
[Sun Sep 22 12:43:57.676825 2024] [ssl:warn] [pid 3496:tid 300] AH01873: Init: Session Cache is not configured [hint: SSLSessionCache]
[Sun Sep 22 12:43:57.739332 2024] [mpm_winnt:notice] [pid 3496:tid 300] AH00455: Apache/2.4.3 (Win32) OpenSSL/1.0.1c PHP/5.4.7 configured -- resuming normal operations
[Sun Sep 22 12:43:57.739332 2024] [mpm_winnt:notice] [pid 3496:tid 300] AH00456: Server built: Aug 18 2012 12:41:37
[Sun Sep 22 12:43:57.739332 2024] [core:notice] [pid 3496:tid 300] AH00094: Command line: 'apache\\bin\\httpd.exe -d C:/SYSME/SGC/xampp/apache'
[Sun Sep 22 12:43:57.739332 2024] [mpm_winnt:notice] [pid 3496:tid 300] AH00418: Parent: Created child process 2864
[Sun Sep 22 12:43:58.614373 2024] [ssl:warn] [pid 2864:tid 292] AH01873: Init: Session Cache is not configured [hint: SSLSessionCache]
[Sun Sep 22 12:43:58.661251 2024] [mpm_winnt:notice] [pid 2864:tid 292] AH00354: Child: Starting 150 worker threads.
[Mon Sep 23 11:19:17.926632 2024] [core:warn] [pid 4512:tid 288] AH00098: pid file C:/SYSME/SGC/xampp/apache/logs/httpd.pid overwritten -- Unclean shutdown of previous Apache run?
[Mon Sep 23 11:19:18.301651 2024] [ssl:warn] [pid 4512:tid 288] AH01873: Init: Session Cache is not configured [hint: SSLSessionCache]
[Mon Sep 23 11:19:18.364154 2024] [mpm_winnt:notice] [pid 4512:tid 288] AH00455: Apache/2.4.3 (Win32) OpenSSL/1.0.1c PHP/5.4.7 configured -- resuming normal operations
[Mon Sep 23 11:19:18.364154 2024] [mpm_winnt:notice] [pid 4512:tid 288] AH00456: Server built: Aug 18 2012 12:41:37
[Mon Sep 23 11:19:18.364154 2024] [core:notice] [pid 4512:tid 288] AH00094: Command line: 'apache\\bin\\httpd.exe -d C:/SYSME/SGC/xampp/apache'
[Mon Sep 23 11:19:18.364154 2024] [mpm_winnt:notice] [pid 4512:tid 288] AH00418: Parent: Created child process 5680
[Mon Sep 23 11:19:19.286077 2024] [ssl:warn] [pid 5680:tid 296] AH01873: Init: Session Cache is not configured [hint: SSLSessionCache]
[Mon Sep 23 11:19:19.332954 2024] [mpm_winnt:notice] [pid 5680:tid 296] AH00354: Child: Starting 150 worker threads.
[Tue Sep 24 11:20:36.189862 2024] [core:warn] [pid 4856:tid 288] AH00098: pid file C:/SYSME/SGC/xampp/apache/logs/httpd.pid overwritten -- Unclean shutdown of previous Apache run?
[Tue Sep 24 11:20:36.611756 2024] [ssl:warn] [pid 4856:tid 288] AH01873: Init: Session Cache is not configured [hint: SSLSessionCache]
[Tue Sep 24 11:20:36.674260 2024] [mpm_winnt:notice] [pid 4856:tid 288] AH00455: Apache/2.4.3 (Win32) OpenSSL/1.0.1c PHP/5.4.7 configured -- resuming normal operations
[Tue Sep 24 11:20:36.674260 2024] [mpm_winnt:notice] [pid 4856:tid 288] AH00456: Server built: Aug 18 2012 12:41:37
[Tue Sep 24 11:20:36.674260 2024] [core:notice] [pid 4856:tid 288] AH00094: Command line: 'apache\\bin\\httpd.exe -d C:/SYSME/SGC/xampp/apache'
[Tue Sep 24 11:20:36.674260 2024] [mpm_winnt:notice] [pid 4856:tid 288] AH00418: Parent: Created child process 692
[Tue Sep 24 11:20:37.752441 2024] [ssl:warn] [pid 692:tid 292] AH01873: Init: Session Cache is not configured [hint: SSLSessionCache]
[Tue Sep 24 11:20:37.799320 2024] [mpm_winnt:notice] [pid 692:tid 292] AH00354: Child: Starting 150 worker threads.
[Wed Sep 25 11:09:35.551393 2024] [core:warn] [pid 3704:tid 304] AH00098: pid file C:/SYSME/SGC/xampp/apache/logs/httpd.pid overwritten -- Unclean shutdown of previous Apache run?
[Wed Sep 25 11:09:35.973287 2024] [ssl:warn] [pid 3704:tid 304] AH01873: Init: Session Cache is not configured [hint: SSLSessionCache]
[Wed Sep 25 11:09:36.035791 2024] [mpm_winnt:notice] [pid 3704:tid 304] AH00455: Apache/2.4.3 (Win32) OpenSSL/1.0.1c PHP/5.4.7 configured -- resuming normal operations
[Wed Sep 25 11:09:36.035791 2024] [mpm_winnt:notice] [pid 3704:tid 304] AH00456: Server built: Aug 18 2012 12:41:37
[Wed Sep 25 11:09:36.035791 2024] [core:notice] [pid 3704:tid 304] AH00094: Command line: 'apache\\bin\\httpd.exe -d C:/SYSME/SGC/xampp/apache'
[Wed Sep 25 11:09:36.035791 2024] [mpm_winnt:notice] [pid 3704:tid 304] AH00418: Parent: Created child process 4452
[Wed Sep 25 11:09:37.129596 2024] [ssl:warn] [pid 4452:tid 296] AH01873: Init: Session Cache is not configured [hint: SSLSessionCache]
[Wed Sep 25 11:09:37.192100 2024] [mpm_winnt:notice] [pid 4452:tid 296] AH00354: Child: Starting 150 worker threads.
[Thu Sep 26 11:03:40.560054 2024] [core:warn] [pid 4140:tid 296] AH00098: pid file C:/SYSME/SGC/xampp/apache/logs/httpd.pid overwritten -- Unclean shutdown of previous Apache run?
[Thu Sep 26 11:03:40.856942 2024] [ssl:warn] [pid 4140:tid 296] AH01873: Init: Session Cache is not configured [hint: SSLSessionCache]
[Thu Sep 26 11:03:40.919445 2024] [mpm_winnt:notice] [pid 4140:tid 296] AH00455: Apache/2.4.3 (Win32) OpenSSL/1.0.1c PHP/5.4.7 configured -- resuming normal operations
[Thu Sep 26 11:03:40.919445 2024] [mpm_winnt:notice] [pid 4140:tid 296] AH00456: Server built: Aug 18 2012 12:41:37
[Thu Sep 26 11:03:40.919445 2024] [core:notice] [pid 4140:tid 296] AH00094: Command line: 'apache\\bin\\httpd.exe -d C:/SYSME/SGC/xampp/apache'
[Thu Sep 26 11:03:40.919445 2024] [mpm_winnt:notice] [pid 4140:tid 296] AH00418: Parent: Created child process 5388
[Thu Sep 26 11:03:41.825917 2024] [ssl:warn] [pid 5388:tid 296] AH01873: Init: Session Cache is not configured [hint: SSLSessionCache]
[Thu Sep 26 11:03:41.872794 2024] [mpm_winnt:notice] [pid 5388:tid 296] AH00354: Child: Starting 150 worker threads.
[Fri Sep 27 11:02:28.937458 2024] [core:warn] [pid 5748:tid 284] AH00098: pid file C:/SYSME/SGC/xampp/apache/logs/httpd.pid overwritten -- Unclean shutdown of previous Apache run?
[Fri Sep 27 11:02:29.281214 2024] [ssl:warn] [pid 5748:tid 284] AH01873: Init: Session Cache is not configured [hint: SSLSessionCache]
[Fri Sep 27 11:02:29.343718 2024] [mpm_winnt:notice] [pid 5748:tid 284] AH00455: Apache/2.4.3 (Win32) OpenSSL/1.0.1c PHP/5.4.7 configured -- resuming normal operations
[Fri Sep 27 11:02:29.343718 2024] [mpm_winnt:notice] [pid 5748:tid 284] AH00456: Server built: Aug 18 2012 12:41:37
[Fri Sep 27 11:02:29.343718 2024] [core:notice] [pid 5748:tid 284] AH00094: Command line: 'apache\\bin\\httpd.exe -d C:/SYSME/SGC/xampp/apache'
[Fri Sep 27 11:02:29.343718 2024] [mpm_winnt:notice] [pid 5748:tid 284] AH00418: Parent: Created child process 5812
[Fri Sep 27 11:02:30.234386 2024] [ssl:warn] [pid 5812:tid 296] AH01873: Init: Session Cache is not configured [hint: SSLSessionCache]
[Fri Sep 27 11:02:30.281264 2024] [mpm_winnt:notice] [pid 5812:tid 296] AH00354: Child: Starting 150 worker threads.
[Sat Sep 28 11:12:28.410187 2024] [core:warn] [pid 5120:tid 288] AH00098: pid file C:/SYSME/SGC/xampp/apache/logs/httpd.pid overwritten -- Unclean shutdown of previous Apache run?
[Sat Sep 28 11:12:28.707061 2024] [ssl:warn] [pid 5120:tid 288] AH01873: Init: Session Cache is not configured [hint: SSLSessionCache]
[Sat Sep 28 11:12:29.160215 2024] [mpm_winnt:notice] [pid 5120:tid 288] AH00455: Apache/2.4.3 (Win32) OpenSSL/1.0.1c PHP/5.4.7 configured -- resuming normal operations
[Sat Sep 28 11:12:29.160215 2024] [mpm_winnt:notice] [pid 5120:tid 288] AH00456: Server built: Aug 18 2012 12:41:37
[Sat Sep 28 11:12:29.160215 2024] [core:notice] [pid 5120:tid 288] AH00094: Command line: 'apache\\bin\\httpd.exe -d C:/SYSME/SGC/xampp/apache'
[Sat Sep 28 11:12:29.175850 2024] [mpm_winnt:notice] [pid 5120:tid 288] AH00418: Parent: Created child process 1344
[Sat Sep 28 11:12:30.113382 2024] [ssl:warn] [pid 1344:tid 292] AH01873: Init: Session Cache is not configured [hint: SSLSessionCache]
[Sat Sep 28 11:12:30.160262 2024] [mpm_winnt:notice] [pid 1344:tid 292] AH00354: Child: Starting 150 worker threads.
[Sun Sep 29 10:58:35.595953 2024] [core:warn] [pid 4252:tid 288] AH00098: pid file C:/SYSME/SGC/xampp/apache/logs/httpd.pid overwritten -- Unclean shutdown of previous Apache run?
[Sun Sep 29 10:58:35.908458 2024] [ssl:warn] [pid 4252:tid 288] AH01873: Init: Session Cache is not configured [hint: SSLSessionCache]
[Sun Sep 29 10:58:35.970962 2024] [mpm_winnt:notice] [pid 4252:tid 288] AH00455: Apache/2.4.3 (Win32) OpenSSL/1.0.1c PHP/5.4.7 configured -- resuming normal operations
[Sun Sep 29 10:58:35.970962 2024] [mpm_winnt:notice] [pid 4252:tid 288] AH00456: Server built: Aug 18 2012 12:41:37
[Sun Sep 29 10:58:35.970962 2024] [core:notice] [pid 4252:tid 288] AH00094: Command line: 'apache\\bin\\httpd.exe -d C:/SYSME/SGC/xampp/apache'
[Sun Sep 29 10:58:35.970962 2024] [mpm_winnt:notice] [pid 4252:tid 288] AH00418: Parent: Created child process 572
[Sun Sep 29 10:58:36.799126 2024] [ssl:warn] [pid 572:tid 300] AH01873: Init: Session Cache is not configured [hint: SSLSessionCache]
[Sun Sep 29 10:58:36.846005 2024] [mpm_winnt:notice] [pid 572:tid 300] AH00354: Child: Starting 150 worker threads.
[Mon Sep 30 11:35:04.935198 2024] [core:warn] [pid 4852:tid 296] AH00098: pid file C:/SYSME/SGC/xampp/apache/logs/httpd.pid overwritten -- Unclean shutdown of previous Apache run?
[Mon Sep 30 11:35:05.263338 2024] [ssl:warn] [pid 4852:tid 296] AH01873: Init: Session Cache is not configured [hint: SSLSessionCache]
[Mon Sep 30 11:35:05.325840 2024] [mpm_winnt:notice] [pid 4852:tid 296] AH00455: Apache/2.4.3 (Win32) OpenSSL/1.0.1c PHP/5.4.7 configured -- resuming normal operations
[Mon Sep 30 11:35:05.325840 2024] [mpm_winnt:notice] [pid 4852:tid 296] AH00456: Server built: Aug 18 2012 12:41:37
[Mon Sep 30 11:35:05.325840 2024] [core:notice] [pid 4852:tid 296] AH00094: Command line: 'apache\\bin\\httpd.exe -d C:/SYSME/SGC/xampp/apache'
[Mon Sep 30 11:35:05.325840 2024] [mpm_winnt:notice] [pid 4852:tid 296] AH00418: Parent: Created child process 3152
[Mon Sep 30 11:35:06.325892 2024] [ssl:warn] [pid 3152:tid 296] AH01873: Init: Session Cache is not configured [hint: SSLSessionCache]
[Mon Sep 30 11:35:06.372770 2024] [mpm_winnt:notice] [pid 3152:tid 296] AH00354: Child: Starting 150 worker threads.
[Tue Oct 01 11:21:19.762844 2024] [core:warn] [pid 4108:tid 284] AH00098: pid file C:/SYSME/SGC/xampp/apache/logs/httpd.pid overwritten -- Unclean shutdown of previous Apache run?
[Tue Oct 01 11:21:20.122237 2024] [ssl:warn] [pid 4108:tid 284] AH01873: Init: Session Cache is not configured [hint: SSLSessionCache]
[Tue Oct 01 11:21:20.169114 2024] [mpm_winnt:notice] [pid 4108:tid 284] AH00455: Apache/2.4.3 (Win32) OpenSSL/1.0.1c PHP/5.4.7 configured -- resuming normal operations
[Tue Oct 01 11:21:20.169114 2024] [mpm_winnt:notice] [pid 4108:tid 284] AH00456: Server built: Aug 18 2012 12:41:37
[Tue Oct 01 11:21:20.169114 2024] [core:notice] [pid 4108:tid 284] AH00094: Command line: 'apache\\bin\\httpd.exe -d C:/SYSME/SGC/xampp/apache'
[Tue Oct 01 11:21:20.169114 2024] [mpm_winnt:notice] [pid 4108:tid 284] AH00418: Parent: Created child process 332
[Tue Oct 01 11:21:21.169166 2024] [ssl:warn] [pid 332:tid 296] AH01873: Init: Session Cache is not configured [hint: SSLSessionCache]
[Tue Oct 01 11:21:21.216043 2024] [mpm_winnt:notice] [pid 332:tid 296] AH00354: Child: Starting 150 worker threads.
[Wed Oct 02 11:42:29.385727 2024] [core:warn] [pid 4656:tid 288] AH00098: pid file C:/SYSME/SGC/xampp/apache/logs/httpd.pid overwritten -- Unclean shutdown of previous Apache run?
[Wed Oct 02 11:42:29.713844 2024] [ssl:warn] [pid 4656:tid 288] AH01873: Init: Session Cache is not configured [hint: SSLSessionCache]
[Wed Oct 02 11:42:29.776348 2024] [mpm_winnt:notice] [pid 4656:tid 288] AH00455: Apache/2.4.3 (Win32) OpenSSL/1.0.1c PHP/5.4.7 configured -- resuming normal operations
[Wed Oct 02 11:42:29.776348 2024] [mpm_winnt:notice] [pid 4656:tid 288] AH00456: Server built: Aug 18 2012 12:41:37
[Wed Oct 02 11:42:29.776348 2024] [core:notice] [pid 4656:tid 288] AH00094: Command line: 'apache\\bin\\httpd.exe -d C:/SYSME/SGC/xampp/apache'
[Wed Oct 02 11:42:29.776348 2024] [mpm_winnt:notice] [pid 4656:tid 288] AH00418: Parent: Created child process 7828
[Wed Oct 02 11:42:30.557639 2024] [ssl:warn] [pid 7828:tid 292] AH01873: Init: Session Cache is not configured [hint: SSLSessionCache]
[Wed Oct 02 11:42:30.604517 2024] [mpm_winnt:notice] [pid 7828:tid 292] AH00354: Child: Starting 150 worker threads.
[Wed Oct 02 16:50:05.437329 2024] [core:warn] [pid 660:tid 300] AH00098: pid file C:/SYSME/SGC/xampp/apache/logs/httpd.pid overwritten -- Unclean shutdown of previous Apache run?
[Wed Oct 02 16:50:05.765475 2024] [ssl:warn] [pid 660:tid 300] AH01873: Init: Session Cache is not configured [hint: SSLSessionCache]
[Wed Oct 02 16:50:05.827977 2024] [mpm_winnt:notice] [pid 660:tid 300] AH00455: Apache/2.4.3 (Win32) OpenSSL/1.0.1c PHP/5.4.7 configured -- resuming normal operations
[Wed Oct 02 16:50:05.827977 2024] [mpm_winnt:notice] [pid 660:tid 300] AH00456: Server built: Aug 18 2012 12:41:37
[Wed Oct 02 16:50:05.827977 2024] [core:notice] [pid 660:tid 300] AH00094: Command line: 'apache\\bin\\httpd.exe -d C:/SYSME/SGC/xampp/apache'
[Wed Oct 02 16:50:05.827977 2024] [mpm_winnt:notice] [pid 660:tid 300] AH00418: Parent: Created child process 2724
[Wed Oct 02 16:50:06.578016 2024] [ssl:warn] [pid 2724:tid 296] AH01873: Init: Session Cache is not configured [hint: SSLSessionCache]
[Wed Oct 02 16:50:06.624895 2024] [mpm_winnt:notice] [pid 2724:tid 296] AH00354: Child: Starting 150 worker threads.
[Thu Oct 03 12:42:49.349277 2024] [core:warn] [pid 2216:tid 284] AH00098: pid file C:/SYSME/SGC/xampp/apache/logs/httpd.pid overwritten -- Unclean shutdown of previous Apache run?
[Thu Oct 03 12:42:49.797574 2024] [ssl:warn] [pid 2216:tid 284] AH01873: Init: Session Cache is not configured [hint: SSLSessionCache]
[Thu Oct 03 12:42:49.857614 2024] [mpm_winnt:notice] [pid 2216:tid 284] AH00455: Apache/2.4.3 (Win32) OpenSSL/1.0.1c PHP/5.4.7 configured -- resuming normal operations
[Thu Oct 03 12:42:49.857614 2024] [mpm_winnt:notice] [pid 2216:tid 284] AH00456: Server built: Aug 18 2012 12:41:37
[Thu Oct 03 12:42:49.857614 2024] [core:notice] [pid 2216:tid 284] AH00094: Command line: 'apache\\bin\\httpd.exe -d C:/SYSME/SGC/xampp/apache'
[Thu Oct 03 12:42:49.858614 2024] [mpm_winnt:notice] [pid 2216:tid 284] AH00418: Parent: Created child process 5596
[Thu Oct 03 12:42:50.824592 2024] [ssl:warn] [pid 5596:tid 292] AH01873: Init: Session Cache is not configured [hint: SSLSessionCache]
[Thu Oct 03 12:42:50.870622 2024] [mpm_winnt:notice] [pid 5596:tid 292] AH00354: Child: Starting 150 worker threads.
[Fri Oct 04 11:15:04.847521 2024] [core:warn] [pid 4604:tid 292] AH00098: pid file C:/SYSME/SGC/xampp/apache/logs/httpd.pid overwritten -- Unclean shutdown of previous Apache run?
[Fri Oct 04 11:15:05.160016 2024] [ssl:warn] [pid 4604:tid 292] AH01873: Init: Session Cache is not configured [hint: SSLSessionCache]
[Fri Oct 04 11:15:05.222522 2024] [mpm_winnt:notice] [pid 4604:tid 292] AH00455: Apache/2.4.3 (Win32) OpenSSL/1.0.1c PHP/5.4.7 configured -- resuming normal operations
[Fri Oct 04 11:15:05.222522 2024] [mpm_winnt:notice] [pid 4604:tid 292] AH00456: Server built: Aug 18 2012 12:41:37
[Fri Oct 04 11:15:05.222522 2024] [core:notice] [pid 4604:tid 292] AH00094: Command line: 'apache\\bin\\httpd.exe -d C:/SYSME/SGC/xampp/apache'
[Fri Oct 04 11:15:05.222522 2024] [mpm_winnt:notice] [pid 4604:tid 292] AH00418: Parent: Created child process 1292
[Fri Oct 04 11:15:06.081941 2024] [ssl:warn] [pid 1292:tid 292] AH01873: Init: Session Cache is not configured [hint: SSLSessionCache]
[Fri Oct 04 11:15:06.128819 2024] [mpm_winnt:notice] [pid 1292:tid 292] AH00354: Child: Starting 150 worker threads.
[Sat Oct 05 11:25:13.609626 2024] [core:warn] [pid 4540:tid 284] AH00098: pid file C:/SYSME/SGC/xampp/apache/logs/httpd.pid overwritten -- Unclean shutdown of previous Apache run?
[Sat Oct 05 11:25:13.906515 2024] [ssl:warn] [pid 4540:tid 284] AH01873: Init: Session Cache is not configured [hint: SSLSessionCache]
[Sat Oct 05 11:25:13.969018 2024] [mpm_winnt:notice] [pid 4540:tid 284] AH00455: Apache/2.4.3 (Win32) OpenSSL/1.0.1c PHP/5.4.7 configured -- resuming normal operations
[Sat Oct 05 11:25:13.969018 2024] [mpm_winnt:notice] [pid 4540:tid 284] AH00456: Server built: Aug 18 2012 12:41:37
[Sat Oct 05 11:25:13.969018 2024] [core:notice] [pid 4540:tid 284] AH00094: Command line: 'apache\\bin\\httpd.exe -d C:/SYSME/SGC/xampp/apache'
[Sat Oct 05 11:25:13.969018 2024] [mpm_winnt:notice] [pid 4540:tid 284] AH00418: Parent: Created child process 548
[Sat Oct 05 11:25:14.844143 2024] [ssl:warn] [pid 548:tid 292] AH01873: Init: Session Cache is not configured [hint: SSLSessionCache]
[Sat Oct 05 11:25:14.891020 2024] [mpm_winnt:notice] [pid 548:tid 292] AH00354: Child: Starting 150 worker threads.
[Sun Oct 06 11:31:51.758530 2024] [core:warn] [pid 5944:tid 288] AH00098: pid file C:/SYSME/SGC/xampp/apache/logs/httpd.pid overwritten -- Unclean shutdown of previous Apache run?
[Sun Oct 06 11:31:52.149173 2024] [ssl:warn] [pid 5944:tid 288] AH01873: Init: Session Cache is not configured [hint: SSLSessionCache]
[Sun Oct 06 11:31:52.211681 2024] [mpm_winnt:notice] [pid 5944:tid 288] AH00455: Apache/2.4.3 (Win32) OpenSSL/1.0.1c PHP/5.4.7 configured -- resuming normal operations
[Sun Oct 06 11:31:52.211681 2024] [mpm_winnt:notice] [pid 5944:tid 288] AH00456: Server built: Aug 18 2012 12:41:37
[Sun Oct 06 11:31:52.211681 2024] [core:notice] [pid 5944:tid 288] AH00094: Command line: 'apache\\bin\\httpd.exe -d C:/SYSME/SGC/xampp/apache'
[Sun Oct 06 11:31:52.211681 2024] [mpm_winnt:notice] [pid 5944:tid 288] AH00418: Parent: Created child process 1476
[Sun Oct 06 11:31:53.102350 2024] [ssl:warn] [pid 1476:tid 292] AH01873: Init: Session Cache is not configured [hint: SSLSessionCache]
[Sun Oct 06 11:31:53.149228 2024] [mpm_winnt:notice] [pid 1476:tid 292] AH00354: Child: Starting 150 worker threads.
[Mon Oct 07 12:04:20.778904 2024] [core:warn] [pid 3484:tid 288] AH00098: pid file C:/SYSME/SGC/xampp/apache/logs/httpd.pid overwritten -- Unclean shutdown of previous Apache run?
[Mon Oct 07 12:04:21.153913 2024] [ssl:warn] [pid 3484:tid 288] AH01873: Init: Session Cache is not configured [hint: SSLSessionCache]
[Mon Oct 07 12:04:21.216418 2024] [mpm_winnt:notice] [pid 3484:tid 288] AH00455: Apache/2.4.3 (Win32) OpenSSL/1.0.1c PHP/5.4.7 configured -- resuming normal operations
[Mon Oct 07 12:04:21.216418 2024] [mpm_winnt:notice] [pid 3484:tid 288] AH00456: Server built: Aug 18 2012 12:41:37
[Mon Oct 07 12:04:21.216418 2024] [core:notice] [pid 3484:tid 288] AH00094: Command line: 'apache\\bin\\httpd.exe -d C:/SYSME/SGC/xampp/apache'
[Mon Oct 07 12:04:21.216418 2024] [mpm_winnt:notice] [pid 3484:tid 288] AH00418: Parent: Created child process 5152
[Mon Oct 07 12:04:22.091463 2024] [ssl:warn] [pid 5152:tid 296] AH01873: Init: Session Cache is not configured [hint: SSLSessionCache]
[Mon Oct 07 12:04:22.138341 2024] [mpm_winnt:notice] [pid 5152:tid 296] AH00354: Child: Starting 150 worker threads.
[Tue Oct 08 11:59:26.586718 2024] [core:warn] [pid 3204:tid 296] AH00098: pid file C:/SYSME/SGC/xampp/apache/logs/httpd.pid overwritten -- Unclean shutdown of previous Apache run?
[Tue Oct 08 11:59:26.961739 2024] [ssl:warn] [pid 3204:tid 296] AH01873: Init: Session Cache is not configured [hint: SSLSessionCache]
[Tue Oct 08 11:59:27.024241 2024] [mpm_winnt:notice] [pid 3204:tid 296] AH00455: Apache/2.4.3 (Win32) OpenSSL/1.0.1c PHP/5.4.7 configured -- resuming normal operations
[Tue Oct 08 11:59:27.024241 2024] [mpm_winnt:notice] [pid 3204:tid 296] AH00456: Server built: Aug 18 2012 12:41:37
[Tue Oct 08 11:59:27.024241 2024] [core:notice] [pid 3204:tid 296] AH00094: Command line: 'apache\\bin\\httpd.exe -d C:/SYSME/SGC/xampp/apache'
[Tue Oct 08 11:59:27.024241 2024] [mpm_winnt:notice] [pid 3204:tid 296] AH00418: Parent: Created child process 4984
[Tue Oct 08 11:59:28.008670 2024] [ssl:warn] [pid 4984:tid 292] AH01873: Init: Session Cache is not configured [hint: SSLSessionCache]
[Tue Oct 08 11:59:28.071173 2024] [mpm_winnt:notice] [pid 4984:tid 292] AH00354: Child: Starting 150 worker threads.
[Wed Oct 09 11:55:46.602066 2024] [core:warn] [pid 5496:tid 288] AH00098: pid file C:/SYSME/SGC/xampp/apache/logs/httpd.pid overwritten -- Unclean shutdown of previous Apache run?
[Wed Oct 09 11:55:47.039591 2024] [ssl:warn] [pid 5496:tid 288] AH01873: Init: Session Cache is not configured [hint: SSLSessionCache]
[Wed Oct 09 11:55:47.102094 2024] [mpm_winnt:notice] [pid 5496:tid 288] AH00455: Apache/2.4.3 (Win32) OpenSSL/1.0.1c PHP/5.4.7 configured -- resuming normal operations
[Wed Oct 09 11:55:47.102094 2024] [mpm_winnt:notice] [pid 5496:tid 288] AH00456: Server built: Aug 18 2012 12:41:37
[Wed Oct 09 11:55:47.102094 2024] [core:notice] [pid 5496:tid 288] AH00094: Command line: 'apache\\bin\\httpd.exe -d C:/SYSME/SGC/xampp/apache'
[Wed Oct 09 11:55:47.117720 2024] [mpm_winnt:notice] [pid 5496:tid 288] AH00418: Parent: Created child process 3136
[Wed Oct 09 11:55:48.024017 2024] [ssl:warn] [pid 3136:tid 296] AH01873: Init: Session Cache is not configured [hint: SSLSessionCache]
[Wed Oct 09 11:55:48.070894 2024] [mpm_winnt:notice] [pid 3136:tid 296] AH00354: Child: Starting 150 worker threads.
[Thu Oct 10 12:15:13.255989 2024] [core:warn] [pid 5548:tid 296] AH00098: pid file C:/SYSME/SGC/xampp/apache/logs/httpd.pid overwritten -- Unclean shutdown of previous Apache run?
[Thu Oct 10 12:15:13.631008 2024] [ssl:warn] [pid 5548:tid 296] AH01873: Init: Session Cache is not configured [hint: SSLSessionCache]
[Thu Oct 10 12:15:13.693512 2024] [mpm_winnt:notice] [pid 5548:tid 296] AH00455: Apache/2.4.3 (Win32) OpenSSL/1.0.1c PHP/5.4.7 configured -- resuming normal operations
[Thu Oct 10 12:15:13.693512 2024] [mpm_winnt:notice] [pid 5548:tid 296] AH00456: Server built: Aug 18 2012 12:41:37
[Thu Oct 10 12:15:13.693512 2024] [core:notice] [pid 5548:tid 296] AH00094: Command line: 'apache\\bin\\httpd.exe -d C:/SYSME/SGC/xampp/apache'
[Thu Oct 10 12:15:13.693512 2024] [mpm_winnt:notice] [pid 5548:tid 296] AH00418: Parent: Created child process 448
[Thu Oct 10 12:15:14.834197 2024] [ssl:warn] [pid 448:tid 300] AH01873: Init: Session Cache is not configured [hint: SSLSessionCache]
[Thu Oct 10 12:15:14.881077 2024] [mpm_winnt:notice] [pid 448:tid 300] AH00354: Child: Starting 150 worker threads.
[Fri Oct 11 11:27:28.423482 2024] [core:warn] [pid 52:tid 292] AH00098: pid file C:/SYSME/SGC/xampp/apache/logs/httpd.pid overwritten -- Unclean shutdown of previous Apache run?
[Fri Oct 11 11:27:28.782858 2024] [ssl:warn] [pid 52:tid 292] AH01873: Init: Session Cache is not configured [hint: SSLSessionCache]
[Fri Oct 11 11:27:28.845361 2024] [mpm_winnt:notice] [pid 52:tid 292] AH00455: Apache/2.4.3 (Win32) OpenSSL/1.0.1c PHP/5.4.7 configured -- resuming normal operations
[Fri Oct 11 11:27:28.845361 2024] [mpm_winnt:notice] [pid 52:tid 292] AH00456: Server built: Aug 18 2012 12:41:37
[Fri Oct 11 11:27:28.845361 2024] [core:notice] [pid 52:tid 292] AH00094: Command line: 'apache\\bin\\httpd.exe -d C:/SYSME/SGC/xampp/apache'
[Fri Oct 11 11:27:28.845361 2024] [mpm_winnt:notice] [pid 52:tid 292] AH00418: Parent: Created child process 6104
[Fri Oct 11 11:27:29.704784 2024] [ssl:warn] [pid 6104:tid 296] AH01873: Init: Session Cache is not configured [hint: SSLSessionCache]
[Fri Oct 11 11:27:29.751661 2024] [mpm_winnt:notice] [pid 6104:tid 296] AH00354: Child: Starting 150 worker threads.
[Sat Oct 12 11:26:04.599150 2024] [core:warn] [pid 3240:tid 296] AH00098: pid file C:/SYSME/SGC/xampp/apache/logs/httpd.pid overwritten -- Unclean shutdown of previous Apache run?
[Sat Oct 12 11:26:04.896027 2024] [ssl:warn] [pid 3240:tid 296] AH01873: Init: Session Cache is not configured [hint: SSLSessionCache]
[Sat Oct 12 11:26:04.958533 2024] [mpm_winnt:notice] [pid 3240:tid 296] AH00455: Apache/2.4.3 (Win32) OpenSSL/1.0.1c PHP/5.4.7 configured -- resuming normal operations
[Sat Oct 12 11:26:04.958533 2024] [mpm_winnt:notice] [pid 3240:tid 296] AH00456: Server built: Aug 18 2012 12:41:37
[Sat Oct 12 11:26:04.958533 2024] [core:notice] [pid 3240:tid 296] AH00094: Command line: 'apache\\bin\\httpd.exe -d C:/SYSME/SGC/xampp/apache'
[Sat Oct 12 11:26:04.958533 2024] [mpm_winnt:notice] [pid 3240:tid 296] AH00418: Parent: Created child process 6048
[Sat Oct 12 11:26:05.880457 2024] [ssl:warn] [pid 6048:tid 296] AH01873: Init: Session Cache is not configured [hint: SSLSessionCache]
[Sat Oct 12 11:26:05.927332 2024] [mpm_winnt:notice] [pid 6048:tid 296] AH00354: Child: Starting 150 worker threads.
[Sun Oct 13 12:11:07.641268 2024] [core:warn] [pid 912:tid 292] AH00098: pid file C:/SYSME/SGC/xampp/apache/logs/httpd.pid overwritten -- Unclean shutdown of previous Apache run?
[Sun Oct 13 12:11:07.938156 2024] [ssl:warn] [pid 912:tid 292] AH01873: Init: Session Cache is not configured [hint: SSLSessionCache]
[Sun Oct 13 12:11:07.985033 2024] [mpm_winnt:notice] [pid 912:tid 292] AH00455: Apache/2.4.3 (Win32) OpenSSL/1.0.1c PHP/5.4.7 configured -- resuming normal operations
[Sun Oct 13 12:11:07.985033 2024] [mpm_winnt:notice] [pid 912:tid 292] AH00456: Server built: Aug 18 2012 12:41:37
[Sun Oct 13 12:11:07.985033 2024] [core:notice] [pid 912:tid 292] AH00094: Command line: 'apache\\bin\\httpd.exe -d C:/SYSME/SGC/xampp/apache'
[Sun Oct 13 12:11:08.000661 2024] [mpm_winnt:notice] [pid 912:tid 292] AH00418: Parent: Created child process 1560
[Sun Oct 13 12:11:08.828905 2024] [ssl:warn] [pid 1560:tid 292] AH01873: Init: Session Cache is not configured [hint: SSLSessionCache]
[Sun Oct 13 12:11:08.875783 2024] [mpm_winnt:notice] [pid 1560:tid 292] AH00354: Child: Starting 150 worker threads.
[Mon Oct 14 12:58:28.647861 2024] [core:warn] [pid 6008:tid 304] AH00098: pid file C:/SYSME/SGC/xampp/apache/logs/httpd.pid overwritten -- Unclean shutdown of previous Apache run?
[Mon Oct 14 12:58:28.976001 2024] [ssl:warn] [pid 6008:tid 304] AH01873: Init: Session Cache is not configured [hint: SSLSessionCache]
[Mon Oct 14 12:58:29.022880 2024] [mpm_winnt:notice] [pid 6008:tid 304] AH00455: Apache/2.4.3 (Win32) OpenSSL/1.0.1c PHP/5.4.7 configured -- resuming normal operations
[Mon Oct 14 12:58:29.022880 2024] [mpm_winnt:notice] [pid 6008:tid 304] AH00456: Server built: Aug 18 2012 12:41:37
[Mon Oct 14 12:58:29.022880 2024] [core:notice] [pid 6008:tid 304] AH00094: Command line: 'apache\\bin\\httpd.exe -d C:/SYSME/SGC/xampp/apache'
[Mon Oct 14 12:58:29.022880 2024] [mpm_winnt:notice] [pid 6008:tid 304] AH00418: Parent: Created child process 40
[Mon Oct 14 12:58:29.851048 2024] [ssl:warn] [pid 40:tid 292] AH01873: Init: Session Cache is not configured [hint: SSLSessionCache]
[Mon Oct 14 12:58:29.897928 2024] [mpm_winnt:notice] [pid 40:tid 292] AH00354: Child: Starting 150 worker threads.
[Tue Oct 15 12:54:11.340998 2024] [core:warn] [pid 5560:tid 292] AH00098: pid file C:/SYSME/SGC/xampp/apache/logs/httpd.pid overwritten -- Unclean shutdown of previous Apache run?
[Tue Oct 15 12:54:11.669131 2024] [ssl:warn] [pid 5560:tid 292] AH01873: Init: Session Cache is not configured [hint: SSLSessionCache]
[Tue Oct 15 12:54:11.731637 2024] [mpm_winnt:notice] [pid 5560:tid 292] AH00455: Apache/2.4.3 (Win32) OpenSSL/1.0.1c PHP/5.4.7 configured -- resuming normal operations
[Tue Oct 15 12:54:11.731637 2024] [mpm_winnt:notice] [pid 5560:tid 292] AH00456: Server built: Aug 18 2012 12:41:37
[Tue Oct 15 12:54:11.731637 2024] [core:notice] [pid 5560:tid 292] AH00094: Command line: 'apache\\bin\\httpd.exe -d C:/SYSME/SGC/xampp/apache'
[Tue Oct 15 12:54:11.731637 2024] [mpm_winnt:notice] [pid 5560:tid 292] AH00418: Parent: Created child process 5708
[Tue Oct 15 12:54:12.575430 2024] [ssl:warn] [pid 5708:tid 292] AH01873: Init: Session Cache is not configured [hint: SSLSessionCache]
[Tue Oct 15 12:54:12.622308 2024] [mpm_winnt:notice] [pid 5708:tid 292] AH00354: Child: Starting 150 worker threads.
[Thu Oct 17 12:54:37.802859 2024] [core:warn] [pid 7868:tid 292] AH00098: pid file C:/SYSME/SGC/xampp/apache/logs/httpd.pid overwritten -- Unclean shutdown of previous Apache run?
[Thu Oct 17 12:54:38.162251 2024] [ssl:warn] [pid 7868:tid 292] AH01873: Init: Session Cache is not configured [hint: SSLSessionCache]
[Thu Oct 17 12:54:38.209130 2024] [mpm_winnt:notice] [pid 7868:tid 292] AH00455: Apache/2.4.3 (Win32) OpenSSL/1.0.1c PHP/5.4.7 configured -- resuming normal operations
[Thu Oct 17 12:54:38.209130 2024] [mpm_winnt:notice] [pid 7868:tid 292] AH00456: Server built: Aug 18 2012 12:41:37
[Thu Oct 17 12:54:38.209130 2024] [core:notice] [pid 7868:tid 292] AH00094: Command line: 'apache\\bin\\httpd.exe -d C:/SYSME/SGC/xampp/apache'
[Thu Oct 17 12:54:38.209130 2024] [mpm_winnt:notice] [pid 7868:tid 292] AH00418: Parent: Created child process 7320
[Thu Oct 17 12:54:39.115426 2024] [ssl:warn] [pid 7320:tid 296] AH01873: Init: Session Cache is not configured [hint: SSLSessionCache]
[Thu Oct 17 12:54:39.162306 2024] [mpm_winnt:notice] [pid 7320:tid 296] AH00354: Child: Starting 150 worker threads.
[Fri Oct 18 12:19:12.404318 2024] [core:warn] [pid 5348:tid 300] AH00098: pid file C:/SYSME/SGC/xampp/apache/logs/httpd.pid overwritten -- Unclean shutdown of previous Apache run?
[Fri Oct 18 12:19:12.732460 2024] [ssl:warn] [pid 5348:tid 300] AH01873: Init: Session Cache is not configured [hint: SSLSessionCache]
[Fri Oct 18 12:19:12.794965 2024] [mpm_winnt:notice] [pid 5348:tid 300] AH00455: Apache/2.4.3 (Win32) OpenSSL/1.0.1c PHP/5.4.7 configured -- resuming normal operations
[Fri Oct 18 12:19:12.794965 2024] [mpm_winnt:notice] [pid 5348:tid 300] AH00456: Server built: Aug 18 2012 12:41:37
[Fri Oct 18 12:19:12.794965 2024] [core:notice] [pid 5348:tid 300] AH00094: Command line: 'apache\\bin\\httpd.exe -d C:/SYSME/SGC/xampp/apache'
[Fri Oct 18 12:19:12.794965 2024] [mpm_winnt:notice] [pid 5348:tid 300] AH00418: Parent: Created child process 3020
[Fri Oct 18 12:19:13.623133 2024] [ssl:warn] [pid 3020:tid 300] AH01873: Init: Session Cache is not configured [hint: SSLSessionCache]
[Fri Oct 18 12:19:13.670011 2024] [mpm_winnt:notice] [pid 3020:tid 300] AH00354: Child: Starting 150 worker threads.
[Sat Oct 19 12:12:09.939582 2024] [core:warn] [pid 2896:tid 288] AH00098: pid file C:/SYSME/SGC/xampp/apache/logs/httpd.pid overwritten -- Unclean shutdown of previous Apache run?
[Sat Oct 19 12:12:10.314601 2024] [ssl:warn] [pid 2896:tid 288] AH01873: Init: Session Cache is not configured [hint: SSLSessionCache]
[Sat Oct 19 12:12:10.377105 2024] [mpm_winnt:notice] [pid 2896:tid 288] AH00455: Apache/2.4.3 (Win32) OpenSSL/1.0.1c PHP/5.4.7 configured -- resuming normal operations
[Sat Oct 19 12:12:10.377105 2024] [mpm_winnt:notice] [pid 2896:tid 288] AH00456: Server built: Aug 18 2012 12:41:37
[Sat Oct 19 12:12:10.377105 2024] [core:notice] [pid 2896:tid 288] AH00094: Command line: 'apache\\bin\\httpd.exe -d C:/SYSME/SGC/xampp/apache'
[Sat Oct 19 12:12:10.377105 2024] [mpm_winnt:notice] [pid 2896:tid 288] AH00418: Parent: Created child process 5084
[Sat Oct 19 12:12:11.377158 2024] [ssl:warn] [pid 5084:tid 292] AH01873: Init: Session Cache is not configured [hint: SSLSessionCache]
[Sat Oct 19 12:12:11.424035 2024] [mpm_winnt:notice] [pid 5084:tid 292] AH00354: Child: Starting 150 worker threads.
[Sun Oct 20 12:31:20.045621 2024] [core:warn] [pid 3772:tid 288] AH00098: pid file C:/SYSME/SGC/xampp/apache/logs/httpd.pid overwritten -- Unclean shutdown of previous Apache run?
[Sun Oct 20 12:31:20.358135 2024] [ssl:warn] [pid 3772:tid 288] AH01873: Init: Session Cache is not configured [hint: SSLSessionCache]
[Sun Oct 20 12:31:20.405014 2024] [mpm_winnt:notice] [pid 3772:tid 288] AH00455: Apache/2.4.3 (Win32) OpenSSL/1.0.1c PHP/5.4.7 configured -- resuming normal operations
[Sun Oct 20 12:31:20.405014 2024] [mpm_winnt:notice] [pid 3772:tid 288] AH00456: Server built: Aug 18 2012 12:41:37
[Sun Oct 20 12:31:20.405014 2024] [core:notice] [pid 3772:tid 288] AH00094: Command line: 'apache\\bin\\httpd.exe -d C:/SYSME/SGC/xampp/apache'
[Sun Oct 20 12:31:20.405014 2024] [mpm_winnt:notice] [pid 3772:tid 288] AH00418: Parent: Created child process 4972
[Sun Oct 20 12:31:21.264434 2024] [ssl:warn] [pid 4972:tid 296] AH01873: Init: Session Cache is not configured [hint: SSLSessionCache]
[Sun Oct 20 12:31:21.311311 2024] [mpm_winnt:notice] [pid 4972:tid 296] AH00354: Child: Starting 150 worker threads.
[Mon Oct 21 12:07:22.887191 2024] [core:warn] [pid 4604:tid 284] AH00098: pid file C:/SYSME/SGC/xampp/apache/logs/httpd.pid overwritten -- Unclean shutdown of previous Apache run?
[Mon Oct 21 12:07:23.246582 2024] [ssl:warn] [pid 4604:tid 284] AH01873: Init: Session Cache is not configured [hint: SSLSessionCache]
[Mon Oct 21 12:07:23.324712 2024] [mpm_winnt:notice] [pid 4604:tid 284] AH00455: Apache/2.4.3 (Win32) OpenSSL/1.0.1c PHP/5.4.7 configured -- resuming normal operations
[Mon Oct 21 12:07:23.324712 2024] [mpm_winnt:notice] [pid 4604:tid 284] AH00456: Server built: Aug 18 2012 12:41:37
[Mon Oct 21 12:07:23.324712 2024] [core:notice] [pid 4604:tid 284] AH00094: Command line: 'apache\\bin\\httpd.exe -d C:/SYSME/SGC/xampp/apache'
[Mon Oct 21 12:07:23.324712 2024] [mpm_winnt:notice] [pid 4604:tid 284] AH00418: Parent: Created child process 3708
[Mon Oct 21 12:07:24.449772 2024] [ssl:warn] [pid 3708:tid 292] AH01873: Init: Session Cache is not configured [hint: SSLSessionCache]
[Mon Oct 21 12:07:24.496652 2024] [mpm_winnt:notice] [pid 3708:tid 292] AH00354: Child: Starting 150 worker threads.
[Tue Oct 22 12:46:27.842092 2024] [core:warn] [pid 6196:tid 296] AH00098: pid file C:/SYSME/SGC/xampp/apache/logs/httpd.pid overwritten -- Unclean shutdown of previous Apache run?
[Tue Oct 22 12:46:28.232727 2024] [ssl:warn] [pid 6196:tid 296] AH01873: Init: Session Cache is not configured [hint: SSLSessionCache]
[Tue Oct 22 12:46:28.279605 2024] [mpm_winnt:notice] [pid 6196:tid 296] AH00455: Apache/2.4.3 (Win32) OpenSSL/1.0.1c PHP/5.4.7 configured -- resuming normal operations
[Tue Oct 22 12:46:28.279605 2024] [mpm_winnt:notice] [pid 6196:tid 296] AH00456: Server built: Aug 18 2012 12:41:37
[Tue Oct 22 12:46:28.279605 2024] [core:notice] [pid 6196:tid 296] AH00094: Command line: 'apache\\bin\\httpd.exe -d C:/SYSME/SGC/xampp/apache'
[Tue Oct 22 12:46:28.279605 2024] [mpm_winnt:notice] [pid 6196:tid 296] AH00418: Parent: Created child process 4544
[Tue Oct 22 12:46:29.170276 2024] [ssl:warn] [pid 4544:tid 296] AH01873: Init: Session Cache is not configured [hint: SSLSessionCache]
[Tue Oct 22 12:46:29.217155 2024] [mpm_winnt:notice] [pid 4544:tid 296] AH00354: Child: Starting 150 worker threads.
[Wed Oct 23 12:30:01.211899 2024] [core:warn] [pid 3072:tid 288] AH00098: pid file C:/SYSME/SGC/xampp/apache/logs/httpd.pid overwritten -- Unclean shutdown of previous Apache run?
[Wed Oct 23 12:30:01.555668 2024] [ssl:warn] [pid 3072:tid 288] AH01873: Init: Session Cache is not configured [hint: SSLSessionCache]
[Wed Oct 23 12:30:01.618170 2024] [mpm_winnt:notice] [pid 3072:tid 288] AH00455: Apache/2.4.3 (Win32) OpenSSL/1.0.1c PHP/5.4.7 configured -- resuming normal operations
[Wed Oct 23 12:30:01.618170 2024] [mpm_winnt:notice] [pid 3072:tid 288] AH00456: Server built: Aug 18 2012 12:41:37
[Wed Oct 23 12:30:01.618170 2024] [core:notice] [pid 3072:tid 288] AH00094: Command line: 'apache\\bin\\httpd.exe -d C:/SYSME/SGC/xampp/apache'
[Wed Oct 23 12:30:01.618170 2024] [mpm_winnt:notice] [pid 3072:tid 288] AH00418: Parent: Created child process 4756
[Wed Oct 23 12:30:02.633848 2024] [ssl:warn] [pid 4756:tid 292] AH01873: Init: Session Cache is not configured [hint: SSLSessionCache]
[Wed Oct 23 12:30:02.680728 2024] [mpm_winnt:notice] [pid 4756:tid 292] AH00354: Child: Starting 150 worker threads.
[Thu Oct 24 13:09:32.413898 2024] [core:warn] [pid 2492:tid 284] AH00098: pid file C:/SYSME/SGC/xampp/apache/logs/httpd.pid overwritten -- Unclean shutdown of previous Apache run?
[Thu Oct 24 13:09:32.877208 2024] [ssl:warn] [pid 2492:tid 284] AH01873: Init: Session Cache is not configured [hint: SSLSessionCache]
[Thu Oct 24 13:09:32.939248 2024] [mpm_winnt:notice] [pid 2492:tid 284] AH00455: Apache/2.4.3 (Win32) OpenSSL/1.0.1c PHP/5.4.7 configured -- resuming normal operations
[Thu Oct 24 13:09:32.939248 2024] [mpm_winnt:notice] [pid 2492:tid 284] AH00456: Server built: Aug 18 2012 12:41:37
[Thu Oct 24 13:09:32.939248 2024] [core:notice] [pid 2492:tid 284] AH00094: Command line: 'apache\\bin\\httpd.exe -d C:/SYSME/SGC/xampp/apache'
[Thu Oct 24 13:09:32.940249 2024] [mpm_winnt:notice] [pid 2492:tid 284] AH00418: Parent: Created child process 8064
[Thu Oct 24 13:09:34.035982 2024] [ssl:warn] [pid 8064:tid 296] AH01873: Init: Session Cache is not configured [hint: SSLSessionCache]
[Thu Oct 24 13:09:34.083014 2024] [mpm_winnt:notice] [pid 8064:tid 296] AH00354: Child: Starting 150 worker threads.
[Fri Oct 25 11:57:22.788774 2024] [core:warn] [pid 284:tid 300] AH00098: pid file C:/SYSME/SGC/xampp/apache/logs/httpd.pid overwritten -- Unclean shutdown of previous Apache run?
[Fri Oct 25 11:57:23.085665 2024] [ssl:warn] [pid 284:tid 300] AH01873: Init: Session Cache is not configured [hint: SSLSessionCache]
[Fri Oct 25 11:57:23.179420 2024] [mpm_winnt:notice] [pid 284:tid 300] AH00455: Apache/2.4.3 (Win32) OpenSSL/1.0.1c PHP/5.4.7 configured -- resuming normal operations
[Fri Oct 25 11:57:23.179420 2024] [mpm_winnt:notice] [pid 284:tid 300] AH00456: Server built: Aug 18 2012 12:41:37
[Fri Oct 25 11:57:23.179420 2024] [core:notice] [pid 284:tid 300] AH00094: Command line: 'apache\\bin\\httpd.exe -d C:/SYSME/SGC/xampp/apache'
[Fri Oct 25 11:57:23.179420 2024] [mpm_winnt:notice] [pid 284:tid 300] AH00418: Parent: Created child process 8056
[Fri Oct 25 11:57:24.085717 2024] [ssl:warn] [pid 8056:tid 292] AH01873: Init: Session Cache is not configured [hint: SSLSessionCache]
[Fri Oct 25 11:57:24.132595 2024] [mpm_winnt:notice] [pid 8056:tid 292] AH00354: Child: Starting 150 worker threads.
[Sat Oct 26 14:01:58.497899 2024] [core:warn] [pid 6572:tid 284] AH00098: pid file C:/SYSME/SGC/xampp/apache/logs/httpd.pid overwritten -- Unclean shutdown of previous Apache run?
[Sat Oct 26 14:01:58.857293 2024] [ssl:warn] [pid 6572:tid 284] AH01873: Init: Session Cache is not configured [hint: SSLSessionCache]
[Sat Oct 26 14:01:58.919796 2024] [mpm_winnt:notice] [pid 6572:tid 284] AH00455: Apache/2.4.3 (Win32) OpenSSL/1.0.1c PHP/5.4.7 configured -- resuming normal operations
[Sat Oct 26 14:01:58.919796 2024] [mpm_winnt:notice] [pid 6572:tid 284] AH00456: Server built: Aug 18 2012 12:41:37
[Sat Oct 26 14:01:58.919796 2024] [core:notice] [pid 6572:tid 284] AH00094: Command line: 'apache\\bin\\httpd.exe -d C:/SYSME/SGC/xampp/apache'
[Sat Oct 26 14:01:58.919796 2024] [mpm_winnt:notice] [pid 6572:tid 284] AH00418: Parent: Created child process 7212
[Sat Oct 26 14:01:59.888596 2024] [ssl:warn] [pid 7212:tid 292] AH01873: Init: Session Cache is not configured [hint: SSLSessionCache]
[Sat Oct 26 14:01:59.935475 2024] [mpm_winnt:notice] [pid 7212:tid 292] AH00354: Child: Starting 150 worker threads.
[Sun Oct 27 12:20:13.373684 2024] [core:warn] [pid 2232:tid 284] AH00098: pid file C:/SYSME/SGC/xampp/apache/logs/httpd.pid overwritten -- Unclean shutdown of previous Apache run?
[Sun Oct 27 12:20:13.733076 2024] [ssl:warn] [pid 2232:tid 284] AH01873: Init: Session Cache is not configured [hint: SSLSessionCache]
[Sun Oct 27 12:20:13.795580 2024] [mpm_winnt:notice] [pid 2232:tid 284] AH00455: Apache/2.4.3 (Win32) OpenSSL/1.0.1c PHP/5.4.7 configured -- resuming normal operations
[Sun Oct 27 12:20:13.795580 2024] [mpm_winnt:notice] [pid 2232:tid 284] AH00456: Server built: Aug 18 2012 12:41:37
[Sun Oct 27 12:20:13.795580 2024] [core:notice] [pid 2232:tid 284] AH00094: Command line: 'apache\\bin\\httpd.exe -d C:/SYSME/SGC/xampp/apache'
[Sun Oct 27 12:20:13.795580 2024] [mpm_winnt:notice] [pid 2232:tid 284] AH00418: Parent: Created child process 7460
[Sun Oct 27 12:20:14.748756 2024] [ssl:warn] [pid 7460:tid 292] AH01873: Init: Session Cache is not configured [hint: SSLSessionCache]
[Sun Oct 27 12:20:14.795634 2024] [mpm_winnt:notice] [pid 7460:tid 292] AH00354: Child: Starting 150 worker threads.
[Mon Oct 28 12:23:55.734293 2024] [core:warn] [pid 3572:tid 288] AH00098: pid file C:/SYSME/SGC/xampp/apache/logs/httpd.pid overwritten -- Unclean shutdown of previous Apache run?
[Mon Oct 28 12:23:56.156188 2024] [ssl:warn] [pid 3572:tid 288] AH01873: Init: Session Cache is not configured [hint: SSLSessionCache]
[Mon Oct 28 12:23:56.218691 2024] [mpm_winnt:notice] [pid 3572:tid 288] AH00455: Apache/2.4.3 (Win32) OpenSSL/1.0.1c PHP/5.4.7 configured -- resuming normal operations
[Mon Oct 28 12:23:56.218691 2024] [mpm_winnt:notice] [pid 3572:tid 288] AH00456: Server built: Aug 18 2012 12:41:37
[Mon Oct 28 12:23:56.218691 2024] [core:notice] [pid 3572:tid 288] AH00094: Command line: 'apache\\bin\\httpd.exe -d C:/SYSME/SGC/xampp/apache'
[Mon Oct 28 12:23:56.218691 2024] [mpm_winnt:notice] [pid 3572:tid 288] AH00418: Parent: Created child process 40
[Mon Oct 28 12:23:57.156241 2024] [ssl:warn] [pid 40:tid 296] AH01873: Init: Session Cache is not configured [hint: SSLSessionCache]
[Mon Oct 28 12:23:57.203119 2024] [mpm_winnt:notice] [pid 40:tid 296] AH00354: Child: Starting 150 worker threads.
[Tue Oct 29 12:17:11.772776 2024] [core:warn] [pid 3696:tid 284] AH00098: pid file C:/SYSME/SGC/xampp/apache/logs/httpd.pid overwritten -- Unclean shutdown of previous Apache run?
[Tue Oct 29 12:17:12.179047 2024] [ssl:warn] [pid 3696:tid 284] AH01873: Init: Session Cache is not configured [hint: SSLSessionCache]
[Tue Oct 29 12:17:12.257177 2024] [mpm_winnt:notice] [pid 3696:tid 284] AH00455: Apache/2.4.3 (Win32) OpenSSL/1.0.1c PHP/5.4.7 configured -- resuming normal operations
[Tue Oct 29 12:17:12.257177 2024] [mpm_winnt:notice] [pid 3696:tid 284] AH00456: Server built: Aug 18 2012 12:41:37
[Tue Oct 29 12:17:12.257177 2024] [core:notice] [pid 3696:tid 284] AH00094: Command line: 'apache\\bin\\httpd.exe -d C:/SYSME/SGC/xampp/apache'
[Tue Oct 29 12:17:12.257177 2024] [mpm_winnt:notice] [pid 3696:tid 284] AH00418: Parent: Created child process 5224
[Tue Oct 29 12:17:13.335358 2024] [ssl:warn] [pid 5224:tid 292] AH01873: Init: Session Cache is not configured [hint: SSLSessionCache]
[Tue Oct 29 12:17:13.366610 2024] [mpm_winnt:notice] [pid 5224:tid 292] AH00354: Child: Starting 150 worker threads.
[Wed Oct 30 13:28:54.628351 2024] [core:warn] [pid 7864:tid 284] AH00098: pid file C:/SYSME/SGC/xampp/apache/logs/httpd.pid overwritten -- Unclean shutdown of previous Apache run?
[Wed Oct 30 13:28:54.956492 2024] [ssl:warn] [pid 7864:tid 284] AH01873: Init: Session Cache is not configured [hint: SSLSessionCache]
[Wed Oct 30 13:28:55.018998 2024] [mpm_winnt:notice] [pid 7864:tid 284] AH00455: Apache/2.4.3 (Win32) OpenSSL/1.0.1c PHP/5.4.7 configured -- resuming normal operations
[Wed Oct 30 13:28:55.018998 2024] [mpm_winnt:notice] [pid 7864:tid 284] AH00456: Server built: Aug 18 2012 12:41:37
[Wed Oct 30 13:28:55.018998 2024] [core:notice] [pid 7864:tid 284] AH00094: Command line: 'apache\\bin\\httpd.exe -d C:/SYSME/SGC/xampp/apache'
[Wed Oct 30 13:28:55.018998 2024] [mpm_winnt:notice] [pid 7864:tid 284] AH00418: Parent: Created child process 8088
[Wed Oct 30 13:28:55.831537 2024] [ssl:warn] [pid 8088:tid 292] AH01873: Init: Session Cache is not configured [hint: SSLSessionCache]
[Wed Oct 30 13:28:55.878417 2024] [mpm_winnt:notice] [pid 8088:tid 292] AH00354: Child: Starting 150 worker threads.
[Thu Oct 31 13:05:20.211601 2024] [core:warn] [pid 128:tid 292] AH00098: pid file C:/SYSME/SGC/xampp/apache/logs/httpd.pid overwritten -- Unclean shutdown of previous Apache run?
[Thu Oct 31 13:05:20.477239 2024] [ssl:warn] [pid 128:tid 292] AH01873: Init: Session Cache is not configured [hint: SSLSessionCache]
[Thu Oct 31 13:05:20.555368 2024] [mpm_winnt:notice] [pid 128:tid 292] AH00455: Apache/2.4.3 (Win32) OpenSSL/1.0.1c PHP/5.4.7 configured -- resuming normal operations
[Thu Oct 31 13:05:20.555368 2024] [mpm_winnt:notice] [pid 128:tid 292] AH00456: Server built: Aug 18 2012 12:41:37
[Thu Oct 31 13:05:20.555368 2024] [core:notice] [pid 128:tid 292] AH00094: Command line: 'apache\\bin\\httpd.exe -d C:/SYSME/SGC/xampp/apache'
[Thu Oct 31 13:05:20.555368 2024] [mpm_winnt:notice] [pid 128:tid 292] AH00418: Parent: Created child process 4192
[Thu Oct 31 13:05:21.399333 2024] [ssl:warn] [pid 4192:tid 292] AH01873: Init: Session Cache is not configured [hint: SSLSessionCache]
[Thu Oct 31 13:05:21.446209 2024] [mpm_winnt:notice] [pid 4192:tid 292] AH00354: Child: Starting 150 worker threads.
[Fri Nov 01 12:29:01.836420 2024] [core:warn] [pid 3492:tid 284] AH00098: pid file C:/SYSME/SGC/xampp/apache/logs/httpd.pid overwritten -- Unclean shutdown of previous Apache run?
[Fri Nov 01 12:29:02.164561 2024] [ssl:warn] [pid 3492:tid 284] AH01873: Init: Session Cache is not configured [hint: SSLSessionCache]
[Fri Nov 01 12:29:02.211439 2024] [mpm_winnt:notice] [pid 3492:tid 284] AH00455: Apache/2.4.3 (Win32) OpenSSL/1.0.1c PHP/5.4.7 configured -- resuming normal operations
[Fri Nov 01 12:29:02.211439 2024] [mpm_winnt:notice] [pid 3492:tid 284] AH00456: Server built: Aug 18 2012 12:41:37
[Fri Nov 01 12:29:02.211439 2024] [core:notice] [pid 3492:tid 284] AH00094: Command line: 'apache\\bin\\httpd.exe -d C:/SYSME/SGC/xampp/apache'
[Fri Nov 01 12:29:02.211439 2024] [mpm_winnt:notice] [pid 3492:tid 284] AH00418: Parent: Created child process 416
[Fri Nov 01 12:29:03.148989 2024] [ssl:warn] [pid 416:tid 292] AH01873: Init: Session Cache is not configured [hint: SSLSessionCache]
[Fri Nov 01 12:29:03.195866 2024] [mpm_winnt:notice] [pid 416:tid 292] AH00354: Child: Starting 150 worker threads.
[Sat Nov 02 12:19:15.686845 2024] [core:warn] [pid 504:tid 284] AH00098: pid file C:/SYSME/SGC/xampp/apache/logs/httpd.pid overwritten -- Unclean shutdown of previous Apache run?
[Sat Nov 02 12:19:15.999361 2024] [ssl:warn] [pid 504:tid 284] AH01873: Init: Session Cache is not configured [hint: SSLSessionCache]
[Sat Nov 02 12:19:16.061865 2024] [mpm_winnt:notice] [pid 504:tid 284] AH00455: Apache/2.4.3 (Win32) OpenSSL/1.0.1c PHP/5.4.7 configured -- resuming normal operations
[Sat Nov 02 12:19:16.061865 2024] [mpm_winnt:notice] [pid 504:tid 284] AH00456: Server built: Aug 18 2012 12:41:37
[Sat Nov 02 12:19:16.061865 2024] [core:notice] [pid 504:tid 284] AH00094: Command line: 'apache\\bin\\httpd.exe -d C:/SYSME/SGC/xampp/apache'
[Sat Nov 02 12:19:16.061865 2024] [mpm_winnt:notice] [pid 504:tid 284] AH00418: Parent: Created child process 3204
[Sat Nov 02 12:19:16.952536 2024] [ssl:warn] [pid 3204:tid 296] AH01873: Init: Session Cache is not configured [hint: SSLSessionCache]
[Sat Nov 02 12:19:16.999415 2024] [mpm_winnt:notice] [pid 3204:tid 296] AH00354: Child: Starting 150 worker threads.
[Sun Nov 03 12:11:24.878210 2024] [core:warn] [pid 3212:tid 288] AH00098: pid file C:/SYSME/SGC/xampp/apache/logs/httpd.pid overwritten -- Unclean shutdown of previous Apache run?
[Sun Nov 03 12:11:25.175099 2024] [ssl:warn] [pid 3212:tid 288] AH01873: Init: Session Cache is not configured [hint: SSLSessionCache]
[Sun Nov 03 12:11:25.237604 2024] [mpm_winnt:notice] [pid 3212:tid 288] AH00455: Apache/2.4.3 (Win32) OpenSSL/1.0.1c PHP/5.4.7 configured -- resuming normal operations
[Sun Nov 03 12:11:25.237604 2024] [mpm_winnt:notice] [pid 3212:tid 288] AH00456: Server built: Aug 18 2012 12:41:37
[Sun Nov 03 12:11:25.237604 2024] [core:notice] [pid 3212:tid 288] AH00094: Command line: 'apache\\bin\\httpd.exe -d C:/SYSME/SGC/xampp/apache'
[Sun Nov 03 12:11:25.237604 2024] [mpm_winnt:notice] [pid 3212:tid 288] AH00418: Parent: Created child process 3256
[Sun Nov 03 12:11:26.112651 2024] [ssl:warn] [pid 3256:tid 292] AH01873: Init: Session Cache is not configured [hint: SSLSessionCache]
[Sun Nov 03 12:11:26.159529 2024] [mpm_winnt:notice] [pid 3256:tid 292] AH00354: Child: Starting 150 worker threads.
[Mon Nov 04 12:03:37.696102 2024] [core:warn] [pid 2804:tid 296] AH00098: pid file C:/SYSME/SGC/xampp/apache/logs/httpd.pid overwritten -- Unclean shutdown of previous Apache run?
[Mon Nov 04 12:03:38.024228 2024] [ssl:warn] [pid 2804:tid 296] AH01873: Init: Session Cache is not configured [hint: SSLSessionCache]
[Mon Nov 04 12:03:38.086732 2024] [mpm_winnt:notice] [pid 2804:tid 296] AH00455: Apache/2.4.3 (Win32) OpenSSL/1.0.1c PHP/5.4.7 configured -- resuming normal operations
[Mon Nov 04 12:03:38.086732 2024] [mpm_winnt:notice] [pid 2804:tid 296] AH00456: Server built: Aug 18 2012 12:41:37
[Mon Nov 04 12:03:38.086732 2024] [core:notice] [pid 2804:tid 296] AH00094: Command line: 'apache\\bin\\httpd.exe -d C:/SYSME/SGC/xampp/apache'
[Mon Nov 04 12:03:38.086732 2024] [mpm_winnt:notice] [pid 2804:tid 296] AH00418: Parent: Created child process 3652
[Mon Nov 04 12:03:38.915061 2024] [ssl:warn] [pid 3652:tid 292] AH01873: Init: Session Cache is not configured [hint: SSLSessionCache]
[Mon Nov 04 12:03:38.961937 2024] [mpm_winnt:notice] [pid 3652:tid 292] AH00354: Child: Starting 150 worker threads.
[Tue Nov 05 12:25:35.466802 2024] [core:warn] [pid 3948:tid 288] AH00098: pid file C:/SYSME/SGC/xampp/apache/logs/httpd.pid overwritten -- Unclean shutdown of previous Apache run?
[Tue Nov 05 12:25:35.779318 2024] [ssl:warn] [pid 3948:tid 288] AH01873: Init: Session Cache is not configured [hint: SSLSessionCache]
[Tue Nov 05 12:25:35.841821 2024] [mpm_winnt:notice] [pid 3948:tid 288] AH00455: Apache/2.4.3 (Win32) OpenSSL/1.0.1c PHP/5.4.7 configured -- resuming normal operations
[Tue Nov 05 12:25:35.841821 2024] [mpm_winnt:notice] [pid 3948:tid 288] AH00456: Server built: Aug 18 2012 12:41:37
[Tue Nov 05 12:25:35.841821 2024] [core:notice] [pid 3948:tid 288] AH00094: Command line: 'apache\\bin\\httpd.exe -d C:/SYSME/SGC/xampp/apache'
[Tue Nov 05 12:25:35.841821 2024] [mpm_winnt:notice] [pid 3948:tid 288] AH00418: Parent: Created child process 772
[Tue Nov 05 12:25:36.794997 2024] [ssl:warn] [pid 772:tid 300] AH01873: Init: Session Cache is not configured [hint: SSLSessionCache]
[Tue Nov 05 12:25:36.841875 2024] [mpm_winnt:notice] [pid 772:tid 300] AH00354: Child: Starting 150 worker threads.
[Wed Nov 06 12:21:47.820041 2024] [core:warn] [pid 3268:tid 288] AH00098: pid file C:/SYSME/SGC/xampp/apache/logs/httpd.pid overwritten -- Unclean shutdown of previous Apache run?
[Wed Nov 06 12:21:48.101296 2024] [ssl:warn] [pid 3268:tid 288] AH01873: Init: Session Cache is not configured [hint: SSLSessionCache]
[Wed Nov 06 12:21:48.148172 2024] [mpm_winnt:notice] [pid 3268:tid 288] AH00455: Apache/2.4.3 (Win32) OpenSSL/1.0.1c PHP/5.4.7 configured -- resuming normal operations
[Wed Nov 06 12:21:48.148172 2024] [mpm_winnt:notice] [pid 3268:tid 288] AH00456: Server built: Aug 18 2012 12:41:37
[Wed Nov 06 12:21:48.148172 2024] [core:notice] [pid 3268:tid 288] AH00094: Command line: 'apache\\bin\\httpd.exe -d C:/SYSME/SGC/xampp/apache'
[Wed Nov 06 12:21:48.163798 2024] [mpm_winnt:notice] [pid 3268:tid 288] AH00418: Parent: Created child process 6756
[Wed Nov 06 12:21:49.007592 2024] [ssl:warn] [pid 6756:tid 292] AH01873: Init: Session Cache is not configured [hint: SSLSessionCache]
[Wed Nov 06 12:21:49.054470 2024] [mpm_winnt:notice] [pid 6756:tid 292] AH00354: Child: Starting 150 worker threads.
[Wed Nov 06 19:55:30.509995 2024] [core:warn] [pid 2992:tid 284] AH00098: pid file C:/SYSME/SGC/xampp/apache/logs/httpd.pid overwritten -- Unclean shutdown of previous Apache run?
[Wed Nov 06 19:55:30.900640 2024] [ssl:warn] [pid 2992:tid 284] AH01873: Init: Session Cache is not configured [hint: SSLSessionCache]
[Wed Nov 06 19:55:30.978770 2024] [mpm_winnt:notice] [pid 2992:tid 284] AH00455: Apache/2.4.3 (Win32) OpenSSL/1.0.1c PHP/5.4.7 configured -- resuming normal operations
[Wed Nov 06 19:55:30.978770 2024] [mpm_winnt:notice] [pid 2992:tid 284] AH00456: Server built: Aug 18 2012 12:41:37
[Wed Nov 06 19:55:30.978770 2024] [core:notice] [pid 2992:tid 284] AH00094: Command line: 'apache\\bin\\httpd.exe -d C:/SYSME/SGC/xampp/apache'
[Wed Nov 06 19:55:30.978770 2024] [mpm_winnt:notice] [pid 2992:tid 284] AH00418: Parent: Created child process 2348
[Wed Nov 06 19:55:31.931945 2024] [ssl:warn] [pid 2348:tid 296] AH01873: Init: Session Cache is not configured [hint: SSLSessionCache]
[Wed Nov 06 19:55:31.978823 2024] [mpm_winnt:notice] [pid 2348:tid 296] AH00354: Child: Starting 150 worker threads.
[Wed Nov 06 20:06:28.937366 2024] [core:warn] [pid 1680:tid 296] AH00098: pid file C:/SYSME/SGC/xampp/apache/logs/httpd.pid overwritten -- Unclean shutdown of previous Apache run?
[Wed Nov 06 20:06:29.265509 2024] [ssl:warn] [pid 1680:tid 296] AH01873: Init: Session Cache is not configured [hint: SSLSessionCache]
[Wed Nov 06 20:06:29.328013 2024] [mpm_winnt:notice] [pid 1680:tid 296] AH00455: Apache/2.4.3 (Win32) OpenSSL/1.0.1c PHP/5.4.7 configured -- resuming normal operations
[Wed Nov 06 20:06:29.328013 2024] [mpm_winnt:notice] [pid 1680:tid 296] AH00456: Server built: Aug 18 2012 12:41:37
[Wed Nov 06 20:06:29.328013 2024] [core:notice] [pid 1680:tid 296] AH00094: Command line: 'apache\\bin\\httpd.exe -d C:/SYSME/SGC/xampp/apache'
[Wed Nov 06 20:06:29.328013 2024] [mpm_winnt:notice] [pid 1680:tid 296] AH00418: Parent: Created child process 2868
[Wed Nov 06 20:06:30.296812 2024] [ssl:warn] [pid 2868:tid 268] AH01873: Init: Session Cache is not configured [hint: SSLSessionCache]
[Wed Nov 06 20:06:30.343693 2024] [mpm_winnt:notice] [pid 2868:tid 268] AH00354: Child: Starting 150 worker threads.
[Thu Nov 07 12:05:55.391383 2024] [core:warn] [pid 2492:tid 240] AH00098: pid file C:/SYSME/SGC/xampp/apache/logs/httpd.pid overwritten -- Unclean shutdown of previous Apache run?
[Thu Nov 07 12:05:55.766404 2024] [ssl:warn] [pid 2492:tid 240] AH01873: Init: Session Cache is not configured [hint: SSLSessionCache]
[Thu Nov 07 12:05:55.844534 2024] [mpm_winnt:notice] [pid 2492:tid 240] AH00455: Apache/2.4.3 (Win32) OpenSSL/1.0.1c PHP/5.4.7 configured -- resuming normal operations
[Thu Nov 07 12:05:55.844534 2024] [mpm_winnt:notice] [pid 2492:tid 240] AH00456: Server built: Aug 18 2012 12:41:37
[Thu Nov 07 12:05:55.844534 2024] [core:notice] [pid 2492:tid 240] AH00094: Command line: 'apache\\bin\\httpd.exe -d C:/SYSME/SGC/xampp/apache'
[Thu Nov 07 12:05:55.844534 2024] [mpm_winnt:notice] [pid 2492:tid 240] AH00418: Parent: Created child process 2756
[Thu Nov 07 12:05:56.844586 2024] [ssl:warn] [pid 2756:tid 296] AH01873: Init: Session Cache is not configured [hint: SSLSessionCache]
[Thu Nov 07 12:05:56.891463 2024] [mpm_winnt:notice] [pid 2756:tid 296] AH00354: Child: Starting 150 worker threads.
[Fri Nov 08 12:44:18.941084 2024] [core:warn] [pid 2488:tid 284] AH00098: pid file C:/SYSME/SGC/xampp/apache/logs/httpd.pid overwritten -- Unclean shutdown of previous Apache run?
[Fri Nov 08 12:44:19.300457 2024] [ssl:warn] [pid 2488:tid 284] AH01873: Init: Session Cache is not configured [hint: SSLSessionCache]
[Fri Nov 08 12:44:19.347335 2024] [mpm_winnt:notice] [pid 2488:tid 284] AH00455: Apache/2.4.3 (Win32) OpenSSL/1.0.1c PHP/5.4.7 configured -- resuming normal operations
[Fri Nov 08 12:44:19.347335 2024] [mpm_winnt:notice] [pid 2488:tid 284] AH00456: Server built: Aug 18 2012 12:41:37
[Fri Nov 08 12:44:19.347335 2024] [core:notice] [pid 2488:tid 284] AH00094: Command line: 'apache\\bin\\httpd.exe -d C:/SYSME/SGC/xampp/apache'
[Fri Nov 08 12:44:19.347335 2024] [mpm_winnt:notice] [pid 2488:tid 284] AH00418: Parent: Created child process 3032
[Fri Nov 08 12:44:20.206756 2024] [ssl:warn] [pid 3032:tid 292] AH01873: Init: Session Cache is not configured [hint: SSLSessionCache]
[Fri Nov 08 12:44:20.253632 2024] [mpm_winnt:notice] [pid 3032:tid 292] AH00354: Child: Starting 150 worker threads.
[Sat Nov 09 12:06:41.227875 2024] [core:warn] [pid 6052:tid 292] AH00098: pid file C:/SYSME/SGC/xampp/apache/logs/httpd.pid overwritten -- Unclean shutdown of previous Apache run?
[Sat Nov 09 12:06:41.571643 2024] [ssl:warn] [pid 6052:tid 292] AH01873: Init: Session Cache is not configured [hint: SSLSessionCache]
[Sat Nov 09 12:06:41.634149 2024] [mpm_winnt:notice] [pid 6052:tid 292] AH00455: Apache/2.4.3 (Win32) OpenSSL/1.0.1c PHP/5.4.7 configured -- resuming normal operations
[Sat Nov 09 12:06:41.634149 2024] [mpm_winnt:notice] [pid 6052:tid 292] AH00456: Server built: Aug 18 2012 12:41:37
[Sat Nov 09 12:06:41.634149 2024] [core:notice] [pid 6052:tid 292] AH00094: Command line: 'apache\\bin\\httpd.exe -d C:/SYSME/SGC/xampp/apache'
[Sat Nov 09 12:06:41.634149 2024] [mpm_winnt:notice] [pid 6052:tid 292] AH00418: Parent: Created child process 3216
[Sat Nov 09 12:06:42.649825 2024] [ssl:warn] [pid 3216:tid 292] AH01873: Init: Session Cache is not configured [hint: SSLSessionCache]
[Sat Nov 09 12:06:42.696705 2024] [mpm_winnt:notice] [pid 3216:tid 292] AH00354: Child: Starting 150 worker threads.
[Sun Nov 10 12:15:29.122072 2024] [core:warn] [pid 4064:tid 288] AH00098: pid file C:/SYSME/SGC/xampp/apache/logs/httpd.pid overwritten -- Unclean shutdown of previous Apache run?
[Sun Nov 10 12:15:29.434585 2024] [ssl:warn] [pid 4064:tid 288] AH01873: Init: Session Cache is not configured [hint: SSLSessionCache]
[Sun Nov 10 12:15:29.497091 2024] [mpm_winnt:notice] [pid 4064:tid 288] AH00455: Apache/2.4.3 (Win32) OpenSSL/1.0.1c PHP/5.4.7 configured -- resuming normal operations
[Sun Nov 10 12:15:29.497091 2024] [mpm_winnt:notice] [pid 4064:tid 288] AH00456: Server built: Aug 18 2012 12:41:37
[Sun Nov 10 12:15:29.497091 2024] [core:notice] [pid 4064:tid 288] AH00094: Command line: 'apache\\bin\\httpd.exe -d C:/SYSME/SGC/xampp/apache'
[Sun Nov 10 12:15:29.497091 2024] [mpm_winnt:notice] [pid 4064:tid 288] AH00418: Parent: Created child process 5808
[Sun Nov 10 12:15:30.387761 2024] [ssl:warn] [pid 5808:tid 292] AH01873: Init: Session Cache is not configured [hint: SSLSessionCache]
[Sun Nov 10 12:15:30.434641 2024] [mpm_winnt:notice] [pid 5808:tid 292] AH00354: Child: Starting 150 worker threads.
[Mon Nov 11 12:16:07.572872 2024] [core:warn] [pid 4876:tid 284] AH00098: pid file C:/SYSME/SGC/xampp/apache/logs/httpd.pid overwritten -- Unclean shutdown of previous Apache run?
[Mon Nov 11 12:16:07.901012 2024] [ssl:warn] [pid 4876:tid 284] AH01873: Init: Session Cache is not configured [hint: SSLSessionCache]
[Mon Nov 11 12:16:07.947890 2024] [mpm_winnt:notice] [pid 4876:tid 284] AH00455: Apache/2.4.3 (Win32) OpenSSL/1.0.1c PHP/5.4.7 configured -- resuming normal operations
[Mon Nov 11 12:16:07.947890 2024] [mpm_winnt:notice] [pid 4876:tid 284] AH00456: Server built: Aug 18 2012 12:41:37
[Mon Nov 11 12:16:07.947890 2024] [core:notice] [pid 4876:tid 284] AH00094: Command line: 'apache\\bin\\httpd.exe -d C:/SYSME/SGC/xampp/apache'
[Mon Nov 11 12:16:07.947890 2024] [mpm_winnt:notice] [pid 4876:tid 284] AH00418: Parent: Created child process 2272
[Mon Nov 11 12:16:09.026412 2024] [ssl:warn] [pid 2272:tid 296] AH01873: Init: Session Cache is not configured [hint: SSLSessionCache]
[Mon Nov 11 12:16:09.073290 2024] [mpm_winnt:notice] [pid 2272:tid 296] AH00354: Child: Starting 150 worker threads.
[Tue Nov 12 12:26:21.033972 2024] [core:warn] [pid 4652:tid 296] AH00098: pid file C:/SYSME/SGC/xampp/apache/logs/httpd.pid overwritten -- Unclean shutdown of previous Apache run?
[Tue Nov 12 12:26:21.362012 2024] [ssl:warn] [pid 4652:tid 296] AH01873: Init: Session Cache is not configured [hint: SSLSessionCache]
[Tue Nov 12 12:26:21.408888 2024] [mpm_winnt:notice] [pid 4652:tid 296] AH00455: Apache/2.4.3 (Win32) OpenSSL/1.0.1c PHP/5.4.7 configured -- resuming normal operations
[Tue Nov 12 12:26:21.408888 2024] [mpm_winnt:notice] [pid 4652:tid 296] AH00456: Server built: Aug 18 2012 12:41:37
[Tue Nov 12 12:26:21.408888 2024] [core:notice] [pid 4652:tid 296] AH00094: Command line: 'apache\\bin\\httpd.exe -d C:/SYSME/SGC/xampp/apache'
[Tue Nov 12 12:26:21.408888 2024] [mpm_winnt:notice] [pid 4652:tid 296] AH00418: Parent: Created child process 1188
[Tue Nov 12 12:26:22.299562 2024] [ssl:warn] [pid 1188:tid 296] AH01873: Init: Session Cache is not configured [hint: SSLSessionCache]
[Tue Nov 12 12:26:22.346439 2024] [mpm_winnt:notice] [pid 1188:tid 296] AH00354: Child: Starting 150 worker threads.
[Wed Nov 13 12:23:08.893353 2024] [core:warn] [pid 5280:tid 292] AH00098: pid file C:/SYSME/SGC/xampp/apache/logs/httpd.pid overwritten -- Unclean shutdown of previous Apache run?
[Wed Nov 13 12:23:09.221495 2024] [ssl:warn] [pid 5280:tid 292] AH01873: Init: Session Cache is not configured [hint: SSLSessionCache]
[Wed Nov 13 12:23:09.283998 2024] [mpm_winnt:notice] [pid 5280:tid 292] AH00455: Apache/2.4.3 (Win32) OpenSSL/1.0.1c PHP/5.4.7 configured -- resuming normal operations
[Wed Nov 13 12:23:09.283998 2024] [mpm_winnt:notice] [pid 5280:tid 292] AH00456: Server built: Aug 18 2012 12:41:37
[Wed Nov 13 12:23:09.283998 2024] [core:notice] [pid 5280:tid 292] AH00094: Command line: 'apache\\bin\\httpd.exe -d C:/SYSME/SGC/xampp/apache'
[Wed Nov 13 12:23:09.283998 2024] [mpm_winnt:notice] [pid 5280:tid 292] AH00418: Parent: Created child process 5968
[Wed Nov 13 12:23:10.159045 2024] [ssl:warn] [pid 5968:tid 292] AH01873: Init: Session Cache is not configured [hint: SSLSessionCache]
[Wed Nov 13 12:23:10.205920 2024] [mpm_winnt:notice] [pid 5968:tid 292] AH00354: Child: Starting 150 worker threads.
[Thu Nov 14 12:18:48.773084 2024] [core:warn] [pid 5416:tid 288] AH00098: pid file C:/SYSME/SGC/xampp/apache/logs/httpd.pid overwritten -- Unclean shutdown of previous Apache run?
[Thu Nov 14 12:18:49.132477 2024] [ssl:warn] [pid 5416:tid 288] AH01873: Init: Session Cache is not configured [hint: SSLSessionCache]
[Thu Nov 14 12:18:49.194981 2024] [mpm_winnt:notice] [pid 5416:tid 288] AH00455: Apache/2.4.3 (Win32) OpenSSL/1.0.1c PHP/5.4.7 configured -- resuming normal operations
[Thu Nov 14 12:18:49.194981 2024] [mpm_winnt:notice] [pid 5416:tid 288] AH00456: Server built: Aug 18 2012 12:41:37
[Thu Nov 14 12:18:49.194981 2024] [core:notice] [pid 5416:tid 288] AH00094: Command line: 'apache\\bin\\httpd.exe -d C:/SYSME/SGC/xampp/apache'
[Thu Nov 14 12:18:49.194981 2024] [mpm_winnt:notice] [pid 5416:tid 288] AH00418: Parent: Created child process 2136
[Thu Nov 14 12:18:50.257535 2024] [ssl:warn] [pid 2136:tid 292] AH01873: Init: Session Cache is not configured [hint: SSLSessionCache]
[Thu Nov 14 12:18:50.304414 2024] [mpm_winnt:notice] [pid 2136:tid 292] AH00354: Child: Starting 150 worker threads.
[Fri Nov 15 13:46:36.498589 2024] [core:warn] [pid 2852:tid 288] AH00098: pid file C:/SYSME/SGC/xampp/apache/logs/httpd.pid overwritten -- Unclean shutdown of previous Apache run?
[Fri Nov 15 13:46:36.811098 2024] [ssl:warn] [pid 2852:tid 288] AH01873: Init: Session Cache is not configured [hint: SSLSessionCache]
[Fri Nov 15 13:46:36.857976 2024] [mpm_winnt:notice] [pid 2852:tid 288] AH00455: Apache/2.4.3 (Win32) OpenSSL/1.0.1c PHP/5.4.7 configured -- resuming normal operations
[Fri Nov 15 13:46:36.857976 2024] [mpm_winnt:notice] [pid 2852:tid 288] AH00456: Server built: Aug 18 2012 12:41:37
[Fri Nov 15 13:46:36.857976 2024] [core:notice] [pid 2852:tid 288] AH00094: Command line: 'apache\\bin\\httpd.exe -d C:/SYSME/SGC/xampp/apache'
[Fri Nov 15 13:46:36.857976 2024] [mpm_winnt:notice] [pid 2852:tid 288] AH00418: Parent: Created child process 3540
[Fri Nov 15 13:46:37.623641 2024] [ssl:warn] [pid 3540:tid 292] AH01873: Init: Session Cache is not configured [hint: SSLSessionCache]
[Fri Nov 15 13:46:37.670518 2024] [mpm_winnt:notice] [pid 3540:tid 292] AH00354: Child: Starting 150 worker threads.
[Sat Nov 16 12:33:19.771343 2024] [core:warn] [pid 2852:tid 288] AH00098: pid file C:/SYSME/SGC/xampp/apache/logs/httpd.pid overwritten -- Unclean shutdown of previous Apache run?
[Sat Nov 16 12:33:20.193219 2024] [ssl:warn] [pid 2852:tid 288] AH01873: Init: Session Cache is not configured [hint: SSLSessionCache]
[Sat Nov 16 12:33:20.240097 2024] [mpm_winnt:notice] [pid 2852:tid 288] AH00455: Apache/2.4.3 (Win32) OpenSSL/1.0.1c PHP/5.4.7 configured -- resuming normal operations
[Sat Nov 16 12:33:20.240097 2024] [mpm_winnt:notice] [pid 2852:tid 288] AH00456: Server built: Aug 18 2012 12:41:37
[Sat Nov 16 12:33:20.240097 2024] [core:notice] [pid 2852:tid 288] AH00094: Command line: 'apache\\bin\\httpd.exe -d C:/SYSME/SGC/xampp/apache'
[Sat Nov 16 12:33:20.255724 2024] [mpm_winnt:notice] [pid 2852:tid 288] AH00418: Parent: Created child process 5588
[Sat Nov 16 12:33:21.037012 2024] [ssl:warn] [pid 5588:tid 296] AH01873: Init: Session Cache is not configured [hint: SSLSessionCache]
[Sat Nov 16 12:33:21.083891 2024] [mpm_winnt:notice] [pid 5588:tid 296] AH00354: Child: Starting 150 worker threads.
[Sun Nov 17 12:39:50.687034 2024] [core:warn] [pid 4716:tid 292] AH00098: pid file C:/SYSME/SGC/xampp/apache/logs/httpd.pid overwritten -- Unclean shutdown of previous Apache run?
[Sun Nov 17 12:39:51.093305 2024] [ssl:warn] [pid 4716:tid 292] AH01873: Init: Session Cache is not configured [hint: SSLSessionCache]
[Sun Nov 17 12:39:51.155809 2024] [mpm_winnt:notice] [pid 4716:tid 292] AH00455: Apache/2.4.3 (Win32) OpenSSL/1.0.1c PHP/5.4.7 configured -- resuming normal operations
[Sun Nov 17 12:39:51.155809 2024] [mpm_winnt:notice] [pid 4716:tid 292] AH00456: Server built: Aug 18 2012 12:41:37
[Sun Nov 17 12:39:51.155809 2024] [core:notice] [pid 4716:tid 292] AH00094: Command line: 'apache\\bin\\httpd.exe -d C:/SYSME/SGC/xampp/apache'
[Sun Nov 17 12:39:51.155809 2024] [mpm_winnt:notice] [pid 4716:tid 292] AH00418: Parent: Created child process 3924
[Sun Nov 17 12:39:52.062277 2024] [ssl:warn] [pid 3924:tid 296] AH01873: Init: Session Cache is not configured [hint: SSLSessionCache]
[Sun Nov 17 12:39:52.109153 2024] [mpm_winnt:notice] [pid 3924:tid 296] AH00354: Child: Starting 150 worker threads.
[Sun Nov 17 17:12:27.337222 2024] [core:warn] [pid 3896:tid 284] AH00098: pid file C:/SYSME/SGC/xampp/apache/logs/httpd.pid overwritten -- Unclean shutdown of previous Apache run?
[Sun Nov 17 17:12:27.618487 2024] [ssl:warn] [pid 3896:tid 284] AH01873: Init: Session Cache is not configured [hint: SSLSessionCache]
[Sun Nov 17 17:12:27.680992 2024] [mpm_winnt:notice] [pid 3896:tid 284] AH00455: Apache/2.4.3 (Win32) OpenSSL/1.0.1c PHP/5.4.7 configured -- resuming normal operations
[Sun Nov 17 17:12:27.680992 2024] [mpm_winnt:notice] [pid 3896:tid 284] AH00456: Server built: Aug 18 2012 12:41:37
[Sun Nov 17 17:12:27.680992 2024] [core:notice] [pid 3896:tid 284] AH00094: Command line: 'apache\\bin\\httpd.exe -d C:/SYSME/SGC/xampp/apache'
[Sun Nov 17 17:12:27.680992 2024] [mpm_winnt:notice] [pid 3896:tid 284] AH00418: Parent: Created child process 3924
[Sun Nov 17 17:12:28.556036 2024] [ssl:warn] [pid 3924:tid 292] AH01873: Init: Session Cache is not configured [hint: SSLSessionCache]
[Sun Nov 17 17:12:28.602914 2024] [mpm_winnt:notice] [pid 3924:tid 292] AH00354: Child: Starting 150 worker threads.
[Mon Nov 18 12:05:39.131733 2024] [core:warn] [pid 3624:tid 288] AH00098: pid file C:/SYSME/SGC/xampp/apache/logs/httpd.pid overwritten -- Unclean shutdown of previous Apache run?
[Mon Nov 18 12:05:39.412986 2024] [ssl:warn] [pid 3624:tid 288] AH01873: Init: Session Cache is not configured [hint: SSLSessionCache]
[Mon Nov 18 12:05:39.475488 2024] [mpm_winnt:notice] [pid 3624:tid 288] AH00455: Apache/2.4.3 (Win32) OpenSSL/1.0.1c PHP/5.4.7 configured -- resuming normal operations
[Mon Nov 18 12:05:39.475488 2024] [mpm_winnt:notice] [pid 3624:tid 288] AH00456: Server built: Aug 18 2012 12:41:37
[Mon Nov 18 12:05:39.475488 2024] [core:notice] [pid 3624:tid 288] AH00094: Command line: 'apache\\bin\\httpd.exe -d C:/SYSME/SGC/xampp/apache'
[Mon Nov 18 12:05:39.475488 2024] [mpm_winnt:notice] [pid 3624:tid 288] AH00418: Parent: Created child process 1860
[Mon Nov 18 12:05:40.397412 2024] [ssl:warn] [pid 1860:tid 296] AH01873: Init: Session Cache is not configured [hint: SSLSessionCache]
[Mon Nov 18 12:05:40.444291 2024] [mpm_winnt:notice] [pid 1860:tid 296] AH00354: Child: Starting 150 worker threads.
[Tue Nov 19 12:43:30.509125 2024] [core:warn] [pid 3020:tid 288] AH00098: pid file C:/SYSME/SGC/xampp/apache/logs/httpd.pid overwritten -- Unclean shutdown of previous Apache run?
[Tue Nov 19 12:43:30.806014 2024] [ssl:warn] [pid 3020:tid 288] AH01873: Init: Session Cache is not configured [hint: SSLSessionCache]
[Tue Nov 19 12:43:30.868519 2024] [mpm_winnt:notice] [pid 3020:tid 288] AH00455: Apache/2.4.3 (Win32) OpenSSL/1.0.1c PHP/5.4.7 configured -- resuming normal operations
[Tue Nov 19 12:43:30.868519 2024] [mpm_winnt:notice] [pid 3020:tid 288] AH00456: Server built: Aug 18 2012 12:41:37
[Tue Nov 19 12:43:30.868519 2024] [core:notice] [pid 3020:tid 288] AH00094: Command line: 'apache\\bin\\httpd.exe -d C:/SYSME/SGC/xampp/apache'
[Tue Nov 19 12:43:30.868519 2024] [mpm_winnt:notice] [pid 3020:tid 288] AH00418: Parent: Created child process 1940
[Tue Nov 19 12:43:31.696741 2024] [ssl:warn] [pid 1940:tid 292] AH01873: Init: Session Cache is not configured [hint: SSLSessionCache]
[Tue Nov 19 12:43:31.743617 2024] [mpm_winnt:notice] [pid 1940:tid 292] AH00354: Child: Starting 150 worker threads.
[Wed Nov 20 12:30:13.538964 2024] [core:warn] [pid 5540:tid 284] AH00098: pid file C:/SYSME/SGC/xampp/apache/logs/httpd.pid overwritten -- Unclean shutdown of previous Apache run?
[Wed Nov 20 12:30:13.960851 2024] [ssl:warn] [pid 5540:tid 284] AH01873: Init: Session Cache is not configured [hint: SSLSessionCache]
[Wed Nov 20 12:30:14.023355 2024] [mpm_winnt:notice] [pid 5540:tid 284] AH00455: Apache/2.4.3 (Win32) OpenSSL/1.0.1c PHP/5.4.7 configured -- resuming normal operations
[Wed Nov 20 12:30:14.023355 2024] [mpm_winnt:notice] [pid 5540:tid 284] AH00456: Server built: Aug 18 2012 12:41:37
[Wed Nov 20 12:30:14.023355 2024] [core:notice] [pid 5540:tid 284] AH00094: Command line: 'apache\\bin\\httpd.exe -d C:/SYSME/SGC/xampp/apache'
[Wed Nov 20 12:30:14.023355 2024] [mpm_winnt:notice] [pid 5540:tid 284] AH00418: Parent: Created child process 4004
[Wed Nov 20 12:30:14.945354 2024] [ssl:warn] [pid 4004:tid 300] AH01873: Init: Session Cache is not configured [hint: SSLSessionCache]
[Wed Nov 20 12:30:14.992232 2024] [mpm_winnt:notice] [pid 4004:tid 300] AH00354: Child: Starting 150 worker threads.
[Thu Nov 21 13:28:31.980467 2024] [core:warn] [pid 3452:tid 288] AH00098: pid file C:/SYSME/SGC/xampp/apache/logs/httpd.pid overwritten -- Unclean shutdown of previous Apache run?
[Thu Nov 21 13:28:32.339861 2024] [ssl:warn] [pid 3452:tid 288] AH01873: Init: Session Cache is not configured [hint: SSLSessionCache]
[Thu Nov 21 13:28:32.402364 2024] [mpm_winnt:notice] [pid 3452:tid 288] AH00455: Apache/2.4.3 (Win32) OpenSSL/1.0.1c PHP/5.4.7 configured -- resuming normal operations
[Thu Nov 21 13:28:32.402364 2024] [mpm_winnt:notice] [pid 3452:tid 288] AH00456: Server built: Aug 18 2012 12:41:37
[Thu Nov 21 13:28:32.402364 2024] [core:notice] [pid 3452:tid 288] AH00094: Command line: 'apache\\bin\\httpd.exe -d C:/SYSME/SGC/xampp/apache'
[Thu Nov 21 13:28:32.402364 2024] [mpm_winnt:notice] [pid 3452:tid 288] AH00418: Parent: Created child process 1160
[Thu Nov 21 13:28:33.261784 2024] [ssl:warn] [pid 1160:tid 292] AH01873: Init: Session Cache is not configured [hint: SSLSessionCache]
[Thu Nov 21 13:28:33.308661 2024] [mpm_winnt:notice] [pid 1160:tid 292] AH00354: Child: Starting 150 worker threads.
[Fri Nov 22 12:59:17.901953 2024] [core:warn] [pid 5356:tid 292] AH00098: pid file C:/SYSME/SGC/xampp/apache/logs/httpd.pid overwritten -- Unclean shutdown of previous Apache run?
[Fri Nov 22 12:59:18.198833 2024] [ssl:warn] [pid 5356:tid 292] AH01873: Init: Session Cache is not configured [hint: SSLSessionCache]
[Fri Nov 22 12:59:18.261335 2024] [mpm_winnt:notice] [pid 5356:tid 292] AH00455: Apache/2.4.3 (Win32) OpenSSL/1.0.1c PHP/5.4.7 configured -- resuming normal operations
[Fri Nov 22 12:59:18.261335 2024] [mpm_winnt:notice] [pid 5356:tid 292] AH00456: Server built: Aug 18 2012 12:41:37
[Fri Nov 22 12:59:18.261335 2024] [core:notice] [pid 5356:tid 292] AH00094: Command line: 'apache\\bin\\httpd.exe -d C:/SYSME/SGC/xampp/apache'
[Fri Nov 22 12:59:18.261335 2024] [mpm_winnt:notice] [pid 5356:tid 292] AH00418: Parent: Created child process 4116
[Fri Nov 22 12:59:19.214511 2024] [ssl:warn] [pid 4116:tid 292] AH01873: Init: Session Cache is not configured [hint: SSLSessionCache]
[Fri Nov 22 12:59:19.277015 2024] [mpm_winnt:notice] [pid 4116:tid 292] AH00354: Child: Starting 150 worker threads.
[Sat Nov 23 12:21:32.827673 2024] [core:warn] [pid 5672:tid 284] AH00098: pid file C:/SYSME/SGC/xampp/apache/logs/httpd.pid overwritten -- Unclean shutdown of previous Apache run?
[Sat Nov 23 12:21:33.140189 2024] [ssl:warn] [pid 5672:tid 284] AH01873: Init: Session Cache is not configured [hint: SSLSessionCache]
[Sat Nov 23 12:21:33.202692 2024] [mpm_winnt:notice] [pid 5672:tid 284] AH00455: Apache/2.4.3 (Win32) OpenSSL/1.0.1c PHP/5.4.7 configured -- resuming normal operations
[Sat Nov 23 12:21:33.202692 2024] [mpm_winnt:notice] [pid 5672:tid 284] AH00456: Server built: Aug 18 2012 12:41:37
[Sat Nov 23 12:21:33.202692 2024] [core:notice] [pid 5672:tid 284] AH00094: Command line: 'apache\\bin\\httpd.exe -d C:/SYSME/SGC/xampp/apache'
[Sat Nov 23 12:21:33.202692 2024] [mpm_winnt:notice] [pid 5672:tid 284] AH00418: Parent: Created child process 3628
[Sat Nov 23 12:21:34.093363 2024] [ssl:warn] [pid 3628:tid 292] AH01873: Init: Session Cache is not configured [hint: SSLSessionCache]
[Sat Nov 23 12:21:34.140241 2024] [mpm_winnt:notice] [pid 3628:tid 292] AH00354: Child: Starting 150 worker threads.
[Sun Nov 24 11:59:33.622568 2024] [core:warn] [pid 1420:tid 292] AH00098: pid file C:/SYSME/SGC/xampp/apache/logs/httpd.pid overwritten -- Unclean shutdown of previous Apache run?
[Sun Nov 24 11:59:33.903831 2024] [ssl:warn] [pid 1420:tid 292] AH01873: Init: Session Cache is not configured [hint: SSLSessionCache]
[Sun Nov 24 11:59:33.950709 2024] [mpm_winnt:notice] [pid 1420:tid 292] AH00455: Apache/2.4.3 (Win32) OpenSSL/1.0.1c PHP/5.4.7 configured -- resuming normal operations
[Sun Nov 24 11:59:33.950709 2024] [mpm_winnt:notice] [pid 1420:tid 292] AH00456: Server built: Aug 18 2012 12:41:37
[Sun Nov 24 11:59:33.950709 2024] [core:notice] [pid 1420:tid 292] AH00094: Command line: 'apache\\bin\\httpd.exe -d C:/SYSME/SGC/xampp/apache'
[Sun Nov 24 11:59:33.966335 2024] [mpm_winnt:notice] [pid 1420:tid 292] AH00418: Parent: Created child process 5536
[Sun Nov 24 11:59:34.872666 2024] [ssl:warn] [pid 5536:tid 292] AH01873: Init: Session Cache is not configured [hint: SSLSessionCache]
[Sun Nov 24 11:59:34.919543 2024] [mpm_winnt:notice] [pid 5536:tid 292] AH00354: Child: Starting 150 worker threads.
[Mon Nov 25 12:22:44.778131 2024] [core:warn] [pid 1284:tid 300] AH00098: pid file C:/SYSME/SGC/xampp/apache/logs/httpd.pid overwritten -- Unclean shutdown of previous Apache run?
[Mon Nov 25 12:22:45.075021 2024] [ssl:warn] [pid 1284:tid 300] AH01873: Init: Session Cache is not configured [hint: SSLSessionCache]
[Mon Nov 25 12:22:45.590673 2024] [mpm_winnt:notice] [pid 1284:tid 300] AH00455: Apache/2.4.3 (Win32) OpenSSL/1.0.1c PHP/5.4.7 configured -- resuming normal operations
[Mon Nov 25 12:22:45.590673 2024] [mpm_winnt:notice] [pid 1284:tid 300] AH00456: Server built: Aug 18 2012 12:41:37
[Mon Nov 25 12:22:45.590673 2024] [core:notice] [pid 1284:tid 300] AH00094: Command line: 'apache\\bin\\httpd.exe -d C:/SYSME/SGC/xampp/apache'
[Mon Nov 25 12:22:45.590673 2024] [mpm_winnt:notice] [pid 1284:tid 300] AH00418: Parent: Created child process 992
[Mon Nov 25 12:22:46.496970 2024] [ssl:warn] [pid 992:tid 292] AH01873: Init: Session Cache is not configured [hint: SSLSessionCache]
[Mon Nov 25 12:22:46.559475 2024] [mpm_winnt:notice] [pid 992:tid 292] AH00354: Child: Starting 150 worker threads.
[Tue Nov 26 12:12:28.503225 2024] [core:warn] [pid 5200:tid 292] AH00098: pid file C:/SYSME/SGC/xampp/apache/logs/httpd.pid overwritten -- Unclean shutdown of previous Apache run?
[Tue Nov 26 12:12:28.862617 2024] [ssl:warn] [pid 5200:tid 292] AH01873: Init: Session Cache is not configured [hint: SSLSessionCache]
[Tue Nov 26 12:12:28.909496 2024] [mpm_winnt:notice] [pid 5200:tid 292] AH00455: Apache/2.4.3 (Win32) OpenSSL/1.0.1c PHP/5.4.7 configured -- resuming normal operations
[Tue Nov 26 12:12:28.909496 2024] [mpm_winnt:notice] [pid 5200:tid 292] AH00456: Server built: Aug 18 2012 12:41:37
[Tue Nov 26 12:12:28.909496 2024] [core:notice] [pid 5200:tid 292] AH00094: Command line: 'apache\\bin\\httpd.exe -d C:/SYSME/SGC/xampp/apache'
[Tue Nov 26 12:12:28.909496 2024] [mpm_winnt:notice] [pid 5200:tid 292] AH00418: Parent: Created child process 4988
[Tue Nov 26 12:12:29.862669 2024] [ssl:warn] [pid 4988:tid 292] AH01873: Init: Session Cache is not configured [hint: SSLSessionCache]
[Tue Nov 26 12:12:29.909548 2024] [mpm_winnt:notice] [pid 4988:tid 292] AH00354: Child: Starting 150 worker threads.
[Wed Nov 27 12:19:51.030036 2024] [core:warn] [pid 220:tid 268] AH00098: pid file C:/SYSME/SGC/xampp/apache/logs/httpd.pid overwritten -- Unclean shutdown of previous Apache run?
[Wed Nov 27 12:19:51.373794 2024] [ssl:warn] [pid 220:tid 268] AH01873: Init: Session Cache is not configured [hint: SSLSessionCache]
[Wed Nov 27 12:19:51.436297 2024] [mpm_winnt:notice] [pid 220:tid 268] AH00455: Apache/2.4.3 (Win32) OpenSSL/1.0.1c PHP/5.4.7 configured -- resuming normal operations
[Wed Nov 27 12:19:51.436297 2024] [mpm_winnt:notice] [pid 220:tid 268] AH00456: Server built: Aug 18 2012 12:41:37
[Wed Nov 27 12:19:51.436297 2024] [core:notice] [pid 220:tid 268] AH00094: Command line: 'apache\\bin\\httpd.exe -d C:/SYSME/SGC/xampp/apache'
[Wed Nov 27 12:19:51.436297 2024] [mpm_winnt:notice] [pid 220:tid 268] AH00418: Parent: Created child process 4040
[Wed Nov 27 12:19:52.451973 2024] [ssl:warn] [pid 4040:tid 292] AH01873: Init: Session Cache is not configured [hint: SSLSessionCache]
[Wed Nov 27 12:19:52.498852 2024] [mpm_winnt:notice] [pid 4040:tid 292] AH00354: Child: Starting 150 worker threads.
[Wed Nov 27 13:35:55.063994 2024] [core:warn] [pid 2960:tid 300] AH00098: pid file C:/SYSME/SGC/xampp/apache/logs/httpd.pid overwritten -- Unclean shutdown of previous Apache run?
[Wed Nov 27 13:35:55.407750 2024] [ssl:warn] [pid 2960:tid 300] AH01873: Init: Session Cache is not configured [hint: SSLSessionCache]
[Wed Nov 27 13:35:55.470255 2024] [mpm_winnt:notice] [pid 2960:tid 300] AH00455: Apache/2.4.3 (Win32) OpenSSL/1.0.1c PHP/5.4.7 configured -- resuming normal operations
[Wed Nov 27 13:35:55.470255 2024] [mpm_winnt:notice] [pid 2960:tid 300] AH00456: Server built: Aug 18 2012 12:41:37
[Wed Nov 27 13:35:55.470255 2024] [core:notice] [pid 2960:tid 300] AH00094: Command line: 'apache\\bin\\httpd.exe -d C:/SYSME/SGC/xampp/apache'
[Wed Nov 27 13:35:55.470255 2024] [mpm_winnt:notice] [pid 2960:tid 300] AH00418: Parent: Created child process 3056
[Wed Nov 27 13:35:56.439204 2024] [ssl:warn] [pid 3056:tid 292] AH01873: Init: Session Cache is not configured [hint: SSLSessionCache]
[Wed Nov 27 13:35:56.486083 2024] [mpm_winnt:notice] [pid 3056:tid 292] AH00354: Child: Starting 150 worker threads.
[Thu Nov 28 12:09:36.759579 2024] [core:warn] [pid 476:tid 284] AH00098: pid file C:/SYSME/SGC/xampp/apache/logs/httpd.pid overwritten -- Unclean shutdown of previous Apache run?
[Thu Nov 28 12:09:37.134588 2024] [ssl:warn] [pid 476:tid 284] AH01873: Init: Session Cache is not configured [hint: SSLSessionCache]
[Thu Nov 28 12:09:37.197092 2024] [mpm_winnt:notice] [pid 476:tid 284] AH00455: Apache/2.4.3 (Win32) OpenSSL/1.0.1c PHP/5.4.7 configured -- resuming normal operations
[Thu Nov 28 12:09:37.197092 2024] [mpm_winnt:notice] [pid 476:tid 284] AH00456: Server built: Aug 18 2012 12:41:37
[Thu Nov 28 12:09:37.197092 2024] [core:notice] [pid 476:tid 284] AH00094: Command line: 'apache\\bin\\httpd.exe -d C:/SYSME/SGC/xampp/apache'
[Thu Nov 28 12:09:37.197092 2024] [mpm_winnt:notice] [pid 476:tid 284] AH00418: Parent: Created child process 3508
[Thu Nov 28 12:09:38.134640 2024] [ssl:warn] [pid 3508:tid 292] AH01873: Init: Session Cache is not configured [hint: SSLSessionCache]
[Thu Nov 28 12:09:38.181516 2024] [mpm_winnt:notice] [pid 3508:tid 292] AH00354: Child: Starting 150 worker threads.
[Fri Nov 29 12:02:45.646627 2024] [core:warn] [pid 3152:tid 284] AH00098: pid file C:/SYSME/SGC/xampp/apache/logs/httpd.pid overwritten -- Unclean shutdown of previous Apache run?
[Fri Nov 29 12:02:45.990385 2024] [ssl:warn] [pid 3152:tid 284] AH01873: Init: Session Cache is not configured [hint: SSLSessionCache]
[Fri Nov 29 12:02:46.037263 2024] [mpm_winnt:notice] [pid 3152:tid 284] AH00455: Apache/2.4.3 (Win32) OpenSSL/1.0.1c PHP/5.4.7 configured -- resuming normal operations
[Fri Nov 29 12:02:46.037263 2024] [mpm_winnt:notice] [pid 3152:tid 284] AH00456: Server built: Aug 18 2012 12:41:37
[Fri Nov 29 12:02:46.037263 2024] [core:notice] [pid 3152:tid 284] AH00094: Command line: 'apache\\bin\\httpd.exe -d C:/SYSME/SGC/xampp/apache'
[Fri Nov 29 12:02:46.052889 2024] [mpm_winnt:notice] [pid 3152:tid 284] AH00418: Parent: Created child process 1472
[Fri Nov 29 12:02:46.959217 2024] [ssl:warn] [pid 1472:tid 292] AH01873: Init: Session Cache is not configured [hint: SSLSessionCache]
[Fri Nov 29 12:02:47.006095 2024] [mpm_winnt:notice] [pid 1472:tid 292] AH00354: Child: Starting 150 worker threads.
[Sat Nov 30 12:14:02.700688 2024] [core:warn] [pid 3380:tid 292] AH00098: pid file C:/SYSME/SGC/xampp/apache/logs/httpd.pid overwritten -- Unclean shutdown of previous Apache run?
[Sat Nov 30 12:14:03.028813 2024] [ssl:warn] [pid 3380:tid 292] AH01873: Init: Session Cache is not configured [hint: SSLSessionCache]
[Sat Nov 30 12:14:03.091317 2024] [mpm_winnt:notice] [pid 3380:tid 292] AH00455: Apache/2.4.3 (Win32) OpenSSL/1.0.1c PHP/5.4.7 configured -- resuming normal operations
[Sat Nov 30 12:14:03.091317 2024] [mpm_winnt:notice] [pid 3380:tid 292] AH00456: Server built: Aug 18 2012 12:41:37
[Sat Nov 30 12:14:03.091317 2024] [core:notice] [pid 3380:tid 292] AH00094: Command line: 'apache\\bin\\httpd.exe -d C:/SYSME/SGC/xampp/apache'
[Sat Nov 30 12:14:03.091317 2024] [mpm_winnt:notice] [pid 3380:tid 292] AH00418: Parent: Created child process 2164
[Sat Nov 30 12:14:03.950735 2024] [ssl:warn] [pid 2164:tid 300] AH01873: Init: Session Cache is not configured [hint: SSLSessionCache]
[Sat Nov 30 12:14:04.044492 2024] [mpm_winnt:notice] [pid 2164:tid 300] AH00354: Child: Starting 150 worker threads.
[Sun Dec 01 12:06:09.915966 2024] [core:warn] [pid 3172:tid 300] AH00098: pid file C:/SYSME/SGC/xampp/apache/logs/httpd.pid overwritten -- Unclean shutdown of previous Apache run?
[Sun Dec 01 12:06:10.290984 2024] [ssl:warn] [pid 3172:tid 300] AH01873: Init: Session Cache is not configured [hint: SSLSessionCache]
[Sun Dec 01 12:06:10.682299 2024] [mpm_winnt:notice] [pid 3172:tid 300] AH00455: Apache/2.4.3 (Win32) OpenSSL/1.0.1c PHP/5.4.7 configured -- resuming normal operations
[Sun Dec 01 12:06:10.697926 2024] [mpm_winnt:notice] [pid 3172:tid 300] AH00456: Server built: Aug 18 2012 12:41:37
[Sun Dec 01 12:06:10.697926 2024] [core:notice] [pid 3172:tid 300] AH00094: Command line: 'apache\\bin\\httpd.exe -d C:/SYSME/SGC/xampp/apache'
[Sun Dec 01 12:06:10.697926 2024] [mpm_winnt:notice] [pid 3172:tid 300] AH00418: Parent: Created child process 48
[Sun Dec 01 12:06:11.572953 2024] [ssl:warn] [pid 48:tid 292] AH01873: Init: Session Cache is not configured [hint: SSLSessionCache]
[Sun Dec 01 12:06:11.666775 2024] [mpm_winnt:notice] [pid 48:tid 292] AH00354: Child: Starting 150 worker threads.
[Mon Dec 02 16:01:01.494178 2024] [core:warn] [pid 1828:tid 288] AH00098: pid file C:/SYSME/SGC/xampp/apache/logs/httpd.pid overwritten -- Unclean shutdown of previous Apache run?
[Mon Dec 02 16:01:01.822403 2024] [ssl:warn] [pid 1828:tid 288] AH01873: Init: Session Cache is not configured [hint: SSLSessionCache]
[Mon Dec 02 16:01:01.881443 2024] [mpm_winnt:notice] [pid 1828:tid 288] AH00455: Apache/2.4.3 (Win32) OpenSSL/1.0.1c PHP/5.4.7 configured -- resuming normal operations
[Mon Dec 02 16:01:01.881443 2024] [mpm_winnt:notice] [pid 1828:tid 288] AH00456: Server built: Aug 18 2012 12:41:37
[Mon Dec 02 16:01:01.881443 2024] [core:notice] [pid 1828:tid 288] AH00094: Command line: 'apache\\bin\\httpd.exe -d C:/SYSME/SGC/xampp/apache'
[Mon Dec 02 16:01:01.882444 2024] [mpm_winnt:notice] [pid 1828:tid 288] AH00418: Parent: Created child process 1252
[Mon Dec 02 16:01:02.725320 2024] [ssl:warn] [pid 1252:tid 292] AH01873: Init: Session Cache is not configured [hint: SSLSessionCache]
[Mon Dec 02 16:01:02.807084 2024] [mpm_winnt:notice] [pid 1252:tid 292] AH00354: Child: Starting 150 worker threads.
[Wed Dec 04 12:23:22.238352 2024] [core:warn] [pid 2468:tid 284] AH00098: pid file C:/SYSME/SGC/xampp/apache/logs/httpd.pid overwritten -- Unclean shutdown of previous Apache run?
[Wed Dec 04 12:23:22.535230 2024] [ssl:warn] [pid 2468:tid 284] AH01873: Init: Session Cache is not configured [hint: SSLSessionCache]
[Wed Dec 04 12:23:22.597733 2024] [mpm_winnt:notice] [pid 2468:tid 284] AH00455: Apache/2.4.3 (Win32) OpenSSL/1.0.1c PHP/5.4.7 configured -- resuming normal operations
[Wed Dec 04 12:23:22.597733 2024] [mpm_winnt:notice] [pid 2468:tid 284] AH00456: Server built: Aug 18 2012 12:41:37
[Wed Dec 04 12:23:22.597733 2024] [core:notice] [pid 2468:tid 284] AH00094: Command line: 'apache\\bin\\httpd.exe -d C:/SYSME/SGC/xampp/apache'
[Wed Dec 04 12:23:22.597733 2024] [mpm_winnt:notice] [pid 2468:tid 284] AH00418: Parent: Created child process 4068
[Wed Dec 04 12:23:23.566705 2024] [ssl:warn] [pid 4068:tid 292] AH01873: Init: Session Cache is not configured [hint: SSLSessionCache]
[Wed Dec 04 12:23:23.613582 2024] [mpm_winnt:notice] [pid 4068:tid 292] AH00354: Child: Starting 150 worker threads.
[Thu Dec 05 12:34:07.560280 2024] [core:warn] [pid 3332:tid 288] AH00098: pid file C:/SYSME/SGC/xampp/apache/logs/httpd.pid overwritten -- Unclean shutdown of previous Apache run?
[Thu Dec 05 12:34:07.919671 2024] [ssl:warn] [pid 3332:tid 288] AH01873: Init: Session Cache is not configured [hint: SSLSessionCache]
[Thu Dec 05 12:34:07.982176 2024] [mpm_winnt:notice] [pid 3332:tid 288] AH00455: Apache/2.4.3 (Win32) OpenSSL/1.0.1c PHP/5.4.7 configured -- resuming normal operations
[Thu Dec 05 12:34:07.982176 2024] [mpm_winnt:notice] [pid 3332:tid 288] AH00456: Server built: Aug 18 2012 12:41:37
[Thu Dec 05 12:34:07.982176 2024] [core:notice] [pid 3332:tid 288] AH00094: Command line: 'apache\\bin\\httpd.exe -d C:/SYSME/SGC/xampp/apache'
[Thu Dec 05 12:34:07.982176 2024] [mpm_winnt:notice] [pid 3332:tid 288] AH00418: Parent: Created child process 1760
[Thu Dec 05 12:34:08.810343 2024] [ssl:warn] [pid 1760:tid 292] AH01873: Init: Session Cache is not configured [hint: SSLSessionCache]
[Thu Dec 05 12:34:08.857219 2024] [mpm_winnt:notice] [pid 1760:tid 292] AH00354: Child: Starting 150 worker threads.
[Fri Dec 06 12:23:57.186406 2024] [core:warn] [pid 1152:tid 284] AH00098: pid file C:/SYSME/SGC/xampp/apache/logs/httpd.pid overwritten -- Unclean shutdown of previous Apache run?
[Fri Dec 06 12:23:57.530173 2024] [ssl:warn] [pid 1152:tid 284] AH01873: Init: Session Cache is not configured [hint: SSLSessionCache]
[Fri Dec 06 12:23:57.592676 2024] [mpm_winnt:notice] [pid 1152:tid 284] AH00455: Apache/2.4.3 (Win32) OpenSSL/1.0.1c PHP/5.4.7 configured -- resuming normal operations
[Fri Dec 06 12:23:57.592676 2024] [mpm_winnt:notice] [pid 1152:tid 284] AH00456: Server built: Aug 18 2012 12:41:37
[Fri Dec 06 12:23:57.592676 2024] [core:notice] [pid 1152:tid 284] AH00094: Command line: 'apache\\bin\\httpd.exe -d C:/SYSME/SGC/xampp/apache'
[Fri Dec 06 12:23:57.592676 2024] [mpm_winnt:notice] [pid 1152:tid 284] AH00418: Parent: Created child process 3760
[Fri Dec 06 12:23:58.436521 2024] [ssl:warn] [pid 3760:tid 296] AH01873: Init: Session Cache is not configured [hint: SSLSessionCache]
[Fri Dec 06 12:23:58.483399 2024] [mpm_winnt:notice] [pid 3760:tid 296] AH00354: Child: Starting 150 worker threads.
[Sat Dec 07 12:50:41.142073 2024] [core:warn] [pid 1976:tid 288] AH00098: pid file C:/SYSME/SGC/xampp/apache/logs/httpd.pid overwritten -- Unclean shutdown of previous Apache run?
[Sat Dec 07 12:50:41.470214 2024] [ssl:warn] [pid 1976:tid 288] AH01873: Init: Session Cache is not configured [hint: SSLSessionCache]
[Sat Dec 07 12:50:41.548344 2024] [mpm_winnt:notice] [pid 1976:tid 288] AH00455: Apache/2.4.3 (Win32) OpenSSL/1.0.1c PHP/5.4.7 configured -- resuming normal operations
[Sat Dec 07 12:50:41.548344 2024] [mpm_winnt:notice] [pid 1976:tid 288] AH00456: Server built: Aug 18 2012 12:41:37
[Sat Dec 07 12:50:41.548344 2024] [core:notice] [pid 1976:tid 288] AH00094: Command line: 'apache\\bin\\httpd.exe -d C:/SYSME/SGC/xampp/apache'
[Sat Dec 07 12:50:41.548344 2024] [mpm_winnt:notice] [pid 1976:tid 288] AH00418: Parent: Created child process 1896
[Sat Dec 07 12:50:42.423387 2024] [ssl:warn] [pid 1896:tid 296] AH01873: Init: Session Cache is not configured [hint: SSLSessionCache]
[Sat Dec 07 12:50:42.470268 2024] [mpm_winnt:notice] [pid 1896:tid 296] AH00354: Child: Starting 150 worker threads.
[Sun Dec 08 12:52:24.643487 2024] [core:warn] [pid 1676:tid 292] AH00098: pid file C:/SYSME/SGC/xampp/apache/logs/httpd.pid overwritten -- Unclean shutdown of previous Apache run?
[Sun Dec 08 12:52:24.987253 2024] [ssl:warn] [pid 1676:tid 292] AH01873: Init: Session Cache is not configured [hint: SSLSessionCache]
[Sun Dec 08 12:52:25.049758 2024] [mpm_winnt:notice] [pid 1676:tid 292] AH00455: Apache/2.4.3 (Win32) OpenSSL/1.0.1c PHP/5.4.7 configured -- resuming normal operations
[Sun Dec 08 12:52:25.049758 2024] [mpm_winnt:notice] [pid 1676:tid 292] AH00456: Server built: Aug 18 2012 12:41:37
[Sun Dec 08 12:52:25.049758 2024] [core:notice] [pid 1676:tid 292] AH00094: Command line: 'apache\\bin\\httpd.exe -d C:/SYSME/SGC/xampp/apache'
[Sun Dec 08 12:52:25.049758 2024] [mpm_winnt:notice] [pid 1676:tid 292] AH00418: Parent: Created child process 3704
[Sun Dec 08 12:52:25.877925 2024] [ssl:warn] [pid 3704:tid 296] AH01873: Init: Session Cache is not configured [hint: SSLSessionCache]
[Sun Dec 08 12:52:25.924801 2024] [mpm_winnt:notice] [pid 3704:tid 296] AH00354: Child: Starting 150 worker threads.
[Mon Dec 09 12:21:05.644179 2024] [core:warn] [pid 428:tid 296] AH00098: pid file C:/SYSME/SGC/xampp/apache/logs/httpd.pid overwritten -- Unclean shutdown of previous Apache run?
[Mon Dec 09 12:21:05.987946 2024] [ssl:warn] [pid 428:tid 296] AH01873: Init: Session Cache is not configured [hint: SSLSessionCache]
[Mon Dec 09 12:21:06.034826 2024] [mpm_winnt:notice] [pid 428:tid 296] AH00455: Apache/2.4.3 (Win32) OpenSSL/1.0.1c PHP/5.4.7 configured -- resuming normal operations
[Mon Dec 09 12:21:06.034826 2024] [mpm_winnt:notice] [pid 428:tid 296] AH00456: Server built: Aug 18 2012 12:41:37
[Mon Dec 09 12:21:06.034826 2024] [core:notice] [pid 428:tid 296] AH00094: Command line: 'apache\\bin\\httpd.exe -d C:/SYSME/SGC/xampp/apache'
[Mon Dec 09 12:21:06.034826 2024] [mpm_winnt:notice] [pid 428:tid 296] AH00418: Parent: Created child process 1000
[Mon Dec 09 12:21:06.894243 2024] [ssl:warn] [pid 1000:tid 296] AH01873: Init: Session Cache is not configured [hint: SSLSessionCache]
[Mon Dec 09 12:21:06.941120 2024] [mpm_winnt:notice] [pid 1000:tid 296] AH00354: Child: Starting 150 worker threads.
[Tue Dec 10 14:15:09.582105 2024] [core:warn] [pid 3668:tid 296] AH00098: pid file C:/SYSME/SGC/xampp/apache/logs/httpd.pid overwritten -- Unclean shutdown of previous Apache run?
[Tue Dec 10 14:15:09.863358 2024] [ssl:warn] [pid 3668:tid 296] AH01873: Init: Session Cache is not configured [hint: SSLSessionCache]
[Tue Dec 10 14:15:09.925860 2024] [mpm_winnt:notice] [pid 3668:tid 296] AH00455: Apache/2.4.3 (Win32) OpenSSL/1.0.1c PHP/5.4.7 configured -- resuming normal operations
[Tue Dec 10 14:15:09.925860 2024] [mpm_winnt:notice] [pid 3668:tid 296] AH00456: Server built: Aug 18 2012 12:41:37
[Tue Dec 10 14:15:09.925860 2024] [core:notice] [pid 3668:tid 296] AH00094: Command line: 'apache\\bin\\httpd.exe -d C:/SYSME/SGC/xampp/apache'
[Tue Dec 10 14:15:09.925860 2024] [mpm_winnt:notice] [pid 3668:tid 296] AH00418: Parent: Created child process 964
[Tue Dec 10 14:15:10.832156 2024] [ssl:warn] [pid 964:tid 292] AH01873: Init: Session Cache is not configured [hint: SSLSessionCache]
[Tue Dec 10 14:15:10.894828 2024] [mpm_winnt:notice] [pid 964:tid 292] AH00354: Child: Starting 150 worker threads.
[Wed Dec 11 12:32:43.943141 2024] [core:warn] [pid 2576:tid 284] AH00098: pid file C:/SYSME/SGC/xampp/apache/logs/httpd.pid overwritten -- Unclean shutdown of previous Apache run?
[Wed Dec 11 12:32:44.302523 2024] [ssl:warn] [pid 2576:tid 284] AH01873: Init: Session Cache is not configured [hint: SSLSessionCache]
[Wed Dec 11 12:32:44.365027 2024] [mpm_winnt:notice] [pid 2576:tid 284] AH00455: Apache/2.4.3 (Win32) OpenSSL/1.0.1c PHP/5.4.7 configured -- resuming normal operations
[Wed Dec 11 12:32:44.365027 2024] [mpm_winnt:notice] [pid 2576:tid 284] AH00456: Server built: Aug 18 2012 12:41:37
[Wed Dec 11 12:32:44.365027 2024] [core:notice] [pid 2576:tid 284] AH00094: Command line: 'apache\\bin\\httpd.exe -d C:/SYSME/SGC/xampp/apache'
[Wed Dec 11 12:32:44.365027 2024] [mpm_winnt:notice] [pid 2576:tid 284] AH00418: Parent: Created child process 2404
[Wed Dec 11 12:32:45.240073 2024] [ssl:warn] [pid 2404:tid 292] AH01873: Init: Session Cache is not configured [hint: SSLSessionCache]
[Wed Dec 11 12:32:45.286949 2024] [mpm_winnt:notice] [pid 2404:tid 292] AH00354: Child: Starting 150 worker threads.
[Thu Dec 12 12:31:37.374200 2024] [core:warn] [pid 64:tid 288] AH00098: pid file C:/SYSME/SGC/xampp/apache/logs/httpd.pid overwritten -- Unclean shutdown of previous Apache run?
[Thu Dec 12 12:31:37.749220 2024] [ssl:warn] [pid 64:tid 288] AH01873: Init: Session Cache is not configured [hint: SSLSessionCache]
[Thu Dec 12 12:31:37.811722 2024] [mpm_winnt:notice] [pid 64:tid 288] AH00455: Apache/2.4.3 (Win32) OpenSSL/1.0.1c PHP/5.4.7 configured -- resuming normal operations
[Thu Dec 12 12:31:37.811722 2024] [mpm_winnt:notice] [pid 64:tid 288] AH00456: Server built: Aug 18 2012 12:41:37
[Thu Dec 12 12:31:37.811722 2024] [core:notice] [pid 64:tid 288] AH00094: Command line: 'apache\\bin\\httpd.exe -d C:/SYSME/SGC/xampp/apache'
[Thu Dec 12 12:31:37.811722 2024] [mpm_winnt:notice] [pid 64:tid 288] AH00418: Parent: Created child process 2072
[Thu Dec 12 12:31:38.593013 2024] [ssl:warn] [pid 2072:tid 292] AH01873: Init: Session Cache is not configured [hint: SSLSessionCache]
[Thu Dec 12 12:31:38.639891 2024] [mpm_winnt:notice] [pid 2072:tid 292] AH00354: Child: Starting 150 worker threads.
[Fri Dec 13 13:09:52.161428 2024] [core:warn] [pid 1168:tid 300] AH00098: pid file C:/SYSME/SGC/xampp/apache/logs/httpd.pid overwritten -- Unclean shutdown of previous Apache run?
[Fri Dec 13 13:09:52.489559 2024] [ssl:warn] [pid 1168:tid 300] AH01873: Init: Session Cache is not configured [hint: SSLSessionCache]
[Fri Dec 13 13:09:52.552061 2024] [mpm_winnt:notice] [pid 1168:tid 300] AH00455: Apache/2.4.3 (Win32) OpenSSL/1.0.1c PHP/5.4.7 configured -- resuming normal operations
[Fri Dec 13 13:09:52.552061 2024] [mpm_winnt:notice] [pid 1168:tid 300] AH00456: Server built: Aug 18 2012 12:41:37
[Fri Dec 13 13:09:52.552061 2024] [core:notice] [pid 1168:tid 300] AH00094: Command line: 'apache\\bin\\httpd.exe -d C:/SYSME/SGC/xampp/apache'
[Fri Dec 13 13:09:52.552061 2024] [mpm_winnt:notice] [pid 1168:tid 300] AH00418: Parent: Created child process 2444
[Fri Dec 13 13:09:53.380228 2024] [ssl:warn] [pid 2444:tid 292] AH01873: Init: Session Cache is not configured [hint: SSLSessionCache]
[Fri Dec 13 13:09:53.427108 2024] [mpm_winnt:notice] [pid 2444:tid 292] AH00354: Child: Starting 150 worker threads.
[Sat Dec 14 12:30:30.136318 2024] [core:warn] [pid 1300:tid 288] AH00098: pid file C:/SYSME/SGC/xampp/apache/logs/httpd.pid overwritten -- Unclean shutdown of previous Apache run?
[Sat Dec 14 12:30:30.448831 2024] [ssl:warn] [pid 1300:tid 288] AH01873: Init: Session Cache is not configured [hint: SSLSessionCache]
[Sat Dec 14 12:30:30.511335 2024] [mpm_winnt:notice] [pid 1300:tid 288] AH00455: Apache/2.4.3 (Win32) OpenSSL/1.0.1c PHP/5.4.7 configured -- resuming normal operations
[Sat Dec 14 12:30:30.511335 2024] [mpm_winnt:notice] [pid 1300:tid 288] AH00456: Server built: Aug 18 2012 12:41:37
[Sat Dec 14 12:30:30.511335 2024] [core:notice] [pid 1300:tid 288] AH00094: Command line: 'apache\\bin\\httpd.exe -d C:/SYSME/SGC/xampp/apache'
[Sat Dec 14 12:30:30.511335 2024] [mpm_winnt:notice] [pid 1300:tid 288] AH00418: Parent: Created child process 2956
[Sat Dec 14 12:30:31.480135 2024] [ssl:warn] [pid 2956:tid 292] AH01873: Init: Session Cache is not configured [hint: SSLSessionCache]
[Sat Dec 14 12:30:31.558263 2024] [mpm_winnt:notice] [pid 2956:tid 292] AH00354: Child: Starting 150 worker threads.
[Sun Dec 15 12:27:51.951401 2024] [core:warn] [pid 1748:tid 284] AH00098: pid file C:/SYSME/SGC/xampp/apache/logs/httpd.pid overwritten -- Unclean shutdown of previous Apache run?
[Sun Dec 15 12:27:52.248289 2024] [ssl:warn] [pid 1748:tid 284] AH01873: Init: Session Cache is not configured [hint: SSLSessionCache]
[Sun Dec 15 12:27:52.295167 2024] [mpm_winnt:notice] [pid 1748:tid 284] AH00455: Apache/2.4.3 (Win32) OpenSSL/1.0.1c PHP/5.4.7 configured -- resuming normal operations
[Sun Dec 15 12:27:52.295167 2024] [mpm_winnt:notice] [pid 1748:tid 284] AH00456: Server built: Aug 18 2012 12:41:37
[Sun Dec 15 12:27:52.295167 2024] [core:notice] [pid 1748:tid 284] AH00094: Command line: 'apache\\bin\\httpd.exe -d C:/SYSME/SGC/xampp/apache'
[Sun Dec 15 12:27:52.310794 2024] [mpm_winnt:notice] [pid 1748:tid 284] AH00418: Parent: Created child process 3096
[Sun Dec 15 12:27:53.123389 2024] [ssl:warn] [pid 3096:tid 292] AH01873: Init: Session Cache is not configured [hint: SSLSessionCache]
[Sun Dec 15 12:27:53.217365 2024] [mpm_winnt:notice] [pid 3096:tid 292] AH00354: Child: Starting 150 worker threads.
[Mon Dec 16 12:16:42.991099 2024] [core:warn] [pid 3752:tid 288] AH00098: pid file C:/SYSME/SGC/xampp/apache/logs/httpd.pid overwritten -- Unclean shutdown of previous Apache run?
[Mon Dec 16 12:16:43.412995 2024] [ssl:warn] [pid 3752:tid 288] AH01873: Init: Session Cache is not configured [hint: SSLSessionCache]
[Mon Dec 16 12:16:43.459873 2024] [mpm_winnt:notice] [pid 3752:tid 288] AH00455: Apache/2.4.3 (Win32) OpenSSL/1.0.1c PHP/5.4.7 configured -- resuming normal operations
[Mon Dec 16 12:16:43.459873 2024] [mpm_winnt:notice] [pid 3752:tid 288] AH00456: Server built: Aug 18 2012 12:41:37
[Mon Dec 16 12:16:43.459873 2024] [core:notice] [pid 3752:tid 288] AH00094: Command line: 'apache\\bin\\httpd.exe -d C:/SYSME/SGC/xampp/apache'
[Mon Dec 16 12:16:43.459873 2024] [mpm_winnt:notice] [pid 3752:tid 288] AH00418: Parent: Created child process 2632
[Mon Dec 16 12:16:44.584931 2024] [ssl:warn] [pid 2632:tid 300] AH01873: Init: Session Cache is not configured [hint: SSLSessionCache]
[Mon Dec 16 12:16:44.663060 2024] [mpm_winnt:notice] [pid 2632:tid 300] AH00354: Child: Starting 150 worker threads.
[Tue Dec 17 12:18:55.295854 2024] [core:warn] [pid 3152:tid 284] AH00098: pid file C:/SYSME/SGC/xampp/apache/logs/httpd.pid overwritten -- Unclean shutdown of previous Apache run?
[Tue Dec 17 12:18:55.592743 2024] [ssl:warn] [pid 3152:tid 284] AH01873: Init: Session Cache is not configured [hint: SSLSessionCache]
[Tue Dec 17 12:18:55.655249 2024] [mpm_winnt:notice] [pid 3152:tid 284] AH00455: Apache/2.4.3 (Win32) OpenSSL/1.0.1c PHP/5.4.7 configured -- resuming normal operations
[Tue Dec 17 12:18:55.655249 2024] [mpm_winnt:notice] [pid 3152:tid 284] AH00456: Server built: Aug 18 2012 12:41:37
[Tue Dec 17 12:18:55.655249 2024] [core:notice] [pid 3152:tid 284] AH00094: Command line: 'apache\\bin\\httpd.exe -d C:/SYSME/SGC/xampp/apache'
[Tue Dec 17 12:18:55.655249 2024] [mpm_winnt:notice] [pid 3152:tid 284] AH00418: Parent: Created child process 3864
[Tue Dec 17 12:18:56.608422 2024] [ssl:warn] [pid 3864:tid 292] AH01873: Init: Session Cache is not configured [hint: SSLSessionCache]
[Tue Dec 17 12:18:56.670925 2024] [mpm_winnt:notice] [pid 3864:tid 292] AH00354: Child: Starting 150 worker threads.
[Wed Dec 18 12:15:34.884134 2024] [core:warn] [pid 804:tid 296] AH00098: pid file C:/SYSME/SGC/xampp/apache/logs/httpd.pid overwritten -- Unclean shutdown of previous Apache run?
[Wed Dec 18 12:15:35.181024 2024] [ssl:warn] [pid 804:tid 296] AH01873: Init: Session Cache is not configured [hint: SSLSessionCache]
[Wed Dec 18 12:15:35.227900 2024] [mpm_winnt:notice] [pid 804:tid 296] AH00455: Apache/2.4.3 (Win32) OpenSSL/1.0.1c PHP/5.4.7 configured -- resuming normal operations
[Wed Dec 18 12:15:35.227900 2024] [mpm_winnt:notice] [pid 804:tid 296] AH00456: Server built: Aug 18 2012 12:41:37
[Wed Dec 18 12:15:35.227900 2024] [core:notice] [pid 804:tid 296] AH00094: Command line: 'apache\\bin\\httpd.exe -d C:/SYSME/SGC/xampp/apache'
[Wed Dec 18 12:15:35.227900 2024] [mpm_winnt:notice] [pid 804:tid 296] AH00418: Parent: Created child process 3684
[Wed Dec 18 12:15:36.040441 2024] [ssl:warn] [pid 3684:tid 292] AH01873: Init: Session Cache is not configured [hint: SSLSessionCache]
[Wed Dec 18 12:15:36.087320 2024] [mpm_winnt:notice] [pid 3684:tid 292] AH00354: Child: Starting 150 worker threads.
[Thu Dec 19 12:16:10.816171 2024] [core:warn] [pid 2416:tid 296] AH00098: pid file C:/SYSME/SGC/xampp/apache/logs/httpd.pid overwritten -- Unclean shutdown of previous Apache run?
[Thu Dec 19 12:16:11.128672 2024] [ssl:warn] [pid 2416:tid 296] AH01873: Init: Session Cache is not configured [hint: SSLSessionCache]
[Thu Dec 19 12:16:11.191175 2024] [mpm_winnt:notice] [pid 2416:tid 296] AH00455: Apache/2.4.3 (Win32) OpenSSL/1.0.1c PHP/5.4.7 configured -- resuming normal operations
[Thu Dec 19 12:16:11.191175 2024] [mpm_winnt:notice] [pid 2416:tid 296] AH00456: Server built: Aug 18 2012 12:41:37
[Thu Dec 19 12:16:11.191175 2024] [core:notice] [pid 2416:tid 296] AH00094: Command line: 'apache\\bin\\httpd.exe -d C:/SYSME/SGC/xampp/apache'
[Thu Dec 19 12:16:11.191175 2024] [mpm_winnt:notice] [pid 2416:tid 296] AH00418: Parent: Created child process 3664
[Thu Dec 19 12:16:11.956837 2024] [ssl:warn] [pid 3664:tid 296] AH01873: Init: Session Cache is not configured [hint: SSLSessionCache]
[Thu Dec 19 12:16:12.003716 2024] [mpm_winnt:notice] [pid 3664:tid 296] AH00354: Child: Starting 150 worker threads.
[Fri Dec 20 12:37:16.541565 2024] [core:warn] [pid 3160:tid 288] AH00098: pid file C:/SYSME/SGC/xampp/apache/logs/httpd.pid overwritten -- Unclean shutdown of previous Apache run?
[Fri Dec 20 12:37:16.885321 2024] [ssl:warn] [pid 3160:tid 288] AH01873: Init: Session Cache is not configured [hint: SSLSessionCache]
[Fri Dec 20 12:37:16.947827 2024] [mpm_winnt:notice] [pid 3160:tid 288] AH00455: Apache/2.4.3 (Win32) OpenSSL/1.0.1c PHP/5.4.7 configured -- resuming normal operations
[Fri Dec 20 12:37:16.947827 2024] [mpm_winnt:notice] [pid 3160:tid 288] AH00456: Server built: Aug 18 2012 12:41:37
[Fri Dec 20 12:37:16.947827 2024] [core:notice] [pid 3160:tid 288] AH00094: Command line: 'apache\\bin\\httpd.exe -d C:/SYSME/SGC/xampp/apache'
[Fri Dec 20 12:37:16.947827 2024] [mpm_winnt:notice] [pid 3160:tid 288] AH00418: Parent: Created child process 3316
[Fri Dec 20 12:37:17.775991 2024] [ssl:warn] [pid 3316:tid 292] AH01873: Init: Session Cache is not configured [hint: SSLSessionCache]
[Fri Dec 20 12:37:17.885774 2024] [mpm_winnt:notice] [pid 3316:tid 292] AH00354: Child: Starting 150 worker threads.
[Sat Dec 21 12:16:44.082068 2024] [core:warn] [pid 2692:tid 292] AH00098: pid file C:/SYSME/SGC/xampp/apache/logs/httpd.pid overwritten -- Unclean shutdown of previous Apache run?
[Sat Dec 21 12:16:44.347704 2024] [ssl:warn] [pid 2692:tid 292] AH01873: Init: Session Cache is not configured [hint: SSLSessionCache]
[Sat Dec 21 12:16:44.410209 2024] [mpm_winnt:notice] [pid 2692:tid 292] AH00455: Apache/2.4.3 (Win32) OpenSSL/1.0.1c PHP/5.4.7 configured -- resuming normal operations
[Sat Dec 21 12:16:44.410209 2024] [mpm_winnt:notice] [pid 2692:tid 292] AH00456: Server built: Aug 18 2012 12:41:37
[Sat Dec 21 12:16:44.410209 2024] [core:notice] [pid 2692:tid 292] AH00094: Command line: 'apache\\bin\\httpd.exe -d C:/SYSME/SGC/xampp/apache'
[Sat Dec 21 12:16:44.410209 2024] [mpm_winnt:notice] [pid 2692:tid 292] AH00418: Parent: Created child process 3996
[Sat Dec 21 12:16:45.414170 2024] [ssl:warn] [pid 3996:tid 292] AH01873: Init: Session Cache is not configured [hint: SSLSessionCache]
[Sat Dec 21 12:16:45.523610 2024] [mpm_winnt:notice] [pid 3996:tid 292] AH00354: Child: Starting 150 worker threads.
[Sun Dec 22 12:10:33.753332 2024] [core:warn] [pid 3032:tid 296] AH00098: pid file C:/SYSME/SGC/xampp/apache/logs/httpd.pid overwritten -- Unclean shutdown of previous Apache run?
[Sun Dec 22 12:10:34.065848 2024] [ssl:warn] [pid 3032:tid 296] AH01873: Init: Session Cache is not configured [hint: SSLSessionCache]
[Sun Dec 22 12:10:34.112728 2024] [mpm_winnt:notice] [pid 3032:tid 296] AH00455: Apache/2.4.3 (Win32) OpenSSL/1.0.1c PHP/5.4.7 configured -- resuming normal operations
[Sun Dec 22 12:10:34.112728 2024] [mpm_winnt:notice] [pid 3032:tid 296] AH00456: Server built: Aug 18 2012 12:41:37
[Sun Dec 22 12:10:34.112728 2024] [core:notice] [pid 3032:tid 296] AH00094: Command line: 'apache\\bin\\httpd.exe -d C:/SYSME/SGC/xampp/apache'
[Sun Dec 22 12:10:34.112728 2024] [mpm_winnt:notice] [pid 3032:tid 296] AH00418: Parent: Created child process 3944
[Sun Dec 22 12:10:35.034647 2024] [ssl:warn] [pid 3944:tid 292] AH01873: Init: Session Cache is not configured [hint: SSLSessionCache]
[Sun Dec 22 12:10:35.097151 2024] [mpm_winnt:notice] [pid 3944:tid 292] AH00354: Child: Starting 150 worker threads.
[Mon Dec 23 12:14:21.964812 2024] [core:warn] [pid 44:tid 284] AH00098: pid file C:/SYSME/SGC/xampp/apache/logs/httpd.pid overwritten -- Unclean shutdown of previous Apache run?
[Mon Dec 23 12:14:22.261700 2024] [ssl:warn] [pid 44:tid 284] AH01873: Init: Session Cache is not configured [hint: SSLSessionCache]
[Mon Dec 23 12:14:22.324205 2024] [mpm_winnt:notice] [pid 44:tid 284] AH00455: Apache/2.4.3 (Win32) OpenSSL/1.0.1c PHP/5.4.7 configured -- resuming normal operations
[Mon Dec 23 12:14:22.324205 2024] [mpm_winnt:notice] [pid 44:tid 284] AH00456: Server built: Aug 18 2012 12:41:37
[Mon Dec 23 12:14:22.324205 2024] [core:notice] [pid 44:tid 284] AH00094: Command line: 'apache\\bin\\httpd.exe -d C:/SYSME/SGC/xampp/apache'
[Mon Dec 23 12:14:22.324205 2024] [mpm_winnt:notice] [pid 44:tid 284] AH00418: Parent: Created child process 3532
[Mon Dec 23 12:14:23.199250 2024] [ssl:warn] [pid 3532:tid 292] AH01873: Init: Session Cache is not configured [hint: SSLSessionCache]
[Mon Dec 23 12:14:23.339898 2024] [mpm_winnt:notice] [pid 3532:tid 292] AH00354: Child: Starting 150 worker threads.
[Tue Dec 24 12:54:31.321150 2024] [core:warn] [pid 4072:tid 288] AH00098: pid file C:/SYSME/SGC/xampp/apache/logs/httpd.pid overwritten -- Unclean shutdown of previous Apache run?
[Tue Dec 24 12:54:31.633665 2024] [ssl:warn] [pid 4072:tid 288] AH01873: Init: Session Cache is not configured [hint: SSLSessionCache]
[Tue Dec 24 12:54:31.696171 2024] [mpm_winnt:notice] [pid 4072:tid 288] AH00455: Apache/2.4.3 (Win32) OpenSSL/1.0.1c PHP/5.4.7 configured -- resuming normal operations
[Tue Dec 24 12:54:31.696171 2024] [mpm_winnt:notice] [pid 4072:tid 288] AH00456: Server built: Aug 18 2012 12:41:37
[Tue Dec 24 12:54:31.696171 2024] [core:notice] [pid 4072:tid 288] AH00094: Command line: 'apache\\bin\\httpd.exe -d C:/SYSME/SGC/xampp/apache'
[Tue Dec 24 12:54:31.696171 2024] [mpm_winnt:notice] [pid 4072:tid 288] AH00418: Parent: Created child process 4084
[Tue Dec 24 12:54:32.571217 2024] [ssl:warn] [pid 4084:tid 292] AH01873: Init: Session Cache is not configured [hint: SSLSessionCache]
[Tue Dec 24 12:54:32.618095 2024] [mpm_winnt:notice] [pid 4084:tid 292] AH00354: Child: Starting 150 worker threads.
[Thu Dec 26 12:46:05.946222 2024] [core:warn] [pid 2556:tid 284] AH00098: pid file C:/SYSME/SGC/xampp/apache/logs/httpd.pid overwritten -- Unclean shutdown of previous Apache run?
[Thu Dec 26 12:46:06.227485 2024] [ssl:warn] [pid 2556:tid 284] AH01873: Init: Session Cache is not configured [hint: SSLSessionCache]
[Thu Dec 26 12:46:06.274363 2024] [mpm_winnt:notice] [pid 2556:tid 284] AH00455: Apache/2.4.3 (Win32) OpenSSL/1.0.1c PHP/5.4.7 configured -- resuming normal operations
[Thu Dec 26 12:46:06.274363 2024] [mpm_winnt:notice] [pid 2556:tid 284] AH00456: Server built: Aug 18 2012 12:41:37
[Thu Dec 26 12:46:06.274363 2024] [core:notice] [pid 2556:tid 284] AH00094: Command line: 'apache\\bin\\httpd.exe -d C:/SYSME/SGC/xampp/apache'
[Thu Dec 26 12:46:06.289990 2024] [mpm_winnt:notice] [pid 2556:tid 284] AH00418: Parent: Created child process 3204
[Thu Dec 26 12:46:07.196287 2024] [ssl:warn] [pid 3204:tid 292] AH01873: Init: Session Cache is not configured [hint: SSLSessionCache]
[Thu Dec 26 12:46:07.243166 2024] [mpm_winnt:notice] [pid 3204:tid 292] AH00354: Child: Starting 150 worker threads.
[Fri Dec 27 12:08:56.586775 2024] [core:warn] [pid 2616:tid 292] AH00098: pid file C:/SYSME/SGC/xampp/apache/logs/httpd.pid overwritten -- Unclean shutdown of previous Apache run?
[Fri Dec 27 12:08:56.899289 2024] [ssl:warn] [pid 2616:tid 292] AH01873: Init: Session Cache is not configured [hint: SSLSessionCache]
[Fri Dec 27 12:08:56.961794 2024] [mpm_winnt:notice] [pid 2616:tid 292] AH00455: Apache/2.4.3 (Win32) OpenSSL/1.0.1c PHP/5.4.7 configured -- resuming normal operations
[Fri Dec 27 12:08:56.961794 2024] [mpm_winnt:notice] [pid 2616:tid 292] AH00456: Server built: Aug 18 2012 12:41:37
[Fri Dec 27 12:08:56.961794 2024] [core:notice] [pid 2616:tid 292] AH00094: Command line: 'apache\\bin\\httpd.exe -d C:/SYSME/SGC/xampp/apache'
[Fri Dec 27 12:08:56.961794 2024] [mpm_winnt:notice] [pid 2616:tid 292] AH00418: Parent: Created child process 2644
[Fri Dec 27 12:08:57.821214 2024] [ssl:warn] [pid 2644:tid 292] AH01873: Init: Session Cache is not configured [hint: SSLSessionCache]
[Fri Dec 27 12:08:57.899353 2024] [mpm_winnt:notice] [pid 2644:tid 292] AH00354: Child: Starting 150 worker threads.
[Sat Dec 28 12:35:59.979339 2024] [core:warn] [pid 328:tid 288] AH00098: pid file C:/SYSME/SGC/xampp/apache/logs/httpd.pid overwritten -- Unclean shutdown of previous Apache run?
[Sat Dec 28 12:36:00.354345 2024] [ssl:warn] [pid 328:tid 288] AH01873: Init: Session Cache is not configured [hint: SSLSessionCache]
[Sat Dec 28 12:36:00.416849 2024] [mpm_winnt:notice] [pid 328:tid 288] AH00455: Apache/2.4.3 (Win32) OpenSSL/1.0.1c PHP/5.4.7 configured -- resuming normal operations
[Sat Dec 28 12:36:00.416849 2024] [mpm_winnt:notice] [pid 328:tid 288] AH00456: Server built: Aug 18 2012 12:41:37
[Sat Dec 28 12:36:00.416849 2024] [core:notice] [pid 328:tid 288] AH00094: Command line: 'apache\\bin\\httpd.exe -d C:/SYSME/SGC/xampp/apache'
[Sat Dec 28 12:36:00.416849 2024] [mpm_winnt:notice] [pid 328:tid 288] AH00418: Parent: Created child process 2868
[Sat Dec 28 12:36:01.291898 2024] [ssl:warn] [pid 2868:tid 292] AH01873: Init: Session Cache is not configured [hint: SSLSessionCache]
[Sat Dec 28 12:36:01.338776 2024] [mpm_winnt:notice] [pid 2868:tid 292] AH00354: Child: Starting 150 worker threads.
[Sun Dec 29 12:43:16.724245 2024] [core:warn] [pid 2980:tid 288] AH00098: pid file C:/SYSME/SGC/xampp/apache/logs/httpd.pid overwritten -- Unclean shutdown of previous Apache run?
[Sun Dec 29 12:43:17.068013 2024] [ssl:warn] [pid 2980:tid 288] AH01873: Init: Session Cache is not configured [hint: SSLSessionCache]
[Sun Dec 29 12:43:17.130517 2024] [mpm_winnt:notice] [pid 2980:tid 288] AH00455: Apache/2.4.3 (Win32) OpenSSL/1.0.1c PHP/5.4.7 configured -- resuming normal operations
[Sun Dec 29 12:43:17.130517 2024] [mpm_winnt:notice] [pid 2980:tid 288] AH00456: Server built: Aug 18 2012 12:41:37
[Sun Dec 29 12:43:17.130517 2024] [core:notice] [pid 2980:tid 288] AH00094: Command line: 'apache\\bin\\httpd.exe -d C:/SYSME/SGC/xampp/apache'
[Sun Dec 29 12:43:17.130517 2024] [mpm_winnt:notice] [pid 2980:tid 288] AH00418: Parent: Created child process 964
[Sun Dec 29 12:43:17.974311 2024] [ssl:warn] [pid 964:tid 292] AH01873: Init: Session Cache is not configured [hint: SSLSessionCache]
[Sun Dec 29 12:43:18.005563 2024] [mpm_winnt:notice] [pid 964:tid 292] AH00354: Child: Starting 150 worker threads.
[Mon Dec 30 12:29:49.200787 2024] [core:warn] [pid 2752:tid 292] AH00098: pid file C:/SYSME/SGC/xampp/apache/logs/httpd.pid overwritten -- Unclean shutdown of previous Apache run?
[Mon Dec 30 12:29:49.544545 2024] [ssl:warn] [pid 2752:tid 292] AH01873: Init: Session Cache is not configured [hint: SSLSessionCache]
[Mon Dec 30 12:29:49.607049 2024] [mpm_winnt:notice] [pid 2752:tid 292] AH00455: Apache/2.4.3 (Win32) OpenSSL/1.0.1c PHP/5.4.7 configured -- resuming normal operations
[Mon Dec 30 12:29:49.607049 2024] [mpm_winnt:notice] [pid 2752:tid 292] AH00456: Server built: Aug 18 2012 12:41:37
[Mon Dec 30 12:29:49.607049 2024] [core:notice] [pid 2752:tid 292] AH00094: Command line: 'apache\\bin\\httpd.exe -d C:/SYSME/SGC/xampp/apache'
[Mon Dec 30 12:29:49.607049 2024] [mpm_winnt:notice] [pid 2752:tid 292] AH00418: Parent: Created child process 572
[Mon Dec 30 12:29:50.513570 2024] [ssl:warn] [pid 572:tid 292] AH01873: Init: Session Cache is not configured [hint: SSLSessionCache]
[Mon Dec 30 12:29:50.560447 2024] [mpm_winnt:notice] [pid 572:tid 292] AH00354: Child: Starting 150 worker threads.
[Tue Dec 31 12:06:46.694282 2024] [core:warn] [pid 3716:tid 288] AH00098: pid file C:/SYSME/SGC/xampp/apache/logs/httpd.pid overwritten -- Unclean shutdown of previous Apache run?
[Tue Dec 31 12:06:46.975546 2024] [ssl:warn] [pid 3716:tid 288] AH01873: Init: Session Cache is not configured [hint: SSLSessionCache]
[Tue Dec 31 12:06:47.038049 2024] [mpm_winnt:notice] [pid 3716:tid 288] AH00455: Apache/2.4.3 (Win32) OpenSSL/1.0.1c PHP/5.4.7 configured -- resuming normal operations
[Tue Dec 31 12:06:47.038049 2024] [mpm_winnt:notice] [pid 3716:tid 288] AH00456: Server built: Aug 18 2012 12:41:37
[Tue Dec 31 12:06:47.038049 2024] [core:notice] [pid 3716:tid 288] AH00094: Command line: 'apache\\bin\\httpd.exe -d C:/SYSME/SGC/xampp/apache'
[Tue Dec 31 12:06:47.038049 2024] [mpm_winnt:notice] [pid 3716:tid 288] AH00418: Parent: Created child process 2268
[Tue Dec 31 12:06:47.866383 2024] [ssl:warn] [pid 2268:tid 296] AH01873: Init: Session Cache is not configured [hint: SSLSessionCache]
[Tue Dec 31 12:06:47.913262 2024] [mpm_winnt:notice] [pid 2268:tid 296] AH00354: Child: Starting 150 worker threads.
[Thu Jan 02 12:23:49.701311 2025] [core:warn] [pid 624:tid 284] AH00098: pid file C:/SYSME/SGC/xampp/apache/logs/httpd.pid overwritten -- Unclean shutdown of previous Apache run?
[Thu Jan 02 12:23:50.091938 2025] [ssl:warn] [pid 624:tid 284] AH01873: Init: Session Cache is not configured [hint: SSLSessionCache]
[Thu Jan 02 12:23:50.560716 2025] [mpm_winnt:notice] [pid 624:tid 284] AH00455: Apache/2.4.3 (Win32) OpenSSL/1.0.1c PHP/5.4.7 configured -- resuming normal operations
[Thu Jan 02 12:23:50.576357 2025] [mpm_winnt:notice] [pid 624:tid 284] AH00456: Server built: Aug 18 2012 12:41:37
[Thu Jan 02 12:23:50.576357 2025] [core:notice] [pid 624:tid 284] AH00094: Command line: 'apache\\bin\\httpd.exe -d C:/SYSME/SGC/xampp/apache'
[Thu Jan 02 12:23:50.576357 2025] [mpm_winnt:notice] [pid 624:tid 284] AH00418: Parent: Created child process 2652
[Thu Jan 02 12:23:51.451386 2025] [ssl:warn] [pid 2652:tid 296] AH01873: Init: Session Cache is not configured [hint: SSLSessionCache]
[Thu Jan 02 12:23:51.513890 2025] [mpm_winnt:notice] [pid 2652:tid 296] AH00354: Child: Starting 150 worker threads.
[Fri Jan 03 12:33:03.899530 2025] [core:warn] [pid 2344:tid 284] AH00098: pid file C:/SYSME/SGC/xampp/apache/logs/httpd.pid overwritten -- Unclean shutdown of previous Apache run?
[Fri Jan 03 12:33:04.196420 2025] [ssl:warn] [pid 2344:tid 284] AH01873: Init: Session Cache is not configured [hint: SSLSessionCache]
[Fri Jan 03 12:33:04.258924 2025] [mpm_winnt:notice] [pid 2344:tid 284] AH00455: Apache/2.4.3 (Win32) OpenSSL/1.0.1c PHP/5.4.7 configured -- resuming normal operations
[Fri Jan 03 12:33:04.258924 2025] [mpm_winnt:notice] [pid 2344:tid 284] AH00456: Server built: Aug 18 2012 12:41:37
[Fri Jan 03 12:33:04.258924 2025] [core:notice] [pid 2344:tid 284] AH00094: Command line: 'apache\\bin\\httpd.exe -d C:/SYSME/SGC/xampp/apache'
[Fri Jan 03 12:33:04.258924 2025] [mpm_winnt:notice] [pid 2344:tid 284] AH00418: Parent: Created child process 2360
[Fri Jan 03 12:33:05.258977 2025] [ssl:warn] [pid 2360:tid 296] AH01873: Init: Session Cache is not configured [hint: SSLSessionCache]
[Fri Jan 03 12:33:05.352732 2025] [mpm_winnt:notice] [pid 2360:tid 296] AH00354: Child: Starting 150 worker threads.
[Sat Jan 04 12:35:22.603369 2025] [core:warn] [pid 2148:tid 288] AH00098: pid file C:/SYSME/SGC/xampp/apache/logs/httpd.pid overwritten -- Unclean shutdown of previous Apache run?
[Sat Jan 04 12:35:22.900247 2025] [ssl:warn] [pid 2148:tid 288] AH01873: Init: Session Cache is not configured [hint: SSLSessionCache]
[Sat Jan 04 12:35:22.962752 2025] [mpm_winnt:notice] [pid 2148:tid 288] AH00455: Apache/2.4.3 (Win32) OpenSSL/1.0.1c PHP/5.4.7 configured -- resuming normal operations
[Sat Jan 04 12:35:22.962752 2025] [mpm_winnt:notice] [pid 2148:tid 288] AH00456: Server built: Aug 18 2012 12:41:37
[Sat Jan 04 12:35:22.962752 2025] [core:notice] [pid 2148:tid 288] AH00094: Command line: 'apache\\bin\\httpd.exe -d C:/SYSME/SGC/xampp/apache'
[Sat Jan 04 12:35:22.962752 2025] [mpm_winnt:notice] [pid 2148:tid 288] AH00418: Parent: Created child process 1224
[Sat Jan 04 12:35:23.744041 2025] [ssl:warn] [pid 1224:tid 296] AH01873: Init: Session Cache is not configured [hint: SSLSessionCache]
[Sat Jan 04 12:35:23.775294 2025] [mpm_winnt:notice] [pid 1224:tid 296] AH00354: Child: Starting 150 worker threads.
[Sun Jan 05 12:08:40.703298 2025] [core:warn] [pid 3320:tid 292] AH00098: pid file C:/SYSME/SGC/xampp/apache/logs/httpd.pid overwritten -- Unclean shutdown of previous Apache run?
[Sun Jan 05 12:08:41.062691 2025] [ssl:warn] [pid 3320:tid 292] AH01873: Init: Session Cache is not configured [hint: SSLSessionCache]
[Sun Jan 05 12:08:41.125196 2025] [mpm_winnt:notice] [pid 3320:tid 292] AH00455: Apache/2.4.3 (Win32) OpenSSL/1.0.1c PHP/5.4.7 configured -- resuming normal operations
[Sun Jan 05 12:08:41.125196 2025] [mpm_winnt:notice] [pid 3320:tid 292] AH00456: Server built: Aug 18 2012 12:41:37
[Sun Jan 05 12:08:41.125196 2025] [core:notice] [pid 3320:tid 292] AH00094: Command line: 'apache\\bin\\httpd.exe -d C:/SYSME/SGC/xampp/apache'
[Sun Jan 05 12:08:41.125196 2025] [mpm_winnt:notice] [pid 3320:tid 292] AH00418: Parent: Created child process 4016
[Sun Jan 05 12:08:42.031493 2025] [ssl:warn] [pid 4016:tid 296] AH01873: Init: Session Cache is not configured [hint: SSLSessionCache]
[Sun Jan 05 12:08:42.140874 2025] [mpm_winnt:notice] [pid 4016:tid 296] AH00354: Child: Starting 150 worker threads.
[Mon Jan 06 14:55:27.026941 2025] [core:warn] [pid 3132:tid 260] AH00098: pid file C:/SYSME/SGC/xampp/apache/logs/httpd.pid overwritten -- Unclean shutdown of previous Apache run?
[Mon Jan 06 14:55:27.339443 2025] [ssl:warn] [pid 3132:tid 260] AH01873: Init: Session Cache is not configured [hint: SSLSessionCache]
[Mon Jan 06 14:55:27.401946 2025] [mpm_winnt:notice] [pid 3132:tid 260] AH00455: Apache/2.4.3 (Win32) OpenSSL/1.0.1c PHP/5.4.7 configured -- resuming normal operations
[Mon Jan 06 14:55:27.401946 2025] [mpm_winnt:notice] [pid 3132:tid 260] AH00456: Server built: Aug 18 2012 12:41:37
[Mon Jan 06 14:55:27.401946 2025] [core:notice] [pid 3132:tid 260] AH00094: Command line: 'apache\\bin\\httpd.exe -d C:/SYSME/SGC/xampp/apache'
[Mon Jan 06 14:55:27.401946 2025] [mpm_winnt:notice] [pid 3132:tid 260] AH00418: Parent: Created child process 2968
[Mon Jan 06 14:55:28.355225 2025] [ssl:warn] [pid 2968:tid 292] AH01873: Init: Session Cache is not configured [hint: SSLSessionCache]
[Mon Jan 06 14:55:28.402102 2025] [mpm_winnt:notice] [pid 2968:tid 292] AH00354: Child: Starting 150 worker threads.
[Tue Jan 07 13:56:20.580617 2025] [core:warn] [pid 3576:tid 284] AH00098: pid file C:/SYSME/SGC/xampp/apache/logs/httpd.pid overwritten -- Unclean shutdown of previous Apache run?
[Tue Jan 07 13:56:20.861881 2025] [ssl:warn] [pid 3576:tid 284] AH01873: Init: Session Cache is not configured [hint: SSLSessionCache]
[Tue Jan 07 13:56:20.924384 2025] [mpm_winnt:notice] [pid 3576:tid 284] AH00455: Apache/2.4.3 (Win32) OpenSSL/1.0.1c PHP/5.4.7 configured -- resuming normal operations
[Tue Jan 07 13:56:20.924384 2025] [mpm_winnt:notice] [pid 3576:tid 284] AH00456: Server built: Aug 18 2012 12:41:37
[Tue Jan 07 13:56:20.924384 2025] [core:notice] [pid 3576:tid 284] AH00094: Command line: 'apache\\bin\\httpd.exe -d C:/SYSME/SGC/xampp/apache'
[Tue Jan 07 13:56:20.924384 2025] [mpm_winnt:notice] [pid 3576:tid 284] AH00418: Parent: Created child process 2128
[Tue Jan 07 13:56:21.846309 2025] [ssl:warn] [pid 2128:tid 296] AH01873: Init: Session Cache is not configured [hint: SSLSessionCache]
[Tue Jan 07 13:56:21.924438 2025] [mpm_winnt:notice] [pid 2128:tid 296] AH00354: Child: Starting 150 worker threads.
[Wed Jan 08 12:08:10.145671 2025] [core:warn] [pid 3436:tid 284] AH00098: pid file C:/SYSME/SGC/xampp/apache/logs/httpd.pid overwritten -- Unclean shutdown of previous Apache run?
[Wed Jan 08 12:08:10.520692 2025] [ssl:warn] [pid 3436:tid 284] AH01873: Init: Session Cache is not configured [hint: SSLSessionCache]
[Wed Jan 08 12:08:10.583195 2025] [mpm_winnt:notice] [pid 3436:tid 284] AH00455: Apache/2.4.3 (Win32) OpenSSL/1.0.1c PHP/5.4.7 configured -- resuming normal operations
[Wed Jan 08 12:08:10.583195 2025] [mpm_winnt:notice] [pid 3436:tid 284] AH00456: Server built: Aug 18 2012 12:41:37
[Wed Jan 08 12:08:10.583195 2025] [core:notice] [pid 3436:tid 284] AH00094: Command line: 'apache\\bin\\httpd.exe -d C:/SYSME/SGC/xampp/apache'
[Wed Jan 08 12:08:10.583195 2025] [mpm_winnt:notice] [pid 3436:tid 284] AH00418: Parent: Created child process 1608
[Wed Jan 08 12:08:11.473868 2025] [ssl:warn] [pid 1608:tid 292] AH01873: Init: Session Cache is not configured [hint: SSLSessionCache]
[Wed Jan 08 12:08:11.536371 2025] [mpm_winnt:notice] [pid 1608:tid 292] AH00354: Child: Starting 150 worker threads.
[Thu Jan 09 12:15:09.567229 2025] [core:warn] [pid 3992:tid 288] AH00098: pid file C:/SYSME/SGC/xampp/apache/logs/httpd.pid overwritten -- Unclean shutdown of previous Apache run?
[Thu Jan 09 12:15:09.942249 2025] [ssl:warn] [pid 3992:tid 288] AH01873: Init: Session Cache is not configured [hint: SSLSessionCache]
[Thu Jan 09 12:15:10.004753 2025] [mpm_winnt:notice] [pid 3992:tid 288] AH00455: Apache/2.4.3 (Win32) OpenSSL/1.0.1c PHP/5.4.7 configured -- resuming normal operations
[Thu Jan 09 12:15:10.004753 2025] [mpm_winnt:notice] [pid 3992:tid 288] AH00456: Server built: Aug 18 2012 12:41:37
[Thu Jan 09 12:15:10.004753 2025] [core:notice] [pid 3992:tid 288] AH00094: Command line: 'apache\\bin\\httpd.exe -d C:/SYSME/SGC/xampp/apache'
[Thu Jan 09 12:15:10.004753 2025] [mpm_winnt:notice] [pid 3992:tid 288] AH00418: Parent: Created child process 4008
[Thu Jan 09 12:15:10.864172 2025] [ssl:warn] [pid 4008:tid 292] AH01873: Init: Session Cache is not configured [hint: SSLSessionCache]
[Thu Jan 09 12:15:10.911049 2025] [mpm_winnt:notice] [pid 4008:tid 292] AH00354: Child: Starting 150 worker threads.
[Fri Jan 10 12:23:00.707685 2025] [core:warn] [pid 2812:tid 292] AH00098: pid file C:/SYSME/SGC/xampp/apache/logs/httpd.pid overwritten -- Unclean shutdown of previous Apache run?
[Fri Jan 10 12:23:01.035828 2025] [ssl:warn] [pid 2812:tid 292] AH01873: Init: Session Cache is not configured [hint: SSLSessionCache]
[Fri Jan 10 12:23:01.098332 2025] [mpm_winnt:notice] [pid 2812:tid 292] AH00455: Apache/2.4.3 (Win32) OpenSSL/1.0.1c PHP/5.4.7 configured -- resuming normal operations
[Fri Jan 10 12:23:01.098332 2025] [mpm_winnt:notice] [pid 2812:tid 292] AH00456: Server built: Aug 18 2012 12:41:37
[Fri Jan 10 12:23:01.098332 2025] [core:notice] [pid 2812:tid 292] AH00094: Command line: 'apache\\bin\\httpd.exe -d C:/SYSME/SGC/xampp/apache'
[Fri Jan 10 12:23:01.098332 2025] [mpm_winnt:notice] [pid 2812:tid 292] AH00418: Parent: Created child process 2844
[Fri Jan 10 12:23:01.957750 2025] [ssl:warn] [pid 2844:tid 292] AH01873: Init: Session Cache is not configured [hint: SSLSessionCache]
[Fri Jan 10 12:23:02.004628 2025] [mpm_winnt:notice] [pid 2844:tid 292] AH00354: Child: Starting 150 worker threads.
[Sat Jan 11 12:29:39.115999 2025] [core:warn] [pid 4544:tid 288] AH00098: pid file C:/SYSME/SGC/xampp/apache/logs/httpd.pid overwritten -- Unclean shutdown of previous Apache run?
[Sat Jan 11 12:29:39.412888 2025] [ssl:warn] [pid 4544:tid 288] AH01873: Init: Session Cache is not configured [hint: SSLSessionCache]
[Sat Jan 11 12:29:39.475390 2025] [mpm_winnt:notice] [pid 4544:tid 288] AH00455: Apache/2.4.3 (Win32) OpenSSL/1.0.1c PHP/5.4.7 configured -- resuming normal operations
[Sat Jan 11 12:29:39.475390 2025] [mpm_winnt:notice] [pid 4544:tid 288] AH00456: Server built: Aug 18 2012 12:41:37
[Sat Jan 11 12:29:39.475390 2025] [core:notice] [pid 4544:tid 288] AH00094: Command line: 'apache\\bin\\httpd.exe -d C:/SYSME/SGC/xampp/apache'
[Sat Jan 11 12:29:39.475390 2025] [mpm_winnt:notice] [pid 4544:tid 288] AH00418: Parent: Created child process 2112
[Sat Jan 11 12:29:40.334864 2025] [ssl:warn] [pid 2112:tid 292] AH01873: Init: Session Cache is not configured [hint: SSLSessionCache]
[Sat Jan 11 12:29:40.381741 2025] [mpm_winnt:notice] [pid 2112:tid 292] AH00354: Child: Starting 150 worker threads.
[Sun Jan 12 12:29:02.359479 2025] [core:warn] [pid 2940:tid 288] AH00098: pid file C:/SYSME/SGC/xampp/apache/logs/httpd.pid overwritten -- Unclean shutdown of previous Apache run?
[Sun Jan 12 12:29:02.750123 2025] [ssl:warn] [pid 2940:tid 288] AH01873: Init: Session Cache is not configured [hint: SSLSessionCache]
[Sun Jan 12 12:29:02.812626 2025] [mpm_winnt:notice] [pid 2940:tid 288] AH00455: Apache/2.4.3 (Win32) OpenSSL/1.0.1c PHP/5.4.7 configured -- resuming normal operations
[Sun Jan 12 12:29:02.812626 2025] [mpm_winnt:notice] [pid 2940:tid 288] AH00456: Server built: Aug 18 2012 12:41:37
[Sun Jan 12 12:29:02.812626 2025] [core:notice] [pid 2940:tid 288] AH00094: Command line: 'apache\\bin\\httpd.exe -d C:/SYSME/SGC/xampp/apache'
[Sun Jan 12 12:29:02.812626 2025] [mpm_winnt:notice] [pid 2940:tid 288] AH00418: Parent: Created child process 2108
[Sun Jan 12 12:29:03.718923 2025] [ssl:warn] [pid 2108:tid 296] AH01873: Init: Session Cache is not configured [hint: SSLSessionCache]
[Sun Jan 12 12:29:03.765801 2025] [mpm_winnt:notice] [pid 2108:tid 296] AH00354: Child: Starting 150 worker threads.
[Mon Jan 13 12:20:26.886936 2025] [core:warn] [pid 4032:tid 284] AH00098: pid file C:/SYSME/SGC/xampp/apache/logs/httpd.pid overwritten -- Unclean shutdown of previous Apache run?
[Mon Jan 13 12:20:27.293206 2025] [ssl:warn] [pid 4032:tid 284] AH01873: Init: Session Cache is not configured [hint: SSLSessionCache]
[Mon Jan 13 12:20:27.355710 2025] [mpm_winnt:notice] [pid 4032:tid 284] AH00455: Apache/2.4.3 (Win32) OpenSSL/1.0.1c PHP/5.4.7 configured -- resuming normal operations
[Mon Jan 13 12:20:27.355710 2025] [mpm_winnt:notice] [pid 4032:tid 284] AH00456: Server built: Aug 18 2012 12:41:37
[Mon Jan 13 12:20:27.355710 2025] [core:notice] [pid 4032:tid 284] AH00094: Command line: 'apache\\bin\\httpd.exe -d C:/SYSME/SGC/xampp/apache'
[Mon Jan 13 12:20:27.355710 2025] [mpm_winnt:notice] [pid 4032:tid 284] AH00418: Parent: Created child process 2008
[Mon Jan 13 12:20:28.277633 2025] [ssl:warn] [pid 2008:tid 300] AH01873: Init: Session Cache is not configured [hint: SSLSessionCache]
[Mon Jan 13 12:20:28.340137 2025] [mpm_winnt:notice] [pid 2008:tid 300] AH00354: Child: Starting 150 worker threads.
[Mon Jan 13 17:29:08.274243 2025] [core:warn] [pid 3840:tid 284] AH00098: pid file C:/SYSME/SGC/xampp/apache/logs/httpd.pid overwritten -- Unclean shutdown of previous Apache run?
[Mon Jan 13 17:29:08.602386 2025] [ssl:warn] [pid 3840:tid 284] AH01873: Init: Session Cache is not configured [hint: SSLSessionCache]
[Mon Jan 13 17:29:08.680515 2025] [mpm_winnt:notice] [pid 3840:tid 284] AH00455: Apache/2.4.3 (Win32) OpenSSL/1.0.1c PHP/5.4.7 configured -- resuming normal operations
[Mon Jan 13 17:29:08.680515 2025] [mpm_winnt:notice] [pid 3840:tid 284] AH00456: Server built: Aug 18 2012 12:41:37
[Mon Jan 13 17:29:08.680515 2025] [core:notice] [pid 3840:tid 284] AH00094: Command line: 'apache\\bin\\httpd.exe -d C:/SYSME/SGC/xampp/apache'
[Mon Jan 13 17:29:08.680515 2025] [mpm_winnt:notice] [pid 3840:tid 284] AH00418: Parent: Created child process 3852
[Mon Jan 13 17:29:09.680567 2025] [ssl:warn] [pid 3852:tid 300] AH01873: Init: Session Cache is not configured [hint: SSLSessionCache]
[Mon Jan 13 17:29:09.743070 2025] [mpm_winnt:notice] [pid 3852:tid 300] AH00354: Child: Starting 150 worker threads.
[Tue Jan 14 12:16:09.643868 2025] [core:warn] [pid 3696:tid 288] AH00098: pid file C:/SYSME/SGC/xampp/apache/logs/httpd.pid overwritten -- Unclean shutdown of previous Apache run?
[Tue Jan 14 12:16:10.143894 2025] [ssl:warn] [pid 3696:tid 288] AH01873: Init: Session Cache is not configured [hint: SSLSessionCache]
[Tue Jan 14 12:16:10.206398 2025] [mpm_winnt:notice] [pid 3696:tid 288] AH00455: Apache/2.4.3 (Win32) OpenSSL/1.0.1c PHP/5.4.7 configured -- resuming normal operations
[Tue Jan 14 12:16:10.206398 2025] [mpm_winnt:notice] [pid 3696:tid 288] AH00456: Server built: Aug 18 2012 12:41:37
[Tue Jan 14 12:16:10.206398 2025] [core:notice] [pid 3696:tid 288] AH00094: Command line: 'apache\\bin\\httpd.exe -d C:/SYSME/SGC/xampp/apache'
[Tue Jan 14 12:16:10.206398 2025] [mpm_winnt:notice] [pid 3696:tid 288] AH00418: Parent: Created child process 2720
[Tue Jan 14 12:16:11.128319 2025] [ssl:warn] [pid 2720:tid 308] AH01873: Init: Session Cache is not configured [hint: SSLSessionCache]
[Tue Jan 14 12:16:11.190823 2025] [mpm_winnt:notice] [pid 2720:tid 308] AH00354: Child: Starting 150 worker threads.
[Wed Jan 15 13:42:08.848676 2025] [core:warn] [pid 5308:tid 284] AH00098: pid file C:/SYSME/SGC/xampp/apache/logs/httpd.pid overwritten -- Unclean shutdown of previous Apache run?
[Wed Jan 15 13:42:09.145546 2025] [ssl:warn] [pid 5308:tid 284] AH01873: Init: Session Cache is not configured [hint: SSLSessionCache]
[Wed Jan 15 13:42:09.208048 2025] [mpm_winnt:notice] [pid 5308:tid 284] AH00455: Apache/2.4.3 (Win32) OpenSSL/1.0.1c PHP/5.4.7 configured -- resuming normal operations
[Wed Jan 15 13:42:09.208048 2025] [mpm_winnt:notice] [pid 5308:tid 284] AH00456: Server built: Aug 18 2012 12:41:37
[Wed Jan 15 13:42:09.208048 2025] [core:notice] [pid 5308:tid 284] AH00094: Command line: 'apache\\bin\\httpd.exe -d C:/SYSME/SGC/xampp/apache'
[Wed Jan 15 13:42:09.208048 2025] [mpm_winnt:notice] [pid 5308:tid 284] AH00418: Parent: Created child process 4092
[Wed Jan 15 13:42:10.176904 2025] [ssl:warn] [pid 4092:tid 292] AH01873: Init: Session Cache is not configured [hint: SSLSessionCache]
[Wed Jan 15 13:42:10.208156 2025] [mpm_winnt:notice] [pid 4092:tid 292] AH00354: Child: Starting 150 worker threads.
[Fri Jan 17 12:12:35.576312 2025] [core:warn] [pid 5536:tid 284] AH00098: pid file C:/SYSME/SGC/xampp/apache/logs/httpd.pid overwritten -- Unclean shutdown of previous Apache run?
[Fri Jan 17 12:12:35.935704 2025] [ssl:warn] [pid 5536:tid 284] AH01873: Init: Session Cache is not configured [hint: SSLSessionCache]
[Fri Jan 17 12:12:35.998211 2025] [mpm_winnt:notice] [pid 5536:tid 284] AH00455: Apache/2.4.3 (Win32) OpenSSL/1.0.1c PHP/5.4.7 configured -- resuming normal operations
[Fri Jan 17 12:12:35.998211 2025] [mpm_winnt:notice] [pid 5536:tid 284] AH00456: Server built: Aug 18 2012 12:41:37
[Fri Jan 17 12:12:35.998211 2025] [core:notice] [pid 5536:tid 284] AH00094: Command line: 'apache\\bin\\httpd.exe -d C:/SYSME/SGC/xampp/apache'
[Fri Jan 17 12:12:35.998211 2025] [mpm_winnt:notice] [pid 5536:tid 284] AH00418: Parent: Created child process 1556
[Fri Jan 17 12:12:36.748247 2025] [ssl:warn] [pid 1556:tid 292] AH01873: Init: Session Cache is not configured [hint: SSLSessionCache]
[Fri Jan 17 12:12:36.795126 2025] [mpm_winnt:notice] [pid 1556:tid 292] AH00354: Child: Starting 150 worker threads.
[Sat Jan 18 12:33:38.881604 2025] [core:warn] [pid 5988:tid 288] AH00098: pid file C:/SYSME/SGC/xampp/apache/logs/httpd.pid overwritten -- Unclean shutdown of previous Apache run?
[Sat Jan 18 12:33:39.178491 2025] [ssl:warn] [pid 5988:tid 288] AH01873: Init: Session Cache is not configured [hint: SSLSessionCache]
[Sat Jan 18 12:33:39.240998 2025] [mpm_winnt:notice] [pid 5988:tid 288] AH00455: Apache/2.4.3 (Win32) OpenSSL/1.0.1c PHP/5.4.7 configured -- resuming normal operations
[Sat Jan 18 12:33:39.240998 2025] [mpm_winnt:notice] [pid 5988:tid 288] AH00456: Server built: Aug 18 2012 12:41:37
[Sat Jan 18 12:33:39.240998 2025] [core:notice] [pid 5988:tid 288] AH00094: Command line: 'apache\\bin\\httpd.exe -d C:/SYSME/SGC/xampp/apache'
[Sat Jan 18 12:33:39.240998 2025] [mpm_winnt:notice] [pid 5988:tid 288] AH00418: Parent: Created child process 4076
[Sat Jan 18 12:33:40.069162 2025] [ssl:warn] [pid 4076:tid 296] AH01873: Init: Session Cache is not configured [hint: SSLSessionCache]
[Sat Jan 18 12:33:40.116041 2025] [mpm_winnt:notice] [pid 4076:tid 296] AH00354: Child: Starting 150 worker threads.
[Sun Jan 19 12:21:11.066833 2025] [core:warn] [pid 4712:tid 288] AH00098: pid file C:/SYSME/SGC/xampp/apache/logs/httpd.pid overwritten -- Unclean shutdown of previous Apache run?
[Sun Jan 19 12:21:11.379352 2025] [ssl:warn] [pid 4712:tid 288] AH01873: Init: Session Cache is not configured [hint: SSLSessionCache]
[Sun Jan 19 12:21:11.441854 2025] [mpm_winnt:notice] [pid 4712:tid 288] AH00455: Apache/2.4.3 (Win32) OpenSSL/1.0.1c PHP/5.4.7 configured -- resuming normal operations
[Sun Jan 19 12:21:11.441854 2025] [mpm_winnt:notice] [pid 4712:tid 288] AH00456: Server built: Aug 18 2012 12:41:37
[Sun Jan 19 12:21:11.441854 2025] [core:notice] [pid 4712:tid 288] AH00094: Command line: 'apache\\bin\\httpd.exe -d C:/SYSME/SGC/xampp/apache'
[Sun Jan 19 12:21:11.473105 2025] [mpm_winnt:notice] [pid 4712:tid 288] AH00418: Parent: Created child process 584
[Sun Jan 19 12:21:12.270021 2025] [ssl:warn] [pid 584:tid 296] AH01873: Init: Session Cache is not configured [hint: SSLSessionCache]
[Sun Jan 19 12:21:12.316897 2025] [mpm_winnt:notice] [pid 584:tid 296] AH00354: Child: Starting 150 worker threads.
[Sun Jan 19 14:37:28.299426 2025] [core:warn] [pid 3520:tid 292] AH00098: pid file C:/SYSME/SGC/xampp/apache/logs/httpd.pid overwritten -- Unclean shutdown of previous Apache run?
[Sun Jan 19 14:37:28.596316 2025] [ssl:warn] [pid 3520:tid 292] AH01873: Init: Session Cache is not configured [hint: SSLSessionCache]
[Sun Jan 19 14:37:28.658821 2025] [mpm_winnt:notice] [pid 3520:tid 292] AH00455: Apache/2.4.3 (Win32) OpenSSL/1.0.1c PHP/5.4.7 configured -- resuming normal operations
[Sun Jan 19 14:37:28.658821 2025] [mpm_winnt:notice] [pid 3520:tid 292] AH00456: Server built: Aug 18 2012 12:41:37
[Sun Jan 19 14:37:28.658821 2025] [core:notice] [pid 3520:tid 292] AH00094: Command line: 'apache\\bin\\httpd.exe -d C:/SYSME/SGC/xampp/apache'
[Sun Jan 19 14:37:28.658821 2025] [mpm_winnt:notice] [pid 3520:tid 292] AH00418: Parent: Created child process 3644
[Sun Jan 19 14:37:29.502617 2025] [ssl:warn] [pid 3644:tid 300] AH01873: Init: Session Cache is not configured [hint: SSLSessionCache]
[Sun Jan 19 14:37:29.549495 2025] [mpm_winnt:notice] [pid 3644:tid 300] AH00354: Child: Starting 150 worker threads.
[Sun Jan 19 14:37:31.596482 2025] [mpm_winnt:notice] [pid 3520:tid 292] AH00428: Parent: child process exited with status 3221225477 -- Restarting.
[Sun Jan 19 14:37:32.080880 2025] [ssl:warn] [pid 3520:tid 292] AH01873: Init: Session Cache is not configured [hint: SSLSessionCache]
[Sun Jan 19 14:37:32.112133 2025] [mpm_winnt:notice] [pid 3520:tid 292] AH00455: Apache/2.4.3 (Win32) OpenSSL/1.0.1c PHP/5.4.7 configured -- resuming normal operations
[Sun Jan 19 14:37:32.112133 2025] [mpm_winnt:notice] [pid 3520:tid 292] AH00456: Server built: Aug 18 2012 12:41:37
[Sun Jan 19 14:37:32.112133 2025] [core:notice] [pid 3520:tid 292] AH00094: Command line: 'apache\\bin\\httpd.exe -d C:/SYSME/SGC/xampp/apache'
[Sun Jan 19 14:37:32.112133 2025] [mpm_winnt:notice] [pid 3520:tid 292] AH00418: Parent: Created child process 3916
[Sun Jan 19 14:37:32.924675 2025] [ssl:warn] [pid 3916:tid 304] AH01873: Init: Session Cache is not configured [hint: SSLSessionCache]
[Sun Jan 19 14:37:32.955927 2025] [mpm_winnt:notice] [pid 3916:tid 304] AH00354: Child: Starting 150 worker threads.
[Mon Jan 20 12:36:01.793835 2025] [core:warn] [pid 2408:tid 284] AH00098: pid file C:/SYSME/SGC/xampp/apache/logs/httpd.pid overwritten -- Unclean shutdown of previous Apache run?
[Mon Jan 20 12:36:02.153229 2025] [ssl:warn] [pid 2408:tid 284] AH01873: Init: Session Cache is not configured [hint: SSLSessionCache]
[Mon Jan 20 12:36:02.215732 2025] [mpm_winnt:notice] [pid 2408:tid 284] AH00455: Apache/2.4.3 (Win32) OpenSSL/1.0.1c PHP/5.4.7 configured -- resuming normal operations
[Mon Jan 20 12:36:02.215732 2025] [mpm_winnt:notice] [pid 2408:tid 284] AH00456: Server built: Aug 18 2012 12:41:37
[Mon Jan 20 12:36:02.215732 2025] [core:notice] [pid 2408:tid 284] AH00094: Command line: 'apache\\bin\\httpd.exe -d C:/SYSME/SGC/xampp/apache'
[Mon Jan 20 12:36:02.215732 2025] [mpm_winnt:notice] [pid 2408:tid 284] AH00418: Parent: Created child process 1048
[Mon Jan 20 12:36:03.028276 2025] [ssl:warn] [pid 1048:tid 304] AH01873: Init: Session Cache is not configured [hint: SSLSessionCache]
[Mon Jan 20 12:36:03.090780 2025] [mpm_winnt:notice] [pid 1048:tid 304] AH00354: Child: Starting 150 worker threads.
[Tue Jan 21 12:22:28.359878 2025] [core:warn] [pid 2476:tid 288] AH00098: pid file C:/SYSME/SGC/xampp/apache/logs/httpd.pid overwritten -- Unclean shutdown of previous Apache run?
[Tue Jan 21 12:22:28.688019 2025] [ssl:warn] [pid 2476:tid 288] AH01873: Init: Session Cache is not configured [hint: SSLSessionCache]
[Tue Jan 21 12:22:28.734898 2025] [mpm_winnt:notice] [pid 2476:tid 288] AH00455: Apache/2.4.3 (Win32) OpenSSL/1.0.1c PHP/5.4.7 configured -- resuming normal operations
[Tue Jan 21 12:22:28.734898 2025] [mpm_winnt:notice] [pid 2476:tid 288] AH00456: Server built: Aug 18 2012 12:41:37
[Tue Jan 21 12:22:28.734898 2025] [core:notice] [pid 2476:tid 288] AH00094: Command line: 'apache\\bin\\httpd.exe -d C:/SYSME/SGC/xampp/apache'
[Tue Jan 21 12:22:28.734898 2025] [mpm_winnt:notice] [pid 2476:tid 288] AH00418: Parent: Created child process 2408
[Tue Jan 21 12:22:29.484937 2025] [ssl:warn] [pid 2408:tid 296] AH01873: Init: Session Cache is not configured [hint: SSLSessionCache]
[Tue Jan 21 12:22:29.531817 2025] [mpm_winnt:notice] [pid 2408:tid 296] AH00354: Child: Starting 150 worker threads.
[Wed Jan 22 12:39:21.011261 2025] [core:warn] [pid 5532:tid 292] AH00098: pid file C:/SYSME/SGC/xampp/apache/logs/httpd.pid overwritten -- Unclean shutdown of previous Apache run?
[Wed Jan 22 12:39:21.323756 2025] [ssl:warn] [pid 5532:tid 292] AH01873: Init: Session Cache is not configured [hint: SSLSessionCache]
[Wed Jan 22 12:39:21.386260 2025] [mpm_winnt:notice] [pid 5532:tid 292] AH00455: Apache/2.4.3 (Win32) OpenSSL/1.0.1c PHP/5.4.7 configured -- resuming normal operations
[Wed Jan 22 12:39:21.386260 2025] [mpm_winnt:notice] [pid 5532:tid 292] AH00456: Server built: Aug 18 2012 12:41:37
[Wed Jan 22 12:39:21.386260 2025] [core:notice] [pid 5532:tid 292] AH00094: Command line: 'apache\\bin\\httpd.exe -d C:/SYSME/SGC/xampp/apache'
[Wed Jan 22 12:39:21.386260 2025] [mpm_winnt:notice] [pid 5532:tid 292] AH00418: Parent: Created child process 4860
[Wed Jan 22 12:39:22.308364 2025] [ssl:warn] [pid 4860:tid 292] AH01873: Init: Session Cache is not configured [hint: SSLSessionCache]
[Wed Jan 22 12:39:22.355240 2025] [mpm_winnt:notice] [pid 4860:tid 292] AH00354: Child: Starting 150 worker threads.
[Thu Jan 23 12:54:02.205929 2025] [core:warn] [pid 2536:tid 288] AH00098: pid file C:/SYSME/SGC/xampp/apache/logs/httpd.pid overwritten -- Unclean shutdown of previous Apache run?
[Thu Jan 23 12:54:02.549696 2025] [ssl:warn] [pid 2536:tid 288] AH01873: Init: Session Cache is not configured [hint: SSLSessionCache]
[Thu Jan 23 12:54:02.596574 2025] [mpm_winnt:notice] [pid 2536:tid 288] AH00455: Apache/2.4.3 (Win32) OpenSSL/1.0.1c PHP/5.4.7 configured -- resuming normal operations
[Thu Jan 23 12:54:02.596574 2025] [mpm_winnt:notice] [pid 2536:tid 288] AH00456: Server built: Aug 18 2012 12:41:37
[Thu Jan 23 12:54:02.596574 2025] [core:notice] [pid 2536:tid 288] AH00094: Command line: 'apache\\bin\\httpd.exe -d C:/SYSME/SGC/xampp/apache'
[Thu Jan 23 12:54:02.596574 2025] [mpm_winnt:notice] [pid 2536:tid 288] AH00418: Parent: Created child process 6028
[Thu Jan 23 12:54:03.440368 2025] [ssl:warn] [pid 6028:tid 292] AH01873: Init: Session Cache is not configured [hint: SSLSessionCache]
[Thu Jan 23 12:54:03.471620 2025] [mpm_winnt:notice] [pid 6028:tid 292] AH00354: Child: Starting 150 worker threads.
[Fri Jan 24 12:07:12.161514 2025] [core:warn] [pid 980:tid 284] AH00098: pid file C:/SYSME/SGC/xampp/apache/logs/httpd.pid overwritten -- Unclean shutdown of previous Apache run?
[Fri Jan 24 12:07:12.474032 2025] [ssl:warn] [pid 980:tid 284] AH01873: Init: Session Cache is not configured [hint: SSLSessionCache]
[Fri Jan 24 12:07:12.520912 2025] [mpm_winnt:notice] [pid 980:tid 284] AH00455: Apache/2.4.3 (Win32) OpenSSL/1.0.1c PHP/5.4.7 configured -- resuming normal operations
[Fri Jan 24 12:07:12.520912 2025] [mpm_winnt:notice] [pid 980:tid 284] AH00456: Server built: Aug 18 2012 12:41:37
[Fri Jan 24 12:07:12.520912 2025] [core:notice] [pid 980:tid 284] AH00094: Command line: 'apache\\bin\\httpd.exe -d C:/SYSME/SGC/xampp/apache'
[Fri Jan 24 12:07:12.536535 2025] [mpm_winnt:notice] [pid 980:tid 284] AH00418: Parent: Created child process 3356
[Fri Jan 24 12:07:13.458459 2025] [ssl:warn] [pid 3356:tid 292] AH01873: Init: Session Cache is not configured [hint: SSLSessionCache]
[Fri Jan 24 12:07:13.505337 2025] [mpm_winnt:notice] [pid 3356:tid 292] AH00354: Child: Starting 150 worker threads.
[Fri Jan 24 21:25:17.845374 2025] [core:warn] [pid 864:tid 292] AH00098: pid file C:/SYSME/SGC/xampp/apache/logs/httpd.pid overwritten -- Unclean shutdown of previous Apache run?
[Fri Jan 24 21:25:18.173515 2025] [ssl:warn] [pid 864:tid 292] AH01873: Init: Session Cache is not configured [hint: SSLSessionCache]
[Fri Jan 24 21:25:18.236020 2025] [mpm_winnt:notice] [pid 864:tid 292] AH00455: Apache/2.4.3 (Win32) OpenSSL/1.0.1c PHP/5.4.7 configured -- resuming normal operations
[Fri Jan 24 21:25:18.236020 2025] [mpm_winnt:notice] [pid 864:tid 292] AH00456: Server built: Aug 18 2012 12:41:37
[Fri Jan 24 21:25:18.236020 2025] [core:notice] [pid 864:tid 292] AH00094: Command line: 'apache\\bin\\httpd.exe -d C:/SYSME/SGC/xampp/apache'
[Fri Jan 24 21:25:18.236020 2025] [mpm_winnt:notice] [pid 864:tid 292] AH00418: Parent: Created child process 2084
[Fri Jan 24 21:25:19.267323 2025] [ssl:warn] [pid 2084:tid 292] AH01873: Init: Session Cache is not configured [hint: SSLSessionCache]
[Fri Jan 24 21:25:19.314201 2025] [mpm_winnt:notice] [pid 2084:tid 292] AH00354: Child: Starting 150 worker threads.
[Sat Jan 25 12:23:06.486492 2025] [core:warn] [pid 3108:tid 288] AH00098: pid file C:/SYSME/SGC/xampp/apache/logs/httpd.pid overwritten -- Unclean shutdown of previous Apache run?
[Sat Jan 25 12:23:06.799006 2025] [ssl:warn] [pid 3108:tid 288] AH01873: Init: Session Cache is not configured [hint: SSLSessionCache]
[Sat Jan 25 12:23:06.861512 2025] [mpm_winnt:notice] [pid 3108:tid 288] AH00455: Apache/2.4.3 (Win32) OpenSSL/1.0.1c PHP/5.4.7 configured -- resuming normal operations
[Sat Jan 25 12:23:06.861512 2025] [mpm_winnt:notice] [pid 3108:tid 288] AH00456: Server built: Aug 18 2012 12:41:37
[Sat Jan 25 12:23:06.861512 2025] [core:notice] [pid 3108:tid 288] AH00094: Command line: 'apache\\bin\\httpd.exe -d C:/SYSME/SGC/xampp/apache'
[Sat Jan 25 12:23:06.861512 2025] [mpm_winnt:notice] [pid 3108:tid 288] AH00418: Parent: Created child process 3712
[Sat Jan 25 12:23:07.767809 2025] [ssl:warn] [pid 3712:tid 292] AH01873: Init: Session Cache is not configured [hint: SSLSessionCache]
[Sat Jan 25 12:23:07.814687 2025] [mpm_winnt:notice] [pid 3712:tid 292] AH00354: Child: Starting 150 worker threads.
[Sun Jan 26 12:18:47.730026 2025] [core:warn] [pid 432:tid 284] AH00098: pid file C:/SYSME/SGC/xampp/apache/logs/httpd.pid overwritten -- Unclean shutdown of previous Apache run?
[Sun Jan 26 12:18:48.105035 2025] [ssl:warn] [pid 432:tid 284] AH01873: Init: Session Cache is not configured [hint: SSLSessionCache]
[Sun Jan 26 12:18:48.167540 2025] [mpm_winnt:notice] [pid 432:tid 284] AH00455: Apache/2.4.3 (Win32) OpenSSL/1.0.1c PHP/5.4.7 configured -- resuming normal operations
[Sun Jan 26 12:18:48.167540 2025] [mpm_winnt:notice] [pid 432:tid 284] AH00456: Server built: Aug 18 2012 12:41:37
[Sun Jan 26 12:18:48.167540 2025] [core:notice] [pid 432:tid 284] AH00094: Command line: 'apache\\bin\\httpd.exe -d C:/SYSME/SGC/xampp/apache'
[Sun Jan 26 12:18:48.167540 2025] [mpm_winnt:notice] [pid 432:tid 284] AH00418: Parent: Created child process 244
[Sun Jan 26 12:18:49.026959 2025] [ssl:warn] [pid 244:tid 296] AH01873: Init: Session Cache is not configured [hint: SSLSessionCache]
[Sun Jan 26 12:18:49.073836 2025] [mpm_winnt:notice] [pid 244:tid 296] AH00354: Child: Starting 150 worker threads.
[Mon Jan 27 12:22:56.491372 2025] [core:warn] [pid 1244:tid 284] AH00098: pid file C:/SYSME/SGC/xampp/apache/logs/httpd.pid overwritten -- Unclean shutdown of previous Apache run?
[Mon Jan 27 12:22:56.803887 2025] [ssl:warn] [pid 1244:tid 284] AH01873: Init: Session Cache is not configured [hint: SSLSessionCache]
[Mon Jan 27 12:22:56.866391 2025] [mpm_winnt:notice] [pid 1244:tid 284] AH00455: Apache/2.4.3 (Win32) OpenSSL/1.0.1c PHP/5.4.7 configured -- resuming normal operations
[Mon Jan 27 12:22:56.866391 2025] [mpm_winnt:notice] [pid 1244:tid 284] AH00456: Server built: Aug 18 2012 12:41:37
[Mon Jan 27 12:22:56.866391 2025] [core:notice] [pid 1244:tid 284] AH00094: Command line: 'apache\\bin\\httpd.exe -d C:/SYSME/SGC/xampp/apache'
[Mon Jan 27 12:22:56.866391 2025] [mpm_winnt:notice] [pid 1244:tid 284] AH00418: Parent: Created child process 3712
[Mon Jan 27 12:22:57.819566 2025] [ssl:warn] [pid 3712:tid 296] AH01873: Init: Session Cache is not configured [hint: SSLSessionCache]
[Mon Jan 27 12:22:57.850819 2025] [mpm_winnt:notice] [pid 3712:tid 296] AH00354: Child: Starting 150 worker threads.
[Tue Jan 28 12:48:42.191184 2025] [core:warn] [pid 4256:tid 296] AH00098: pid file C:/SYSME/SGC/xampp/apache/logs/httpd.pid overwritten -- Unclean shutdown of previous Apache run?
[Tue Jan 28 12:48:42.597453 2025] [ssl:warn] [pid 4256:tid 296] AH01873: Init: Session Cache is not configured [hint: SSLSessionCache]
[Tue Jan 28 12:48:42.659957 2025] [mpm_winnt:notice] [pid 4256:tid 296] AH00455: Apache/2.4.3 (Win32) OpenSSL/1.0.1c PHP/5.4.7 configured -- resuming normal operations
[Tue Jan 28 12:48:42.659957 2025] [mpm_winnt:notice] [pid 4256:tid 296] AH00456: Server built: Aug 18 2012 12:41:37
[Tue Jan 28 12:48:42.659957 2025] [core:notice] [pid 4256:tid 296] AH00094: Command line: 'apache\\bin\\httpd.exe -d C:/SYSME/SGC/xampp/apache'
[Tue Jan 28 12:48:42.659957 2025] [mpm_winnt:notice] [pid 4256:tid 296] AH00418: Parent: Created child process 5072
[Tue Jan 28 12:48:43.550808 2025] [ssl:warn] [pid 5072:tid 292] AH01873: Init: Session Cache is not configured [hint: SSLSessionCache]
[Tue Jan 28 12:48:43.597688 2025] [mpm_winnt:notice] [pid 5072:tid 292] AH00354: Child: Starting 150 worker threads.
[Wed Jan 29 12:30:58.723450 2025] [core:warn] [pid 2404:tid 288] AH00098: pid file C:/SYSME/SGC/xampp/apache/logs/httpd.pid overwritten -- Unclean shutdown of previous Apache run?
[Wed Jan 29 12:30:59.020328 2025] [ssl:warn] [pid 2404:tid 288] AH01873: Init: Session Cache is not configured [hint: SSLSessionCache]
[Wed Jan 29 12:30:59.082831 2025] [mpm_winnt:notice] [pid 2404:tid 288] AH00455: Apache/2.4.3 (Win32) OpenSSL/1.0.1c PHP/5.4.7 configured -- resuming normal operations
[Wed Jan 29 12:30:59.082831 2025] [mpm_winnt:notice] [pid 2404:tid 288] AH00456: Server built: Aug 18 2012 12:41:37
[Wed Jan 29 12:30:59.082831 2025] [core:notice] [pid 2404:tid 288] AH00094: Command line: 'apache\\bin\\httpd.exe -d C:/SYSME/SGC/xampp/apache'
[Wed Jan 29 12:30:59.082831 2025] [mpm_winnt:notice] [pid 2404:tid 288] AH00418: Parent: Created child process 4208
[Wed Jan 29 12:30:59.895376 2025] [ssl:warn] [pid 4208:tid 296] AH01873: Init: Session Cache is not configured [hint: SSLSessionCache]
[Wed Jan 29 12:30:59.942254 2025] [mpm_winnt:notice] [pid 4208:tid 296] AH00354: Child: Starting 150 worker threads.
[Thu Jan 30 12:21:03.519841 2025] [core:warn] [pid 5692:tid 284] AH00098: pid file C:/SYSME/SGC/xampp/apache/logs/httpd.pid overwritten -- Unclean shutdown of previous Apache run?
[Thu Jan 30 12:21:03.847983 2025] [ssl:warn] [pid 5692:tid 284] AH01873: Init: Session Cache is not configured [hint: SSLSessionCache]
[Thu Jan 30 12:21:03.894861 2025] [mpm_winnt:notice] [pid 5692:tid 284] AH00455: Apache/2.4.3 (Win32) OpenSSL/1.0.1c PHP/5.4.7 configured -- resuming normal operations
[Thu Jan 30 12:21:03.894861 2025] [mpm_winnt:notice] [pid 5692:tid 284] AH00456: Server built: Aug 18 2012 12:41:37
[Thu Jan 30 12:21:03.894861 2025] [core:notice] [pid 5692:tid 284] AH00094: Command line: 'apache\\bin\\httpd.exe -d C:/SYSME/SGC/xampp/apache'
[Thu Jan 30 12:21:03.894861 2025] [mpm_winnt:notice] [pid 5692:tid 284] AH00418: Parent: Created child process 6224
[Thu Jan 30 12:21:04.801159 2025] [ssl:warn] [pid 6224:tid 296] AH01873: Init: Session Cache is not configured [hint: SSLSessionCache]
[Thu Jan 30 12:21:04.848038 2025] [mpm_winnt:notice] [pid 6224:tid 296] AH00354: Child: Starting 150 worker threads.
[Fri Jan 31 12:51:20.775150 2025] [core:warn] [pid 3072:tid 292] AH00098: pid file C:/SYSME/SGC/xampp/apache/logs/httpd.pid overwritten -- Unclean shutdown of previous Apache run?
[Fri Jan 31 12:51:21.103290 2025] [ssl:warn] [pid 3072:tid 292] AH01873: Init: Session Cache is not configured [hint: SSLSessionCache]
[Fri Jan 31 12:51:21.165795 2025] [mpm_winnt:notice] [pid 3072:tid 292] AH00455: Apache/2.4.3 (Win32) OpenSSL/1.0.1c PHP/5.4.7 configured -- resuming normal operations
[Fri Jan 31 12:51:21.165795 2025] [mpm_winnt:notice] [pid 3072:tid 292] AH00456: Server built: Aug 18 2012 12:41:37
[Fri Jan 31 12:51:21.165795 2025] [core:notice] [pid 3072:tid 292] AH00094: Command line: 'apache\\bin\\httpd.exe -d C:/SYSME/SGC/xampp/apache'
[Fri Jan 31 12:51:21.165795 2025] [mpm_winnt:notice] [pid 3072:tid 292] AH00418: Parent: Created child process 848
[Fri Jan 31 12:51:22.025214 2025] [ssl:warn] [pid 848:tid 292] AH01873: Init: Session Cache is not configured [hint: SSLSessionCache]
[Fri Jan 31 12:51:22.072092 2025] [mpm_winnt:notice] [pid 848:tid 292] AH00354: Child: Starting 150 worker threads.
[Fri Jan 31 15:29:39.492680 2025] [core:warn] [pid 716:tid 288] AH00098: pid file C:/SYSME/SGC/xampp/apache/logs/httpd.pid overwritten -- Unclean shutdown of previous Apache run?
[Fri Jan 31 15:29:39.883322 2025] [ssl:warn] [pid 716:tid 288] AH01873: Init: Session Cache is not configured [hint: SSLSessionCache]
[Fri Jan 31 15:29:39.945826 2025] [mpm_winnt:notice] [pid 716:tid 288] AH00455: Apache/2.4.3 (Win32) OpenSSL/1.0.1c PHP/5.4.7 configured -- resuming normal operations
[Fri Jan 31 15:29:39.945826 2025] [mpm_winnt:notice] [pid 716:tid 288] AH00456: Server built: Aug 18 2012 12:41:37
[Fri Jan 31 15:29:39.945826 2025] [core:notice] [pid 716:tid 288] AH00094: Command line: 'apache\\bin\\httpd.exe -d C:/SYSME/SGC/xampp/apache'
[Fri Jan 31 15:29:39.945826 2025] [mpm_winnt:notice] [pid 716:tid 288] AH00418: Parent: Created child process 3752
[Fri Jan 31 15:29:40.789619 2025] [ssl:warn] [pid 3752:tid 292] AH01873: Init: Session Cache is not configured [hint: SSLSessionCache]
[Fri Jan 31 15:29:40.836497 2025] [mpm_winnt:notice] [pid 3752:tid 292] AH00354: Child: Starting 150 worker threads.
[Fri Jan 31 15:46:45.174551 2025] [core:warn] [pid 3560:tid 292] AH00098: pid file C:/SYSME/SGC/xampp/apache/logs/httpd.pid overwritten -- Unclean shutdown of previous Apache run?
[Fri Jan 31 15:46:45.471432 2025] [ssl:warn] [pid 3560:tid 292] AH01873: Init: Session Cache is not configured [hint: SSLSessionCache]
[Fri Jan 31 15:46:45.533935 2025] [mpm_winnt:notice] [pid 3560:tid 292] AH00455: Apache/2.4.3 (Win32) OpenSSL/1.0.1c PHP/5.4.7 configured -- resuming normal operations
[Fri Jan 31 15:46:45.533935 2025] [mpm_winnt:notice] [pid 3560:tid 292] AH00456: Server built: Aug 18 2012 12:41:37
[Fri Jan 31 15:46:45.533935 2025] [core:notice] [pid 3560:tid 292] AH00094: Command line: 'apache\\bin\\httpd.exe -d C:/SYSME/SGC/xampp/apache'
[Fri Jan 31 15:46:45.533935 2025] [mpm_winnt:notice] [pid 3560:tid 292] AH00418: Parent: Created child process 3588
[Fri Jan 31 15:46:46.565239 2025] [ssl:warn] [pid 3588:tid 292] AH01873: Init: Session Cache is not configured [hint: SSLSessionCache]
[Fri Jan 31 15:46:46.596491 2025] [mpm_winnt:notice] [pid 3588:tid 292] AH00354: Child: Starting 150 worker threads.
[Fri Jan 31 16:01:21.212308 2025] [core:warn] [pid 312:tid 284] AH00098: pid file C:/SYSME/SGC/xampp/apache/logs/httpd.pid overwritten -- Unclean shutdown of previous Apache run?
[Fri Jan 31 16:01:21.556076 2025] [ssl:warn] [pid 312:tid 284] AH01873: Init: Session Cache is not configured [hint: SSLSessionCache]
[Fri Jan 31 16:01:21.618579 2025] [mpm_winnt:notice] [pid 312:tid 284] AH00455: Apache/2.4.3 (Win32) OpenSSL/1.0.1c PHP/5.4.7 configured -- resuming normal operations
[Fri Jan 31 16:01:21.618579 2025] [mpm_winnt:notice] [pid 312:tid 284] AH00456: Server built: Aug 18 2012 12:41:37
[Fri Jan 31 16:01:21.618579 2025] [core:notice] [pid 312:tid 284] AH00094: Command line: 'apache\\bin\\httpd.exe -d C:/SYSME/SGC/xampp/apache'
[Fri Jan 31 16:01:21.618579 2025] [mpm_winnt:notice] [pid 312:tid 284] AH00418: Parent: Created child process 344
[Fri Jan 31 16:01:22.509249 2025] [ssl:warn] [pid 344:tid 296] AH01873: Init: Session Cache is not configured [hint: SSLSessionCache]
[Fri Jan 31 16:01:22.556127 2025] [mpm_winnt:notice] [pid 344:tid 296] AH00354: Child: Starting 150 worker threads.
[Fri Jan 31 20:01:09.389092 2025] [core:warn] [pid 3488:tid 284] AH00098: pid file C:/SYSME/SGC/xampp/apache/logs/httpd.pid overwritten -- Unclean shutdown of previous Apache run?
[Fri Jan 31 20:01:09.717231 2025] [ssl:warn] [pid 3488:tid 284] AH01873: Init: Session Cache is not configured [hint: SSLSessionCache]
[Fri Jan 31 20:01:09.795362 2025] [mpm_winnt:notice] [pid 3488:tid 284] AH00455: Apache/2.4.3 (Win32) OpenSSL/1.0.1c PHP/5.4.7 configured -- resuming normal operations
[Fri Jan 31 20:01:09.795362 2025] [mpm_winnt:notice] [pid 3488:tid 284] AH00456: Server built: Aug 18 2012 12:41:37
[Fri Jan 31 20:01:09.795362 2025] [core:notice] [pid 3488:tid 284] AH00094: Command line: 'apache\\bin\\httpd.exe -d C:/SYSME/SGC/xampp/apache'
[Fri Jan 31 20:01:09.795362 2025] [mpm_winnt:notice] [pid 3488:tid 284] AH00418: Parent: Created child process 2996
[Fri Jan 31 20:01:10.639153 2025] [ssl:warn] [pid 2996:tid 292] AH01873: Init: Session Cache is not configured [hint: SSLSessionCache]
[Fri Jan 31 20:01:10.670406 2025] [mpm_winnt:notice] [pid 2996:tid 292] AH00354: Child: Starting 150 worker threads.
[Sat Feb 01 12:26:01.185644 2025] [core:warn] [pid 2084:tid 292] AH00098: pid file C:/SYSME/SGC/xampp/apache/logs/httpd.pid overwritten -- Unclean shutdown of previous Apache run?
[Sat Feb 01 12:26:01.466890 2025] [ssl:warn] [pid 2084:tid 292] AH01873: Init: Session Cache is not configured [hint: SSLSessionCache]
[Sat Feb 01 12:26:01.529393 2025] [mpm_winnt:notice] [pid 2084:tid 292] AH00455: Apache/2.4.3 (Win32) OpenSSL/1.0.1c PHP/5.4.7 configured -- resuming normal operations
[Sat Feb 01 12:26:01.529393 2025] [mpm_winnt:notice] [pid 2084:tid 292] AH00456: Server built: Aug 18 2012 12:41:37
[Sat Feb 01 12:26:01.529393 2025] [core:notice] [pid 2084:tid 292] AH00094: Command line: 'apache\\bin\\httpd.exe -d C:/SYSME/SGC/xampp/apache'
[Sat Feb 01 12:26:01.529393 2025] [mpm_winnt:notice] [pid 2084:tid 292] AH00418: Parent: Created child process 1196
[Sat Feb 01 12:26:02.576490 2025] [ssl:warn] [pid 1196:tid 296] AH01873: Init: Session Cache is not configured [hint: SSLSessionCache]
[Sat Feb 01 12:26:02.623366 2025] [mpm_winnt:notice] [pid 1196:tid 296] AH00354: Child: Starting 150 worker threads.
[Sun Feb 02 12:12:01.326221 2025] [core:warn] [pid 544:tid 288] AH00098: pid file C:/SYSME/SGC/xampp/apache/logs/httpd.pid overwritten -- Unclean shutdown of previous Apache run?
[Sun Feb 02 12:12:01.623111 2025] [ssl:warn] [pid 544:tid 288] AH01873: Init: Session Cache is not configured [hint: SSLSessionCache]
[Sun Feb 02 12:12:01.669991 2025] [mpm_winnt:notice] [pid 544:tid 288] AH00455: Apache/2.4.3 (Win32) OpenSSL/1.0.1c PHP/5.4.7 configured -- resuming normal operations
[Sun Feb 02 12:12:01.669991 2025] [mpm_winnt:notice] [pid 544:tid 288] AH00456: Server built: Aug 18 2012 12:41:37
[Sun Feb 02 12:12:01.669991 2025] [core:notice] [pid 544:tid 288] AH00094: Command line: 'apache\\bin\\httpd.exe -d C:/SYSME/SGC/xampp/apache'
[Sun Feb 02 12:12:01.669991 2025] [mpm_winnt:notice] [pid 544:tid 288] AH00418: Parent: Created child process 3404
[Sun Feb 02 12:12:02.654413 2025] [ssl:warn] [pid 3404:tid 300] AH01873: Init: Session Cache is not configured [hint: SSLSessionCache]
[Sun Feb 02 12:12:02.701290 2025] [mpm_winnt:notice] [pid 3404:tid 300] AH00354: Child: Starting 150 worker threads.
[Mon Feb 03 12:17:48.611638 2025] [core:warn] [pid 3036:tid 292] AH00098: pid file C:/SYSME/SGC/xampp/apache/logs/httpd.pid overwritten -- Unclean shutdown of previous Apache run?
[Mon Feb 03 12:17:49.002264 2025] [ssl:warn] [pid 3036:tid 292] AH01873: Init: Session Cache is not configured [hint: SSLSessionCache]
[Mon Feb 03 12:17:49.049142 2025] [mpm_winnt:notice] [pid 3036:tid 292] AH00455: Apache/2.4.3 (Win32) OpenSSL/1.0.1c PHP/5.4.7 configured -- resuming normal operations
[Mon Feb 03 12:17:49.049142 2025] [mpm_winnt:notice] [pid 3036:tid 292] AH00456: Server built: Aug 18 2012 12:41:37
[Mon Feb 03 12:17:49.049142 2025] [core:notice] [pid 3036:tid 292] AH00094: Command line: 'apache\\bin\\httpd.exe -d C:/SYSME/SGC/xampp/apache'
[Mon Feb 03 12:17:49.064768 2025] [mpm_winnt:notice] [pid 3036:tid 292] AH00418: Parent: Created child process 2384
[Mon Feb 03 12:17:49.892937 2025] [ssl:warn] [pid 2384:tid 292] AH01873: Init: Session Cache is not configured [hint: SSLSessionCache]
[Mon Feb 03 12:17:49.939813 2025] [mpm_winnt:notice] [pid 2384:tid 292] AH00354: Child: Starting 150 worker threads.
[Thu Feb 06 12:14:25.991627 2025] [core:warn] [pid 5392:tid 284] AH00098: pid file C:/SYSME/SGC/xampp/apache/logs/httpd.pid overwritten -- Unclean shutdown of previous Apache run?
[Thu Feb 06 12:14:26.288518 2025] [ssl:warn] [pid 5392:tid 284] AH01873: Init: Session Cache is not configured [hint: SSLSessionCache]
[Thu Feb 06 12:14:26.351020 2025] [mpm_winnt:notice] [pid 5392:tid 284] AH00455: Apache/2.4.3 (Win32) OpenSSL/1.0.1c PHP/5.4.7 configured -- resuming normal operations
[Thu Feb 06 12:14:26.351020 2025] [mpm_winnt:notice] [pid 5392:tid 284] AH00456: Server built: Aug 18 2012 12:41:37
[Thu Feb 06 12:14:26.351020 2025] [core:notice] [pid 5392:tid 284] AH00094: Command line: 'apache\\bin\\httpd.exe -d C:/SYSME/SGC/xampp/apache'
[Thu Feb 06 12:14:26.351020 2025] [mpm_winnt:notice] [pid 5392:tid 284] AH00418: Parent: Created child process 5316
[Thu Feb 06 12:14:27.413574 2025] [ssl:warn] [pid 5316:tid 296] AH01873: Init: Session Cache is not configured [hint: SSLSessionCache]
[Thu Feb 06 12:14:27.460452 2025] [mpm_winnt:notice] [pid 5316:tid 296] AH00354: Child: Starting 150 worker threads.
[Thu Feb 06 14:18:52.730926 2025] [core:warn] [pid 308:tid 292] AH00098: pid file C:/SYSME/SGC/xampp/apache/logs/httpd.pid overwritten -- Unclean shutdown of previous Apache run?
[Thu Feb 06 14:18:53.027817 2025] [ssl:warn] [pid 308:tid 292] AH01873: Init: Session Cache is not configured [hint: SSLSessionCache]
[Thu Feb 06 14:18:53.090320 2025] [mpm_winnt:notice] [pid 308:tid 292] AH00455: Apache/2.4.3 (Win32) OpenSSL/1.0.1c PHP/5.4.7 configured -- resuming normal operations
[Thu Feb 06 14:18:53.090320 2025] [mpm_winnt:notice] [pid 308:tid 292] AH00456: Server built: Aug 18 2012 12:41:37
[Thu Feb 06 14:18:53.090320 2025] [core:notice] [pid 308:tid 292] AH00094: Command line: 'apache\\bin\\httpd.exe -d C:/SYSME/SGC/xampp/apache'
[Thu Feb 06 14:18:53.090320 2025] [mpm_winnt:notice] [pid 308:tid 292] AH00418: Parent: Created child process 3408
[Thu Feb 06 14:18:54.074747 2025] [ssl:warn] [pid 3408:tid 296] AH01873: Init: Session Cache is not configured [hint: SSLSessionCache]
[Thu Feb 06 14:18:54.121626 2025] [mpm_winnt:notice] [pid 3408:tid 296] AH00354: Child: Starting 150 worker threads.
[Fri Feb 07 12:09:46.713984 2025] [core:warn] [pid 456:tid 296] AH00098: pid file C:/SYSME/SGC/xampp/apache/logs/httpd.pid overwritten -- Unclean shutdown of previous Apache run?
[Fri Feb 07 12:09:47.135879 2025] [ssl:warn] [pid 456:tid 296] AH01873: Init: Session Cache is not configured [hint: SSLSessionCache]
[Fri Feb 07 12:09:47.182757 2025] [mpm_winnt:notice] [pid 456:tid 296] AH00455: Apache/2.4.3 (Win32) OpenSSL/1.0.1c PHP/5.4.7 configured -- resuming normal operations
[Fri Feb 07 12:09:47.182757 2025] [mpm_winnt:notice] [pid 456:tid 296] AH00456: Server built: Aug 18 2012 12:41:37
[Fri Feb 07 12:09:47.182757 2025] [core:notice] [pid 456:tid 296] AH00094: Command line: 'apache\\bin\\httpd.exe -d C:/SYSME/SGC/xampp/apache'
[Fri Feb 07 12:09:47.182757 2025] [mpm_winnt:notice] [pid 456:tid 296] AH00418: Parent: Created child process 2256
[Fri Feb 07 12:09:48.135989 2025] [ssl:warn] [pid 2256:tid 292] AH01873: Init: Session Cache is not configured [hint: SSLSessionCache]
[Fri Feb 07 12:09:48.182867 2025] [mpm_winnt:notice] [pid 2256:tid 292] AH00354: Child: Starting 150 worker threads.
[Sat Feb 08 12:36:50.973079 2025] [core:warn] [pid 2444:tid 284] AH00098: pid file C:/SYSME/SGC/xampp/apache/logs/httpd.pid overwritten -- Unclean shutdown of previous Apache run?
[Sat Feb 08 12:36:51.285596 2025] [ssl:warn] [pid 2444:tid 284] AH01873: Init: Session Cache is not configured [hint: SSLSessionCache]
[Sat Feb 08 12:36:51.348098 2025] [mpm_winnt:notice] [pid 2444:tid 284] AH00455: Apache/2.4.3 (Win32) OpenSSL/1.0.1c PHP/5.4.7 configured -- resuming normal operations
[Sat Feb 08 12:36:51.348098 2025] [mpm_winnt:notice] [pid 2444:tid 284] AH00456: Server built: Aug 18 2012 12:41:37
[Sat Feb 08 12:36:51.348098 2025] [core:notice] [pid 2444:tid 284] AH00094: Command line: 'apache\\bin\\httpd.exe -d C:/SYSME/SGC/xampp/apache'
[Sat Feb 08 12:36:51.348098 2025] [mpm_winnt:notice] [pid 2444:tid 284] AH00418: Parent: Created child process 3832
[Sat Feb 08 12:36:52.145015 2025] [ssl:warn] [pid 3832:tid 292] AH01873: Init: Session Cache is not configured [hint: SSLSessionCache]
[Sat Feb 08 12:36:52.191893 2025] [mpm_winnt:notice] [pid 3832:tid 292] AH00354: Child: Starting 150 worker threads.
[Sun Feb 09 12:23:42.082729 2025] [core:warn] [pid 1604:tid 284] AH00098: pid file C:/SYSME/SGC/xampp/apache/logs/httpd.pid overwritten -- Unclean shutdown of previous Apache run?
[Sun Feb 09 12:23:42.426486 2025] [ssl:warn] [pid 1604:tid 284] AH01873: Init: Session Cache is not configured [hint: SSLSessionCache]
[Sun Feb 09 12:23:42.488988 2025] [mpm_winnt:notice] [pid 1604:tid 284] AH00455: Apache/2.4.3 (Win32) OpenSSL/1.0.1c PHP/5.4.7 configured -- resuming normal operations
[Sun Feb 09 12:23:42.488988 2025] [mpm_winnt:notice] [pid 1604:tid 284] AH00456: Server built: Aug 18 2012 12:41:37
[Sun Feb 09 12:23:42.488988 2025] [core:notice] [pid 1604:tid 284] AH00094: Command line: 'apache\\bin\\httpd.exe -d C:/SYSME/SGC/xampp/apache'
[Sun Feb 09 12:23:42.488988 2025] [mpm_winnt:notice] [pid 1604:tid 284] AH00418: Parent: Created child process 1872
[Sun Feb 09 12:23:43.504667 2025] [ssl:warn] [pid 1872:tid 296] AH01873: Init: Session Cache is not configured [hint: SSLSessionCache]
[Sun Feb 09 12:23:43.551546 2025] [mpm_winnt:notice] [pid 1872:tid 296] AH00354: Child: Starting 150 worker threads.
[Sun Feb 09 12:23:46.098903 2025] [mpm_winnt:notice] [pid 1604:tid 284] AH00428: Parent: child process exited with status 3221225477 -- Restarting.
[Sun Feb 09 12:23:46.645800 2025] [ssl:warn] [pid 1604:tid 284] AH01873: Init: Session Cache is not configured [hint: SSLSessionCache]
[Sun Feb 09 12:23:46.692678 2025] [mpm_winnt:notice] [pid 1604:tid 284] AH00455: Apache/2.4.3 (Win32) OpenSSL/1.0.1c PHP/5.4.7 configured -- resuming normal operations
[Sun Feb 09 12:23:46.692678 2025] [mpm_winnt:notice] [pid 1604:tid 284] AH00456: Server built: Aug 18 2012 12:41:37
[Sun Feb 09 12:23:46.692678 2025] [core:notice] [pid 1604:tid 284] AH00094: Command line: 'apache\\bin\\httpd.exe -d C:/SYSME/SGC/xampp/apache'
[Sun Feb 09 12:23:46.692678 2025] [mpm_winnt:notice] [pid 1604:tid 284] AH00418: Parent: Created child process 3200
[Sun Feb 09 12:23:47.473968 2025] [ssl:warn] [pid 3200:tid 292] AH01873: Init: Session Cache is not configured [hint: SSLSessionCache]
[Sun Feb 09 12:23:47.520846 2025] [mpm_winnt:notice] [pid 3200:tid 292] AH00354: Child: Starting 150 worker threads.
[Mon Feb 10 12:19:05.429241 2025] [core:warn] [pid 2688:tid 288] AH00098: pid file C:/SYSME/SGC/xampp/apache/logs/httpd.pid overwritten -- Unclean shutdown of previous Apache run?
[Mon Feb 10 12:19:05.835513 2025] [ssl:warn] [pid 2688:tid 288] AH01873: Init: Session Cache is not configured [hint: SSLSessionCache]
[Mon Feb 10 12:19:05.898016 2025] [mpm_winnt:notice] [pid 2688:tid 288] AH00455: Apache/2.4.3 (Win32) OpenSSL/1.0.1c PHP/5.4.7 configured -- resuming normal operations
[Mon Feb 10 12:19:05.898016 2025] [mpm_winnt:notice] [pid 2688:tid 288] AH00456: Server built: Aug 18 2012 12:41:37
[Mon Feb 10 12:19:05.898016 2025] [core:notice] [pid 2688:tid 288] AH00094: Command line: 'apache\\bin\\httpd.exe -d C:/SYSME/SGC/xampp/apache'
[Mon Feb 10 12:19:05.898016 2025] [mpm_winnt:notice] [pid 2688:tid 288] AH00418: Parent: Created child process 2980
[Mon Feb 10 12:19:06.898067 2025] [ssl:warn] [pid 2980:tid 296] AH01873: Init: Session Cache is not configured [hint: SSLSessionCache]
[Mon Feb 10 12:19:06.944947 2025] [mpm_winnt:notice] [pid 2980:tid 296] AH00354: Child: Starting 150 worker threads.
[Tue Feb 11 12:06:01.979282 2025] [core:warn] [pid 4572:tid 288] AH00098: pid file C:/SYSME/SGC/xampp/apache/logs/httpd.pid overwritten -- Unclean shutdown of previous Apache run?
[Tue Feb 11 12:06:02.291797 2025] [ssl:warn] [pid 4572:tid 288] AH01873: Init: Session Cache is not configured [hint: SSLSessionCache]
[Tue Feb 11 12:06:02.354300 2025] [mpm_winnt:notice] [pid 4572:tid 288] AH00455: Apache/2.4.3 (Win32) OpenSSL/1.0.1c PHP/5.4.7 configured -- resuming normal operations
[Tue Feb 11 12:06:02.354300 2025] [mpm_winnt:notice] [pid 4572:tid 288] AH00456: Server built: Aug 18 2012 12:41:37
[Tue Feb 11 12:06:02.354300 2025] [core:notice] [pid 4572:tid 288] AH00094: Command line: 'apache\\bin\\httpd.exe -d C:/SYSME/SGC/xampp/apache'
[Tue Feb 11 12:06:02.354300 2025] [mpm_winnt:notice] [pid 4572:tid 288] AH00418: Parent: Created child process 4592
[Tue Feb 11 12:06:03.276224 2025] [ssl:warn] [pid 4592:tid 296] AH01873: Init: Session Cache is not configured [hint: SSLSessionCache]
[Tue Feb 11 12:06:03.338727 2025] [mpm_winnt:notice] [pid 4592:tid 296] AH00354: Child: Starting 150 worker threads.
[Wed Feb 12 12:43:02.447883 2025] [core:warn] [pid 212:tid 288] AH00098: pid file C:/SYSME/SGC/xampp/apache/logs/httpd.pid overwritten -- Unclean shutdown of previous Apache run?
[Wed Feb 12 12:43:02.760401 2025] [ssl:warn] [pid 212:tid 288] AH01873: Init: Session Cache is not configured [hint: SSLSessionCache]
[Wed Feb 12 12:43:02.822904 2025] [mpm_winnt:notice] [pid 212:tid 288] AH00455: Apache/2.4.3 (Win32) OpenSSL/1.0.1c PHP/5.4.7 configured -- resuming normal operations
[Wed Feb 12 12:43:02.822904 2025] [mpm_winnt:notice] [pid 212:tid 288] AH00456: Server built: Aug 18 2012 12:41:37
[Wed Feb 12 12:43:02.822904 2025] [core:notice] [pid 212:tid 288] AH00094: Command line: 'apache\\bin\\httpd.exe -d C:/SYSME/SGC/xampp/apache'
[Wed Feb 12 12:43:02.822904 2025] [mpm_winnt:notice] [pid 212:tid 288] AH00418: Parent: Created child process 2072
[Wed Feb 12 12:43:03.635446 2025] [ssl:warn] [pid 2072:tid 292] AH01873: Init: Session Cache is not configured [hint: SSLSessionCache]
[Wed Feb 12 12:43:03.682324 2025] [mpm_winnt:notice] [pid 2072:tid 292] AH00354: Child: Starting 150 worker threads.
[Thu Feb 13 12:05:15.837163 2025] [core:warn] [pid 5424:tid 288] AH00098: pid file C:/SYSME/SGC/xampp/apache/logs/httpd.pid overwritten -- Unclean shutdown of previous Apache run?
[Thu Feb 13 12:05:16.321563 2025] [ssl:warn] [pid 5424:tid 288] AH01873: Init: Session Cache is not configured [hint: SSLSessionCache]
[Thu Feb 13 12:05:16.399693 2025] [mpm_winnt:notice] [pid 5424:tid 288] AH00455: Apache/2.4.3 (Win32) OpenSSL/1.0.1c PHP/5.4.7 configured -- resuming normal operations
[Thu Feb 13 12:05:16.399693 2025] [mpm_winnt:notice] [pid 5424:tid 288] AH00456: Server built: Aug 18 2012 12:41:37
[Thu Feb 13 12:05:16.399693 2025] [core:notice] [pid 5424:tid 288] AH00094: Command line: 'apache\\bin\\httpd.exe -d C:/SYSME/SGC/xampp/apache'
[Thu Feb 13 12:05:16.399693 2025] [mpm_winnt:notice] [pid 5424:tid 288] AH00418: Parent: Created child process 2304
[Thu Feb 13 12:05:17.290364 2025] [ssl:warn] [pid 2304:tid 292] AH01873: Init: Session Cache is not configured [hint: SSLSessionCache]
[Thu Feb 13 12:05:17.321618 2025] [mpm_winnt:notice] [pid 2304:tid 292] AH00354: Child: Starting 150 worker threads.
[Fri Feb 14 12:10:43.139498 2025] [core:warn] [pid 6080:tid 288] AH00098: pid file C:/SYSME/SGC/xampp/apache/logs/httpd.pid overwritten -- Unclean shutdown of previous Apache run?
[Fri Feb 14 12:10:43.420763 2025] [ssl:warn] [pid 6080:tid 288] AH01873: Init: Session Cache is not configured [hint: SSLSessionCache]
[Fri Feb 14 12:10:43.483266 2025] [mpm_winnt:notice] [pid 6080:tid 288] AH00455: Apache/2.4.3 (Win32) OpenSSL/1.0.1c PHP/5.4.7 configured -- resuming normal operations
[Fri Feb 14 12:10:43.483266 2025] [mpm_winnt:notice] [pid 6080:tid 288] AH00456: Server built: Aug 18 2012 12:41:37
[Fri Feb 14 12:10:43.483266 2025] [core:notice] [pid 6080:tid 288] AH00094: Command line: 'apache\\bin\\httpd.exe -d C:/SYSME/SGC/xampp/apache'
[Fri Feb 14 12:10:43.483266 2025] [mpm_winnt:notice] [pid 6080:tid 288] AH00418: Parent: Created child process 4672
[Fri Feb 14 12:10:44.342685 2025] [ssl:warn] [pid 4672:tid 292] AH01873: Init: Session Cache is not configured [hint: SSLSessionCache]
[Fri Feb 14 12:10:44.389563 2025] [mpm_winnt:notice] [pid 4672:tid 292] AH00354: Child: Starting 150 worker threads.
[Sat Feb 15 12:21:51.641191 2025] [core:warn] [pid 2440:tid 288] AH00098: pid file C:/SYSME/SGC/xampp/apache/logs/httpd.pid overwritten -- Unclean shutdown of previous Apache run?
[Sat Feb 15 12:21:51.984959 2025] [ssl:warn] [pid 2440:tid 288] AH01873: Init: Session Cache is not configured [hint: SSLSessionCache]
[Sat Feb 15 12:21:52.047462 2025] [mpm_winnt:notice] [pid 2440:tid 288] AH00455: Apache/2.4.3 (Win32) OpenSSL/1.0.1c PHP/5.4.7 configured -- resuming normal operations
[Sat Feb 15 12:21:52.047462 2025] [mpm_winnt:notice] [pid 2440:tid 288] AH00456: Server built: Aug 18 2012 12:41:37
[Sat Feb 15 12:21:52.047462 2025] [core:notice] [pid 2440:tid 288] AH00094: Command line: 'apache\\bin\\httpd.exe -d C:/SYSME/SGC/xampp/apache'
[Sat Feb 15 12:21:52.047462 2025] [mpm_winnt:notice] [pid 2440:tid 288] AH00418: Parent: Created child process 5168
[Sat Feb 15 12:21:53.063140 2025] [ssl:warn] [pid 5168:tid 292] AH01873: Init: Session Cache is not configured [hint: SSLSessionCache]
[Sat Feb 15 12:21:53.125643 2025] [mpm_winnt:notice] [pid 5168:tid 292] AH00354: Child: Starting 150 worker threads.
[Sun Feb 16 13:00:17.423367 2025] [core:warn] [pid 5472:tid 288] AH00098: pid file C:/SYSME/SGC/xampp/apache/logs/httpd.pid overwritten -- Unclean shutdown of previous Apache run?
[Sun Feb 16 13:00:17.829638 2025] [ssl:warn] [pid 5472:tid 288] AH01873: Init: Session Cache is not configured [hint: SSLSessionCache]
[Sun Feb 16 13:00:17.892142 2025] [mpm_winnt:notice] [pid 5472:tid 288] AH00455: Apache/2.4.3 (Win32) OpenSSL/1.0.1c PHP/5.4.7 configured -- resuming normal operations
[Sun Feb 16 13:00:17.892142 2025] [mpm_winnt:notice] [pid 5472:tid 288] AH00456: Server built: Aug 18 2012 12:41:37
[Sun Feb 16 13:00:17.892142 2025] [core:notice] [pid 5472:tid 288] AH00094: Command line: 'apache\\bin\\httpd.exe -d C:/SYSME/SGC/xampp/apache'
[Sun Feb 16 13:00:17.892142 2025] [mpm_winnt:notice] [pid 5472:tid 288] AH00418: Parent: Created child process 4956
[Sun Feb 16 13:00:18.751561 2025] [ssl:warn] [pid 4956:tid 292] AH01873: Init: Session Cache is not configured [hint: SSLSessionCache]
[Sun Feb 16 13:00:18.798439 2025] [mpm_winnt:notice] [pid 4956:tid 292] AH00354: Child: Starting 150 worker threads.
[Mon Feb 17 12:23:48.102206 2025] [core:warn] [pid 4508:tid 292] AH00098: pid file C:/SYSME/SGC/xampp/apache/logs/httpd.pid overwritten -- Unclean shutdown of previous Apache run?
[Mon Feb 17 12:23:48.430336 2025] [ssl:warn] [pid 4508:tid 292] AH01873: Init: Session Cache is not configured [hint: SSLSessionCache]
[Mon Feb 17 12:23:48.477214 2025] [mpm_winnt:notice] [pid 4508:tid 292] AH00455: Apache/2.4.3 (Win32) OpenSSL/1.0.1c PHP/5.4.7 configured -- resuming normal operations
[Mon Feb 17 12:23:48.477214 2025] [mpm_winnt:notice] [pid 4508:tid 292] AH00456: Server built: Aug 18 2012 12:41:37
[Mon Feb 17 12:23:48.477214 2025] [core:notice] [pid 4508:tid 292] AH00094: Command line: 'apache\\bin\\httpd.exe -d C:/SYSME/SGC/xampp/apache'
[Mon Feb 17 12:23:48.492838 2025] [mpm_winnt:notice] [pid 4508:tid 292] AH00418: Parent: Created child process 3412
[Mon Feb 17 12:23:49.305383 2025] [ssl:warn] [pid 3412:tid 296] AH01873: Init: Session Cache is not configured [hint: SSLSessionCache]
[Mon Feb 17 12:23:49.352260 2025] [mpm_winnt:notice] [pid 3412:tid 296] AH00354: Child: Starting 150 worker threads.
[Tue Feb 18 12:24:49.674779 2025] [core:warn] [pid 1028:tid 288] AH00098: pid file C:/SYSME/SGC/xampp/apache/logs/httpd.pid overwritten -- Unclean shutdown of previous Apache run?
[Tue Feb 18 12:24:50.018545 2025] [ssl:warn] [pid 1028:tid 288] AH01873: Init: Session Cache is not configured [hint: SSLSessionCache]
[Tue Feb 18 12:24:50.065423 2025] [mpm_winnt:notice] [pid 1028:tid 288] AH00455: Apache/2.4.3 (Win32) OpenSSL/1.0.1c PHP/5.4.7 configured -- resuming normal operations
[Tue Feb 18 12:24:50.065423 2025] [mpm_winnt:notice] [pid 1028:tid 288] AH00456: Server built: Aug 18 2012 12:41:37
[Tue Feb 18 12:24:50.065423 2025] [core:notice] [pid 1028:tid 288] AH00094: Command line: 'apache\\bin\\httpd.exe -d C:/SYSME/SGC/xampp/apache'
[Tue Feb 18 12:24:50.065423 2025] [mpm_winnt:notice] [pid 1028:tid 288] AH00418: Parent: Created child process 3468
[Tue Feb 18 12:24:50.893592 2025] [ssl:warn] [pid 3468:tid 292] AH01873: Init: Session Cache is not configured [hint: SSLSessionCache]
[Tue Feb 18 12:24:50.940468 2025] [mpm_winnt:notice] [pid 3468:tid 292] AH00354: Child: Starting 150 worker threads.
[Wed Feb 19 12:22:31.804422 2025] [core:warn] [pid 4716:tid 288] AH00098: pid file C:/SYSME/SGC/xampp/apache/logs/httpd.pid overwritten -- Unclean shutdown of previous Apache run?
[Wed Feb 19 12:22:32.179441 2025] [ssl:warn] [pid 4716:tid 288] AH01873: Init: Session Cache is not configured [hint: SSLSessionCache]
[Wed Feb 19 12:22:32.241947 2025] [mpm_winnt:notice] [pid 4716:tid 288] AH00455: Apache/2.4.3 (Win32) OpenSSL/1.0.1c PHP/5.4.7 configured -- resuming normal operations
[Wed Feb 19 12:22:32.241947 2025] [mpm_winnt:notice] [pid 4716:tid 288] AH00456: Server built: Aug 18 2012 12:41:37
[Wed Feb 19 12:22:32.241947 2025] [core:notice] [pid 4716:tid 288] AH00094: Command line: 'apache\\bin\\httpd.exe -d C:/SYSME/SGC/xampp/apache'
[Wed Feb 19 12:22:32.241947 2025] [mpm_winnt:notice] [pid 4716:tid 288] AH00418: Parent: Created child process 1908
[Wed Feb 19 12:22:33.241995 2025] [ssl:warn] [pid 1908:tid 292] AH01873: Init: Session Cache is not configured [hint: SSLSessionCache]
[Wed Feb 19 12:22:33.288875 2025] [mpm_winnt:notice] [pid 1908:tid 292] AH00354: Child: Starting 150 worker threads.
[Thu Feb 20 12:25:43.093292 2025] [core:warn] [pid 4476:tid 292] AH00098: pid file C:/SYSME/SGC/xampp/apache/logs/httpd.pid overwritten -- Unclean shutdown of previous Apache run?
[Thu Feb 20 12:25:43.390181 2025] [ssl:warn] [pid 4476:tid 292] AH01873: Init: Session Cache is not configured [hint: SSLSessionCache]
[Thu Feb 20 12:25:43.452684 2025] [mpm_winnt:notice] [pid 4476:tid 292] AH00455: Apache/2.4.3 (Win32) OpenSSL/1.0.1c PHP/5.4.7 configured -- resuming normal operations
[Thu Feb 20 12:25:43.452684 2025] [mpm_winnt:notice] [pid 4476:tid 292] AH00456: Server built: Aug 18 2012 12:41:37
[Thu Feb 20 12:25:43.452684 2025] [core:notice] [pid 4476:tid 292] AH00094: Command line: 'apache\\bin\\httpd.exe -d C:/SYSME/SGC/xampp/apache'
[Thu Feb 20 12:25:43.452684 2025] [mpm_winnt:notice] [pid 4476:tid 292] AH00418: Parent: Created child process 1388
[Thu Feb 20 12:25:44.421485 2025] [ssl:warn] [pid 1388:tid 292] AH01873: Init: Session Cache is not configured [hint: SSLSessionCache]
[Thu Feb 20 12:25:44.468362 2025] [mpm_winnt:notice] [pid 1388:tid 292] AH00354: Child: Starting 150 worker threads.
[Fri Feb 21 12:28:13.424121 2025] [core:warn] [pid 2768:tid 284] AH00098: pid file C:/SYSME/SGC/xampp/apache/logs/httpd.pid overwritten -- Unclean shutdown of previous Apache run?
[Fri Feb 21 12:28:13.736626 2025] [ssl:warn] [pid 2768:tid 284] AH01873: Init: Session Cache is not configured [hint: SSLSessionCache]
[Fri Feb 21 12:28:13.799128 2025] [mpm_winnt:notice] [pid 2768:tid 284] AH00455: Apache/2.4.3 (Win32) OpenSSL/1.0.1c PHP/5.4.7 configured -- resuming normal operations
[Fri Feb 21 12:28:13.799128 2025] [mpm_winnt:notice] [pid 2768:tid 284] AH00456: Server built: Aug 18 2012 12:41:37
[Fri Feb 21 12:28:13.799128 2025] [core:notice] [pid 2768:tid 284] AH00094: Command line: 'apache\\bin\\httpd.exe -d C:/SYSME/SGC/xampp/apache'
[Fri Feb 21 12:28:13.799128 2025] [mpm_winnt:notice] [pid 2768:tid 284] AH00418: Parent: Created child process 3032
[Fri Feb 21 12:28:14.721052 2025] [ssl:warn] [pid 3032:tid 292] AH01873: Init: Session Cache is not configured [hint: SSLSessionCache]
[Fri Feb 21 12:28:14.767931 2025] [mpm_winnt:notice] [pid 3032:tid 292] AH00354: Child: Starting 150 worker threads.
[Sat Feb 22 12:37:47.191782 2025] [core:warn] [pid 5024:tid 288] AH00098: pid file C:/SYSME/SGC/xampp/apache/logs/httpd.pid overwritten -- Unclean shutdown of previous Apache run?
[Sat Feb 22 12:37:47.473037 2025] [ssl:warn] [pid 5024:tid 288] AH01873: Init: Session Cache is not configured [hint: SSLSessionCache]
[Sat Feb 22 12:37:47.535541 2025] [mpm_winnt:notice] [pid 5024:tid 288] AH00455: Apache/2.4.3 (Win32) OpenSSL/1.0.1c PHP/5.4.7 configured -- resuming normal operations
[Sat Feb 22 12:37:47.535541 2025] [mpm_winnt:notice] [pid 5024:tid 288] AH00456: Server built: Aug 18 2012 12:41:37
[Sat Feb 22 12:37:47.535541 2025] [core:notice] [pid 5024:tid 288] AH00094: Command line: 'apache\\bin\\httpd.exe -d C:/SYSME/SGC/xampp/apache'
[Sat Feb 22 12:37:47.535541 2025] [mpm_winnt:notice] [pid 5024:tid 288] AH00418: Parent: Created child process 564
[Sat Feb 22 12:37:48.363709 2025] [ssl:warn] [pid 564:tid 296] AH01873: Init: Session Cache is not configured [hint: SSLSessionCache]
[Sat Feb 22 12:37:48.410586 2025] [mpm_winnt:notice] [pid 564:tid 296] AH00354: Child: Starting 150 worker threads.
[Sun Feb 23 12:34:48.429666 2025] [core:warn] [pid 5016:tid 288] AH00098: pid file C:/SYSME/SGC/xampp/apache/logs/httpd.pid overwritten -- Unclean shutdown of previous Apache run?
[Sun Feb 23 12:34:48.835936 2025] [ssl:warn] [pid 5016:tid 288] AH01873: Init: Session Cache is not configured [hint: SSLSessionCache]
[Sun Feb 23 12:34:48.898440 2025] [mpm_winnt:notice] [pid 5016:tid 288] AH00455: Apache/2.4.3 (Win32) OpenSSL/1.0.1c PHP/5.4.7 configured -- resuming normal operations
[Sun Feb 23 12:34:48.898440 2025] [mpm_winnt:notice] [pid 5016:tid 288] AH00456: Server built: Aug 18 2012 12:41:37
[Sun Feb 23 12:34:48.898440 2025] [core:notice] [pid 5016:tid 288] AH00094: Command line: 'apache\\bin\\httpd.exe -d C:/SYSME/SGC/xampp/apache'
[Sun Feb 23 12:34:48.898440 2025] [mpm_winnt:notice] [pid 5016:tid 288] AH00418: Parent: Created child process 3228
[Sun Feb 23 12:34:49.773485 2025] [ssl:warn] [pid 3228:tid 292] AH01873: Init: Session Cache is not configured [hint: SSLSessionCache]
[Sun Feb 23 12:34:49.820363 2025] [mpm_winnt:notice] [pid 3228:tid 292] AH00354: Child: Starting 150 worker threads.
[Mon Feb 24 12:20:23.682204 2025] [core:warn] [pid 7628:tid 292] AH00098: pid file C:/SYSME/SGC/xampp/apache/logs/httpd.pid overwritten -- Unclean shutdown of previous Apache run?
[Mon Feb 24 12:20:23.979095 2025] [ssl:warn] [pid 7628:tid 292] AH01873: Init: Session Cache is not configured [hint: SSLSessionCache]
[Mon Feb 24 12:20:24.041599 2025] [mpm_winnt:notice] [pid 7628:tid 292] AH00455: Apache/2.4.3 (Win32) OpenSSL/1.0.1c PHP/5.4.7 configured -- resuming normal operations
[Mon Feb 24 12:20:24.041599 2025] [mpm_winnt:notice] [pid 7628:tid 292] AH00456: Server built: Aug 18 2012 12:41:37
[Mon Feb 24 12:20:24.041599 2025] [core:notice] [pid 7628:tid 292] AH00094: Command line: 'apache\\bin\\httpd.exe -d C:/SYSME/SGC/xampp/apache'
[Mon Feb 24 12:20:24.041599 2025] [mpm_winnt:notice] [pid 7628:tid 292] AH00418: Parent: Created child process 7792
[Mon Feb 24 12:20:25.119779 2025] [ssl:warn] [pid 7792:tid 292] AH01873: Init: Session Cache is not configured [hint: SSLSessionCache]
[Mon Feb 24 12:20:25.166658 2025] [mpm_winnt:notice] [pid 7792:tid 292] AH00354: Child: Starting 150 worker threads.
[Tue Feb 25 12:21:18.410821 2025] [core:warn] [pid 64:tid 288] AH00098: pid file C:/SYSME/SGC/xampp/apache/logs/httpd.pid overwritten -- Unclean shutdown of previous Apache run?
[Tue Feb 25 12:21:18.754589 2025] [ssl:warn] [pid 64:tid 288] AH01873: Init: Session Cache is not configured [hint: SSLSessionCache]
[Tue Feb 25 12:21:18.833726 2025] [mpm_winnt:notice] [pid 64:tid 288] AH00455: Apache/2.4.3 (Win32) OpenSSL/1.0.1c PHP/5.4.7 configured -- resuming normal operations
[Tue Feb 25 12:21:18.833726 2025] [mpm_winnt:notice] [pid 64:tid 288] AH00456: Server built: Aug 18 2012 12:41:37
[Tue Feb 25 12:21:18.833726 2025] [core:notice] [pid 64:tid 288] AH00094: Command line: 'apache\\bin\\httpd.exe -d C:/SYSME/SGC/xampp/apache'
[Tue Feb 25 12:21:18.833726 2025] [mpm_winnt:notice] [pid 64:tid 288] AH00418: Parent: Created child process 7596
[Tue Feb 25 12:21:19.786901 2025] [ssl:warn] [pid 7596:tid 292] AH01873: Init: Session Cache is not configured [hint: SSLSessionCache]
[Tue Feb 25 12:21:19.849405 2025] [mpm_winnt:notice] [pid 7596:tid 292] AH00354: Child: Starting 150 worker threads.
[Tue Feb 25 13:23:49.359264 2025] [core:warn] [pid 4620:tid 288] AH00098: pid file C:/SYSME/SGC/xampp/apache/logs/httpd.pid overwritten -- Unclean shutdown of previous Apache run?
[Tue Feb 25 13:23:49.671778 2025] [ssl:warn] [pid 4620:tid 288] AH01873: Init: Session Cache is not configured [hint: SSLSessionCache]
[Tue Feb 25 13:23:49.734283 2025] [mpm_winnt:notice] [pid 4620:tid 288] AH00455: Apache/2.4.3 (Win32) OpenSSL/1.0.1c PHP/5.4.7 configured -- resuming normal operations
[Tue Feb 25 13:23:49.734283 2025] [mpm_winnt:notice] [pid 4620:tid 288] AH00456: Server built: Aug 18 2012 12:41:37
[Tue Feb 25 13:23:49.734283 2025] [core:notice] [pid 4620:tid 288] AH00094: Command line: 'apache\\bin\\httpd.exe -d C:/SYSME/SGC/xampp/apache'
[Tue Feb 25 13:23:49.734283 2025] [mpm_winnt:notice] [pid 4620:tid 288] AH00418: Parent: Created child process 6680
[Tue Feb 25 13:23:50.656206 2025] [ssl:warn] [pid 6680:tid 300] AH01873: Init: Session Cache is not configured [hint: SSLSessionCache]
[Tue Feb 25 13:23:50.687457 2025] [mpm_winnt:notice] [pid 6680:tid 300] AH00354: Child: Starting 150 worker threads.
[Tue Feb 25 15:23:38.880829 2025] [core:warn] [pid 3904:tid 284] AH00098: pid file C:/SYSME/SGC/xampp/apache/logs/httpd.pid overwritten -- Unclean shutdown of previous Apache run?
[Tue Feb 25 15:23:39.255849 2025] [ssl:warn] [pid 3904:tid 284] AH01873: Init: Session Cache is not configured [hint: SSLSessionCache]
[Tue Feb 25 15:23:39.318354 2025] [mpm_winnt:notice] [pid 3904:tid 284] AH00455: Apache/2.4.3 (Win32) OpenSSL/1.0.1c PHP/5.4.7 configured -- resuming normal operations
[Tue Feb 25 15:23:39.318354 2025] [mpm_winnt:notice] [pid 3904:tid 284] AH00456: Server built: Aug 18 2012 12:41:37
[Tue Feb 25 15:23:39.318354 2025] [core:notice] [pid 3904:tid 284] AH00094: Command line: 'apache\\bin\\httpd.exe -d C:/SYSME/SGC/xampp/apache'
[Tue Feb 25 15:23:39.318354 2025] [mpm_winnt:notice] [pid 3904:tid 284] AH00418: Parent: Created child process 3916
[Tue Feb 25 15:23:40.209023 2025] [ssl:warn] [pid 3916:tid 296] AH01873: Init: Session Cache is not configured [hint: SSLSessionCache]
[Tue Feb 25 15:23:40.255901 2025] [mpm_winnt:notice] [pid 3916:tid 296] AH00354: Child: Starting 150 worker threads.
[Wed Feb 26 12:22:40.551001 2025] [core:warn] [pid 4892:tid 284] AH00098: pid file C:/SYSME/SGC/xampp/apache/logs/httpd.pid overwritten -- Unclean shutdown of previous Apache run?
[Wed Feb 26 12:22:40.863518 2025] [ssl:warn] [pid 4892:tid 284] AH01873: Init: Session Cache is not configured [hint: SSLSessionCache]
[Wed Feb 26 12:22:40.926022 2025] [mpm_winnt:notice] [pid 4892:tid 284] AH00455: Apache/2.4.3 (Win32) OpenSSL/1.0.1c PHP/5.4.7 configured -- resuming normal operations
[Wed Feb 26 12:22:40.926022 2025] [mpm_winnt:notice] [pid 4892:tid 284] AH00456: Server built: Aug 18 2012 12:41:37
[Wed Feb 26 12:22:40.926022 2025] [core:notice] [pid 4892:tid 284] AH00094: Command line: 'apache\\bin\\httpd.exe -d C:/SYSME/SGC/xampp/apache'
[Wed Feb 26 12:22:40.926022 2025] [mpm_winnt:notice] [pid 4892:tid 284] AH00418: Parent: Created child process 2636
[Wed Feb 26 12:22:41.691684 2025] [ssl:warn] [pid 2636:tid 292] AH01873: Init: Session Cache is not configured [hint: SSLSessionCache]
[Wed Feb 26 12:22:41.738564 2025] [mpm_winnt:notice] [pid 2636:tid 292] AH00354: Child: Starting 150 worker threads.
[Thu Feb 27 13:54:31.367963 2025] [core:warn] [pid 5712:tid 288] AH00098: pid file C:/SYSME/SGC/xampp/apache/logs/httpd.pid overwritten -- Unclean shutdown of previous Apache run?
[Thu Feb 27 13:54:31.821111 2025] [ssl:warn] [pid 5712:tid 288] AH01873: Init: Session Cache is not configured [hint: SSLSessionCache]
[Thu Feb 27 13:54:31.883615 2025] [mpm_winnt:notice] [pid 5712:tid 288] AH00455: Apache/2.4.3 (Win32) OpenSSL/1.0.1c PHP/5.4.7 configured -- resuming normal operations
[Thu Feb 27 13:54:31.883615 2025] [mpm_winnt:notice] [pid 5712:tid 288] AH00456: Server built: Aug 18 2012 12:41:37
[Thu Feb 27 13:54:31.883615 2025] [core:notice] [pid 5712:tid 288] AH00094: Command line: 'apache\\bin\\httpd.exe -d C:/SYSME/SGC/xampp/apache'
[Thu Feb 27 13:54:31.883615 2025] [mpm_winnt:notice] [pid 5712:tid 288] AH00418: Parent: Created child process 5376
[Thu Feb 27 13:54:33.008673 2025] [ssl:warn] [pid 5376:tid 272] AH01873: Init: Session Cache is not configured [hint: SSLSessionCache]
[Thu Feb 27 13:54:33.055552 2025] [mpm_winnt:notice] [pid 5376:tid 272] AH00354: Child: Starting 150 worker threads.
[Fri Feb 28 12:33:45.268344 2025] [core:warn] [pid 4480:tid 292] AH00098: pid file C:/SYSME/SGC/xampp/apache/logs/httpd.pid overwritten -- Unclean shutdown of previous Apache run?
[Fri Feb 28 12:33:45.612110 2025] [ssl:warn] [pid 4480:tid 292] AH01873: Init: Session Cache is not configured [hint: SSLSessionCache]
[Fri Feb 28 12:33:45.674614 2025] [mpm_winnt:notice] [pid 4480:tid 292] AH00455: Apache/2.4.3 (Win32) OpenSSL/1.0.1c PHP/5.4.7 configured -- resuming normal operations
[Fri Feb 28 12:33:45.674614 2025] [mpm_winnt:notice] [pid 4480:tid 292] AH00456: Server built: Aug 18 2012 12:41:37
[Fri Feb 28 12:33:45.674614 2025] [core:notice] [pid 4480:tid 292] AH00094: Command line: 'apache\\bin\\httpd.exe -d C:/SYSME/SGC/xampp/apache'
[Fri Feb 28 12:33:45.674614 2025] [mpm_winnt:notice] [pid 4480:tid 292] AH00418: Parent: Created child process 4956
[Fri Feb 28 12:33:46.659040 2025] [ssl:warn] [pid 4956:tid 292] AH01873: Init: Session Cache is not configured [hint: SSLSessionCache]
[Fri Feb 28 12:33:46.705919 2025] [mpm_winnt:notice] [pid 4956:tid 292] AH00354: Child: Starting 150 worker threads.
[Sat Mar 01 12:12:10.234235 2025] [core:warn] [pid 1604:tid 292] AH00098: pid file C:/SYSME/SGC/xampp/apache/logs/httpd.pid overwritten -- Unclean shutdown of previous Apache run?
[Sat Mar 01 12:12:10.562377 2025] [ssl:warn] [pid 1604:tid 292] AH01873: Init: Session Cache is not configured [hint: SSLSessionCache]
[Sat Mar 01 12:12:10.624883 2025] [mpm_winnt:notice] [pid 1604:tid 292] AH00455: Apache/2.4.3 (Win32) OpenSSL/1.0.1c PHP/5.4.7 configured -- resuming normal operations
[Sat Mar 01 12:12:10.624883 2025] [mpm_winnt:notice] [pid 1604:tid 292] AH00456: Server built: Aug 18 2012 12:41:37
[Sat Mar 01 12:12:10.624883 2025] [core:notice] [pid 1604:tid 292] AH00094: Command line: 'apache\\bin\\httpd.exe -d C:/SYSME/SGC/xampp/apache'
[Sat Mar 01 12:12:10.624883 2025] [mpm_winnt:notice] [pid 1604:tid 292] AH00418: Parent: Created child process 4908
[Sat Mar 01 12:12:11.656184 2025] [ssl:warn] [pid 4908:tid 296] AH01873: Init: Session Cache is not configured [hint: SSLSessionCache]
[Sat Mar 01 12:12:11.703064 2025] [mpm_winnt:notice] [pid 4908:tid 296] AH00354: Child: Starting 150 worker threads.
[Sun Mar 02 12:32:33.930640 2025] [core:warn] [pid 5900:tid 288] AH00098: pid file C:/SYSME/SGC/xampp/apache/logs/httpd.pid overwritten -- Unclean shutdown of previous Apache run?
[Sun Mar 02 12:32:34.281954 2025] [ssl:warn] [pid 5900:tid 288] AH01873: Init: Session Cache is not configured [hint: SSLSessionCache]
[Sun Mar 02 12:32:34.340994 2025] [mpm_winnt:notice] [pid 5900:tid 288] AH00455: Apache/2.4.3 (Win32) OpenSSL/1.0.1c PHP/5.4.7 configured -- resuming normal operations
[Sun Mar 02 12:32:34.340994 2025] [mpm_winnt:notice] [pid 5900:tid 288] AH00456: Server built: Aug 18 2012 12:41:37
[Sun Mar 02 12:32:34.340994 2025] [core:notice] [pid 5900:tid 288] AH00094: Command line: 'apache\\bin\\httpd.exe -d C:/SYSME/SGC/xampp/apache'
[Sun Mar 02 12:32:34.341994 2025] [mpm_winnt:notice] [pid 5900:tid 288] AH00418: Parent: Created child process 2196
[Sun Mar 02 12:32:35.339662 2025] [ssl:warn] [pid 2196:tid 296] AH01873: Init: Session Cache is not configured [hint: SSLSessionCache]
[Sun Mar 02 12:32:35.384692 2025] [mpm_winnt:notice] [pid 2196:tid 296] AH00354: Child: Starting 150 worker threads.
[Mon Mar 03 12:15:49.490733 2025] [core:warn] [pid 2640:tid 284] AH00098: pid file C:/SYSME/SGC/xampp/apache/logs/httpd.pid overwritten -- Unclean shutdown of previous Apache run?
[Mon Mar 03 12:15:49.912618 2025] [ssl:warn] [pid 2640:tid 284] AH01873: Init: Session Cache is not configured [hint: SSLSessionCache]
[Mon Mar 03 12:15:49.975120 2025] [mpm_winnt:notice] [pid 2640:tid 284] AH00455: Apache/2.4.3 (Win32) OpenSSL/1.0.1c PHP/5.4.7 configured -- resuming normal operations
[Mon Mar 03 12:15:49.975120 2025] [mpm_winnt:notice] [pid 2640:tid 284] AH00456: Server built: Aug 18 2012 12:41:37
[Mon Mar 03 12:15:49.975120 2025] [core:notice] [pid 2640:tid 284] AH00094: Command line: 'apache\\bin\\httpd.exe -d C:/SYSME/SGC/xampp/apache'
[Mon Mar 03 12:15:49.975120 2025] [mpm_winnt:notice] [pid 2640:tid 284] AH00418: Parent: Created child process 5792
[Mon Mar 03 12:15:50.912669 2025] [ssl:warn] [pid 5792:tid 292] AH01873: Init: Session Cache is not configured [hint: SSLSessionCache]
[Mon Mar 03 12:15:50.959551 2025] [mpm_winnt:notice] [pid 5792:tid 292] AH00354: Child: Starting 150 worker threads.
[Mon Mar 03 19:38:17.661334 2025] [core:warn] [pid 1316:tid 284] AH00098: pid file C:/SYSME/SGC/xampp/apache/logs/httpd.pid overwritten -- Unclean shutdown of previous Apache run?
[Mon Mar 03 19:38:17.989475 2025] [ssl:warn] [pid 1316:tid 284] AH01873: Init: Session Cache is not configured [hint: SSLSessionCache]
[Mon Mar 03 19:38:18.051979 2025] [mpm_winnt:notice] [pid 1316:tid 284] AH00455: Apache/2.4.3 (Win32) OpenSSL/1.0.1c PHP/5.4.7 configured -- resuming normal operations
[Mon Mar 03 19:38:18.051979 2025] [mpm_winnt:notice] [pid 1316:tid 284] AH00456: Server built: Aug 18 2012 12:41:37
[Mon Mar 03 19:38:18.051979 2025] [core:notice] [pid 1316:tid 284] AH00094: Command line: 'apache\\bin\\httpd.exe -d C:/SYSME/SGC/xampp/apache'
[Mon Mar 03 19:38:18.051979 2025] [mpm_winnt:notice] [pid 1316:tid 284] AH00418: Parent: Created child process 2460
[Mon Mar 03 19:38:19.005155 2025] [ssl:warn] [pid 2460:tid 296] AH01873: Init: Session Cache is not configured [hint: SSLSessionCache]
[Mon Mar 03 19:38:19.052034 2025] [mpm_winnt:notice] [pid 2460:tid 296] AH00354: Child: Starting 150 worker threads.
[Tue Mar 04 12:25:39.447568 2025] [core:warn] [pid 580:tid 288] AH00098: pid file C:/SYSME/SGC/xampp/apache/logs/httpd.pid overwritten -- Unclean shutdown of previous Apache run?
[Tue Mar 04 12:25:39.875855 2025] [ssl:warn] [pid 580:tid 288] AH01873: Init: Session Cache is not configured [hint: SSLSessionCache]
[Tue Mar 04 12:25:39.934893 2025] [mpm_winnt:notice] [pid 580:tid 288] AH00455: Apache/2.4.3 (Win32) OpenSSL/1.0.1c PHP/5.4.7 configured -- resuming normal operations
[Tue Mar 04 12:25:39.934893 2025] [mpm_winnt:notice] [pid 580:tid 288] AH00456: Server built: Aug 18 2012 12:41:37
[Tue Mar 04 12:25:39.934893 2025] [core:notice] [pid 580:tid 288] AH00094: Command line: 'apache\\bin\\httpd.exe -d C:/SYSME/SGC/xampp/apache'
[Tue Mar 04 12:25:39.935893 2025] [mpm_winnt:notice] [pid 580:tid 288] AH00418: Parent: Created child process 2272
[Tue Mar 04 12:25:40.872646 2025] [ssl:warn] [pid 2272:tid 296] AH01873: Init: Session Cache is not configured [hint: SSLSessionCache]
[Tue Mar 04 12:25:40.918677 2025] [mpm_winnt:notice] [pid 2272:tid 296] AH00354: Child: Starting 150 worker threads.
[Wed Mar 05 12:15:52.648339 2025] [core:warn] [pid 2020:tid 288] AH00098: pid file C:/SYSME/SGC/xampp/apache/logs/httpd.pid overwritten -- Unclean shutdown of previous Apache run?
[Wed Mar 05 12:15:52.945227 2025] [ssl:warn] [pid 2020:tid 288] AH01873: Init: Session Cache is not configured [hint: SSLSessionCache]
[Wed Mar 05 12:15:53.007731 2025] [mpm_winnt:notice] [pid 2020:tid 288] AH00455: Apache/2.4.3 (Win32) OpenSSL/1.0.1c PHP/5.4.7 configured -- resuming normal operations
[Wed Mar 05 12:15:53.007731 2025] [mpm_winnt:notice] [pid 2020:tid 288] AH00456: Server built: Aug 18 2012 12:41:37
[Wed Mar 05 12:15:53.007731 2025] [core:notice] [pid 2020:tid 288] AH00094: Command line: 'apache\\bin\\httpd.exe -d C:/SYSME/SGC/xampp/apache'
[Wed Mar 05 12:15:53.007731 2025] [mpm_winnt:notice] [pid 2020:tid 288] AH00418: Parent: Created child process 3516
[Wed Mar 05 12:15:53.929655 2025] [ssl:warn] [pid 3516:tid 292] AH01873: Init: Session Cache is not configured [hint: SSLSessionCache]
[Wed Mar 05 12:15:53.976532 2025] [mpm_winnt:notice] [pid 3516:tid 292] AH00354: Child: Starting 150 worker threads.
[Thu Mar 06 13:16:27.208667 2025] [core:warn] [pid 3656:tid 284] AH00098: pid file C:/SYSME/SGC/xampp/apache/logs/httpd.pid overwritten -- Unclean shutdown of previous Apache run?
[Thu Mar 06 13:16:27.521174 2025] [ssl:warn] [pid 3656:tid 284] AH01873: Init: Session Cache is not configured [hint: SSLSessionCache]
[Thu Mar 06 13:16:27.583678 2025] [mpm_winnt:notice] [pid 3656:tid 284] AH00455: Apache/2.4.3 (Win32) OpenSSL/1.0.1c PHP/5.4.7 configured -- resuming normal operations
[Thu Mar 06 13:16:27.583678 2025] [mpm_winnt:notice] [pid 3656:tid 284] AH00456: Server built: Aug 18 2012 12:41:37
[Thu Mar 06 13:16:27.583678 2025] [core:notice] [pid 3656:tid 284] AH00094: Command line: 'apache\\bin\\httpd.exe -d C:/SYSME/SGC/xampp/apache'
[Thu Mar 06 13:16:27.583678 2025] [mpm_winnt:notice] [pid 3656:tid 284] AH00418: Parent: Created child process 1148
[Thu Mar 06 13:16:28.396220 2025] [ssl:warn] [pid 1148:tid 296] AH01873: Init: Session Cache is not configured [hint: SSLSessionCache]
[Thu Mar 06 13:16:28.443096 2025] [mpm_winnt:notice] [pid 1148:tid 296] AH00354: Child: Starting 150 worker threads.
[Fri Mar 07 12:30:37.889261 2025] [core:warn] [pid 4004:tid 288] AH00098: pid file C:/SYSME/SGC/xampp/apache/logs/httpd.pid overwritten -- Unclean shutdown of previous Apache run?
[Fri Mar 07 12:30:38.186151 2025] [ssl:warn] [pid 4004:tid 288] AH01873: Init: Session Cache is not configured [hint: SSLSessionCache]
[Fri Mar 07 12:30:38.233028 2025] [mpm_winnt:notice] [pid 4004:tid 288] AH00455: Apache/2.4.3 (Win32) OpenSSL/1.0.1c PHP/5.4.7 configured -- resuming normal operations
[Fri Mar 07 12:30:38.233028 2025] [mpm_winnt:notice] [pid 4004:tid 288] AH00456: Server built: Aug 18 2012 12:41:37
[Fri Mar 07 12:30:38.233028 2025] [core:notice] [pid 4004:tid 288] AH00094: Command line: 'apache\\bin\\httpd.exe -d C:/SYSME/SGC/xampp/apache'
[Fri Mar 07 12:30:38.248654 2025] [mpm_winnt:notice] [pid 4004:tid 288] AH00418: Parent: Created child process 3972
[Fri Mar 07 12:30:39.201982 2025] [ssl:warn] [pid 3972:tid 296] AH01873: Init: Session Cache is not configured [hint: SSLSessionCache]
[Fri Mar 07 12:30:39.248858 2025] [mpm_winnt:notice] [pid 3972:tid 296] AH00354: Child: Starting 150 worker threads.
[Sat Mar 08 13:06:27.329253 2025] [core:warn] [pid 3780:tid 288] AH00098: pid file C:/SYSME/SGC/xampp/apache/logs/httpd.pid overwritten -- Unclean shutdown of previous Apache run?
[Sat Mar 08 13:06:27.630442 2025] [ssl:warn] [pid 3780:tid 288] AH01873: Init: Session Cache is not configured [hint: SSLSessionCache]
[Sat Mar 08 13:06:27.690483 2025] [mpm_winnt:notice] [pid 3780:tid 288] AH00455: Apache/2.4.3 (Win32) OpenSSL/1.0.1c PHP/5.4.7 configured -- resuming normal operations
[Sat Mar 08 13:06:27.690483 2025] [mpm_winnt:notice] [pid 3780:tid 288] AH00456: Server built: Aug 18 2012 12:41:37
[Sat Mar 08 13:06:27.690483 2025] [core:notice] [pid 3780:tid 288] AH00094: Command line: 'apache\\bin\\httpd.exe -d C:/SYSME/SGC/xampp/apache'
[Sat Mar 08 13:06:27.691484 2025] [mpm_winnt:notice] [pid 3780:tid 288] AH00418: Parent: Created child process 3504
[Sat Mar 08 13:06:28.752371 2025] [ssl:warn] [pid 3504:tid 292] AH01873: Init: Session Cache is not configured [hint: SSLSessionCache]
[Sat Mar 08 13:06:28.798403 2025] [mpm_winnt:notice] [pid 3504:tid 292] AH00354: Child: Starting 150 worker threads.
[Sun Mar 09 11:29:09.344115 2025] [core:warn] [pid 4056:tid 284] AH00098: pid file C:/SYSME/SGC/xampp/apache/logs/httpd.pid overwritten -- Unclean shutdown of previous Apache run?
[Sun Mar 09 11:29:09.734761 2025] [ssl:warn] [pid 4056:tid 284] AH01873: Init: Session Cache is not configured [hint: SSLSessionCache]
[Sun Mar 09 11:29:09.781640 2025] [mpm_winnt:notice] [pid 4056:tid 284] AH00455: Apache/2.4.3 (Win32) OpenSSL/1.0.1c PHP/5.4.7 configured -- resuming normal operations
[Sun Mar 09 11:29:09.781640 2025] [mpm_winnt:notice] [pid 4056:tid 284] AH00456: Server built: Aug 18 2012 12:41:37
[Sun Mar 09 11:29:09.781640 2025] [core:notice] [pid 4056:tid 284] AH00094: Command line: 'apache\\bin\\httpd.exe -d C:/SYSME/SGC/xampp/apache'
[Sun Mar 09 11:29:09.781640 2025] [mpm_winnt:notice] [pid 4056:tid 284] AH00418: Parent: Created child process 5016
[Sun Mar 09 11:29:10.703563 2025] [ssl:warn] [pid 5016:tid 296] AH01873: Init: Session Cache is not configured [hint: SSLSessionCache]
[Sun Mar 09 11:29:10.750442 2025] [mpm_winnt:notice] [pid 5016:tid 296] AH00354: Child: Starting 150 worker threads.
[Tue Mar 11 11:13:31.447935 2025] [core:warn] [pid 2868:tid 292] AH00098: pid file C:/SYSME/SGC/xampp/apache/logs/httpd.pid overwritten -- Unclean shutdown of previous Apache run?
[Tue Mar 11 11:13:31.744813 2025] [ssl:warn] [pid 2868:tid 292] AH01873: Init: Session Cache is not configured [hint: SSLSessionCache]
[Tue Mar 11 11:13:31.807317 2025] [mpm_winnt:notice] [pid 2868:tid 292] AH00455: Apache/2.4.3 (Win32) OpenSSL/1.0.1c PHP/5.4.7 configured -- resuming normal operations
[Tue Mar 11 11:13:31.807317 2025] [mpm_winnt:notice] [pid 2868:tid 292] AH00456: Server built: Aug 18 2012 12:41:37
[Tue Mar 11 11:13:31.807317 2025] [core:notice] [pid 2868:tid 292] AH00094: Command line: 'apache\\bin\\httpd.exe -d C:/SYSME/SGC/xampp/apache'
[Tue Mar 11 11:13:31.807317 2025] [mpm_winnt:notice] [pid 2868:tid 292] AH00418: Parent: Created child process 1524
[Tue Mar 11 11:13:32.932457 2025] [ssl:warn] [pid 1524:tid 292] AH01873: Init: Session Cache is not configured [hint: SSLSessionCache]
[Tue Mar 11 11:13:32.979332 2025] [mpm_winnt:notice] [pid 1524:tid 292] AH00354: Child: Starting 150 worker threads.
[Wed Mar 12 11:15:25.948530 2025] [core:warn] [pid 6544:tid 292] AH00098: pid file C:/SYSME/SGC/xampp/apache/logs/httpd.pid overwritten -- Unclean shutdown of previous Apache run?
[Wed Mar 12 11:15:26.276661 2025] [ssl:warn] [pid 6544:tid 292] AH01873: Init: Session Cache is not configured [hint: SSLSessionCache]
[Wed Mar 12 11:15:26.323538 2025] [mpm_winnt:notice] [pid 6544:tid 292] AH00455: Apache/2.4.3 (Win32) OpenSSL/1.0.1c PHP/5.4.7 configured -- resuming normal operations
[Wed Mar 12 11:15:26.323538 2025] [mpm_winnt:notice] [pid 6544:tid 292] AH00456: Server built: Aug 18 2012 12:41:37
[Wed Mar 12 11:15:26.323538 2025] [core:notice] [pid 6544:tid 292] AH00094: Command line: 'apache\\bin\\httpd.exe -d C:/SYSME/SGC/xampp/apache'
[Wed Mar 12 11:15:26.323538 2025] [mpm_winnt:notice] [pid 6544:tid 292] AH00418: Parent: Created child process 7732
[Wed Mar 12 11:15:27.136082 2025] [ssl:warn] [pid 7732:tid 292] AH01873: Init: Session Cache is not configured [hint: SSLSessionCache]
[Wed Mar 12 11:15:27.182959 2025] [mpm_winnt:notice] [pid 7732:tid 292] AH00354: Child: Starting 150 worker threads.
[Thu Mar 13 11:35:18.813394 2025] [core:warn] [pid 1132:tid 288] AH00098: pid file C:/SYSME/SGC/xampp/apache/logs/httpd.pid overwritten -- Unclean shutdown of previous Apache run?
[Thu Mar 13 11:35:19.110284 2025] [ssl:warn] [pid 1132:tid 288] AH01873: Init: Session Cache is not configured [hint: SSLSessionCache]
[Thu Mar 13 11:35:19.172788 2025] [mpm_winnt:notice] [pid 1132:tid 288] AH00455: Apache/2.4.3 (Win32) OpenSSL/1.0.1c PHP/5.4.7 configured -- resuming normal operations
[Thu Mar 13 11:35:19.172788 2025] [mpm_winnt:notice] [pid 1132:tid 288] AH00456: Server built: Aug 18 2012 12:41:37
[Thu Mar 13 11:35:19.172788 2025] [core:notice] [pid 1132:tid 288] AH00094: Command line: 'apache\\bin\\httpd.exe -d C:/SYSME/SGC/xampp/apache'
[Thu Mar 13 11:35:19.172788 2025] [mpm_winnt:notice] [pid 1132:tid 288] AH00418: Parent: Created child process 4348
[Thu Mar 13 11:35:20.266595 2025] [ssl:warn] [pid 4348:tid 296] AH01873: Init: Session Cache is not configured [hint: SSLSessionCache]
[Thu Mar 13 11:35:20.313475 2025] [mpm_winnt:notice] [pid 4348:tid 296] AH00354: Child: Starting 150 worker threads.
[Fri Mar 14 10:49:32.711546 2025] [core:warn] [pid 3424:tid 292] AH00098: pid file C:/SYSME/SGC/xampp/apache/logs/httpd.pid overwritten -- Unclean shutdown of previous Apache run?
[Fri Mar 14 10:49:33.149068 2025] [ssl:warn] [pid 3424:tid 292] AH01873: Init: Session Cache is not configured [hint: SSLSessionCache]
[Fri Mar 14 10:49:33.211571 2025] [mpm_winnt:notice] [pid 3424:tid 292] AH00455: Apache/2.4.3 (Win32) OpenSSL/1.0.1c PHP/5.4.7 configured -- resuming normal operations
[Fri Mar 14 10:49:33.211571 2025] [mpm_winnt:notice] [pid 3424:tid 292] AH00456: Server built: Aug 18 2012 12:41:37
[Fri Mar 14 10:49:33.211571 2025] [core:notice] [pid 3424:tid 292] AH00094: Command line: 'apache\\bin\\httpd.exe -d C:/SYSME/SGC/xampp/apache'
[Fri Mar 14 10:49:33.211571 2025] [mpm_winnt:notice] [pid 3424:tid 292] AH00418: Parent: Created child process 2252
[Fri Mar 14 10:49:34.039741 2025] [ssl:warn] [pid 2252:tid 292] AH01873: Init: Session Cache is not configured [hint: SSLSessionCache]
[Fri Mar 14 10:49:34.086620 2025] [mpm_winnt:notice] [pid 2252:tid 292] AH00354: Child: Starting 150 worker threads.
[Sat Mar 15 13:29:16.623645 2025] [core:warn] [pid 5568:tid 284] AH00098: pid file C:/SYSME/SGC/xampp/apache/logs/httpd.pid overwritten -- Unclean shutdown of previous Apache run?
[Sat Mar 15 13:29:16.919846 2025] [ssl:warn] [pid 5568:tid 284] AH01873: Init: Session Cache is not configured [hint: SSLSessionCache]
[Sat Mar 15 13:29:16.978886 2025] [mpm_winnt:notice] [pid 5568:tid 284] AH00455: Apache/2.4.3 (Win32) OpenSSL/1.0.1c PHP/5.4.7 configured -- resuming normal operations
[Sat Mar 15 13:29:16.978886 2025] [mpm_winnt:notice] [pid 5568:tid 284] AH00456: Server built: Aug 18 2012 12:41:37
[Sat Mar 15 13:29:16.978886 2025] [core:notice] [pid 5568:tid 284] AH00094: Command line: 'apache\\bin\\httpd.exe -d C:/SYSME/SGC/xampp/apache'
[Sat Mar 15 13:29:16.979886 2025] [mpm_winnt:notice] [pid 5568:tid 284] AH00418: Parent: Created child process 5416
[Sat Mar 15 13:29:17.842517 2025] [ssl:warn] [pid 5416:tid 296] AH01873: Init: Session Cache is not configured [hint: SSLSessionCache]
[Sat Mar 15 13:29:17.888547 2025] [mpm_winnt:notice] [pid 5416:tid 296] AH00354: Child: Starting 150 worker threads.
[Sun Mar 16 12:20:06.652783 2025] [core:warn] [pid 5320:tid 288] AH00098: pid file C:/SYSME/SGC/xampp/apache/logs/httpd.pid overwritten -- Unclean shutdown of previous Apache run?
[Sun Mar 16 12:20:06.949673 2025] [ssl:warn] [pid 5320:tid 288] AH01873: Init: Session Cache is not configured [hint: SSLSessionCache]
[Sun Mar 16 12:20:07.012176 2025] [mpm_winnt:notice] [pid 5320:tid 288] AH00455: Apache/2.4.3 (Win32) OpenSSL/1.0.1c PHP/5.4.7 configured -- resuming normal operations
[Sun Mar 16 12:20:07.012176 2025] [mpm_winnt:notice] [pid 5320:tid 288] AH00456: Server built: Aug 18 2012 12:41:37
[Sun Mar 16 12:20:07.012176 2025] [core:notice] [pid 5320:tid 288] AH00094: Command line: 'apache\\bin\\httpd.exe -d C:/SYSME/SGC/xampp/apache'
[Sun Mar 16 12:20:07.012176 2025] [mpm_winnt:notice] [pid 5320:tid 288] AH00418: Parent: Created child process 2620
[Sun Mar 16 12:20:07.871599 2025] [ssl:warn] [pid 2620:tid 292] AH01873: Init: Session Cache is not configured [hint: SSLSessionCache]
[Sun Mar 16 12:20:07.918476 2025] [mpm_winnt:notice] [pid 2620:tid 292] AH00354: Child: Starting 150 worker threads.
[Mon Mar 17 12:24:36.948901 2025] [core:warn] [pid 6280:tid 360] AH00098: pid file C:/SYSME/SGC/xampp/apache/logs/httpd.pid overwritten -- Unclean shutdown of previous Apache run?
[Mon Mar 17 12:24:37.323920 2025] [ssl:warn] [pid 6280:tid 360] AH01873: Init: Session Cache is not configured [hint: SSLSessionCache]
[Mon Mar 17 12:24:37.714565 2025] [mpm_winnt:notice] [pid 6280:tid 360] AH00455: Apache/2.4.3 (Win32) OpenSSL/1.0.1c PHP/5.4.7 configured -- resuming normal operations
[Mon Mar 17 12:24:37.714565 2025] [mpm_winnt:notice] [pid 6280:tid 360] AH00456: Server built: Aug 18 2012 12:41:37
[Mon Mar 17 12:24:37.714565 2025] [core:notice] [pid 6280:tid 360] AH00094: Command line: 'apache\\bin\\httpd.exe -d C:/SYSME/SGC/xampp/apache'
[Mon Mar 17 12:24:37.730191 2025] [mpm_winnt:notice] [pid 6280:tid 360] AH00418: Parent: Created child process 3568
[Mon Mar 17 12:24:38.620864 2025] [ssl:warn] [pid 3568:tid 296] AH01873: Init: Session Cache is not configured [hint: SSLSessionCache]
[Mon Mar 17 12:24:38.667743 2025] [mpm_winnt:notice] [pid 3568:tid 296] AH00354: Child: Starting 150 worker threads.
[Tue Mar 18 12:50:32.745619 2025] [core:warn] [pid 7004:tid 288] AH00098: pid file C:/SYSME/SGC/xampp/apache/logs/httpd.pid overwritten -- Unclean shutdown of previous Apache run?
[Tue Mar 18 12:50:33.089375 2025] [ssl:warn] [pid 7004:tid 288] AH01873: Init: Session Cache is not configured [hint: SSLSessionCache]
[Tue Mar 18 12:50:33.151879 2025] [mpm_winnt:notice] [pid 7004:tid 288] AH00455: Apache/2.4.3 (Win32) OpenSSL/1.0.1c PHP/5.4.7 configured -- resuming normal operations
[Tue Mar 18 12:50:33.151879 2025] [mpm_winnt:notice] [pid 7004:tid 288] AH00456: Server built: Aug 18 2012 12:41:37
[Tue Mar 18 12:50:33.151879 2025] [core:notice] [pid 7004:tid 288] AH00094: Command line: 'apache\\bin\\httpd.exe -d C:/SYSME/SGC/xampp/apache'
[Tue Mar 18 12:50:33.151879 2025] [mpm_winnt:notice] [pid 7004:tid 288] AH00418: Parent: Created child process 2880
[Tue Mar 18 12:50:34.011297 2025] [ssl:warn] [pid 2880:tid 292] AH01873: Init: Session Cache is not configured [hint: SSLSessionCache]
[Tue Mar 18 12:50:34.058175 2025] [mpm_winnt:notice] [pid 2880:tid 292] AH00354: Child: Starting 150 worker threads.
[Wed Mar 19 12:39:35.716741 2025] [core:warn] [pid 7352:tid 284] AH00098: pid file C:/SYSME/SGC/xampp/apache/logs/httpd.pid overwritten -- Unclean shutdown of previous Apache run?
[Wed Mar 19 12:39:36.060507 2025] [ssl:warn] [pid 7352:tid 284] AH01873: Init: Session Cache is not configured [hint: SSLSessionCache]
[Wed Mar 19 12:39:36.107385 2025] [mpm_winnt:notice] [pid 7352:tid 284] AH00455: Apache/2.4.3 (Win32) OpenSSL/1.0.1c PHP/5.4.7 configured -- resuming normal operations
[Wed Mar 19 12:39:36.107385 2025] [mpm_winnt:notice] [pid 7352:tid 284] AH00456: Server built: Aug 18 2012 12:41:37
[Wed Mar 19 12:39:36.107385 2025] [core:notice] [pid 7352:tid 284] AH00094: Command line: 'apache\\bin\\httpd.exe -d C:/SYSME/SGC/xampp/apache'
[Wed Mar 19 12:39:36.107385 2025] [mpm_winnt:notice] [pid 7352:tid 284] AH00418: Parent: Created child process 2784
[Wed Mar 19 12:39:36.951180 2025] [ssl:warn] [pid 2784:tid 296] AH01873: Init: Session Cache is not configured [hint: SSLSessionCache]
[Wed Mar 19 12:39:36.998057 2025] [mpm_winnt:notice] [pid 2784:tid 296] AH00354: Child: Starting 150 worker threads.
[Thu Mar 20 12:03:30.062326 2025] [core:warn] [pid 1696:tid 284] AH00098: pid file C:/SYSME/SGC/xampp/apache/logs/httpd.pid overwritten -- Unclean shutdown of previous Apache run?
[Thu Mar 20 12:03:30.388545 2025] [ssl:warn] [pid 1696:tid 284] AH01873: Init: Session Cache is not configured [hint: SSLSessionCache]
[Thu Mar 20 12:03:30.447584 2025] [mpm_winnt:notice] [pid 1696:tid 284] AH00455: Apache/2.4.3 (Win32) OpenSSL/1.0.1c PHP/5.4.7 configured -- resuming normal operations
[Thu Mar 20 12:03:30.447584 2025] [mpm_winnt:notice] [pid 1696:tid 284] AH00456: Server built: Aug 18 2012 12:41:37
[Thu Mar 20 12:03:30.447584 2025] [core:notice] [pid 1696:tid 284] AH00094: Command line: 'apache\\bin\\httpd.exe -d C:/SYSME/SGC/xampp/apache'
[Thu Mar 20 12:03:30.448583 2025] [mpm_winnt:notice] [pid 1696:tid 284] AH00418: Parent: Created child process 656
[Thu Mar 20 12:03:31.344944 2025] [ssl:warn] [pid 656:tid 292] AH01873: Init: Session Cache is not configured [hint: SSLSessionCache]
[Thu Mar 20 12:03:31.390973 2025] [mpm_winnt:notice] [pid 656:tid 292] AH00354: Child: Starting 150 worker threads.
[Fri Mar 21 11:37:36.578973 2025] [core:warn] [pid 4976:tid 288] AH00098: pid file C:/SYSME/SGC/xampp/apache/logs/httpd.pid overwritten -- Unclean shutdown of previous Apache run?
[Fri Mar 21 11:37:36.985242 2025] [ssl:warn] [pid 4976:tid 288] AH01873: Init: Session Cache is not configured [hint: SSLSessionCache]
[Fri Mar 21 11:37:37.047747 2025] [mpm_winnt:notice] [pid 4976:tid 288] AH00455: Apache/2.4.3 (Win32) OpenSSL/1.0.1c PHP/5.4.7 configured -- resuming normal operations
[Fri Mar 21 11:37:37.047747 2025] [mpm_winnt:notice] [pid 4976:tid 288] AH00456: Server built: Aug 18 2012 12:41:37
[Fri Mar 21 11:37:37.047747 2025] [core:notice] [pid 4976:tid 288] AH00094: Command line: 'apache\\bin\\httpd.exe -d C:/SYSME/SGC/xampp/apache'
[Fri Mar 21 11:37:37.047747 2025] [mpm_winnt:notice] [pid 4976:tid 288] AH00418: Parent: Created child process 4792
[Fri Mar 21 11:37:38.032174 2025] [ssl:warn] [pid 4792:tid 292] AH01873: Init: Session Cache is not configured [hint: SSLSessionCache]
[Fri Mar 21 11:37:38.079053 2025] [mpm_winnt:notice] [pid 4792:tid 292] AH00354: Child: Starting 150 worker threads.
[Sat Mar 22 11:54:58.328073 2025] [core:warn] [pid 2404:tid 296] AH00098: pid file C:/SYSME/SGC/xampp/apache/logs/httpd.pid overwritten -- Unclean shutdown of previous Apache run?
[Sat Mar 22 11:54:58.656216 2025] [ssl:warn] [pid 2404:tid 296] AH01873: Init: Session Cache is not configured [hint: SSLSessionCache]
[Sat Mar 22 11:54:58.734348 2025] [mpm_winnt:notice] [pid 2404:tid 296] AH00455: Apache/2.4.3 (Win32) OpenSSL/1.0.1c PHP/5.4.7 configured -- resuming normal operations
[Sat Mar 22 11:54:58.734348 2025] [mpm_winnt:notice] [pid 2404:tid 296] AH00456: Server built: Aug 18 2012 12:41:37
[Sat Mar 22 11:54:58.734348 2025] [core:notice] [pid 2404:tid 296] AH00094: Command line: 'apache\\bin\\httpd.exe -d C:/SYSME/SGC/xampp/apache'
[Sat Mar 22 11:54:58.734348 2025] [mpm_winnt:notice] [pid 2404:tid 296] AH00418: Parent: Created child process 984
[Sat Mar 22 11:54:59.640642 2025] [ssl:warn] [pid 984:tid 292] AH01873: Init: Session Cache is not configured [hint: SSLSessionCache]
[Sat Mar 22 11:54:59.687521 2025] [mpm_winnt:notice] [pid 984:tid 292] AH00354: Child: Starting 150 worker threads.
[Sun Mar 23 11:27:29.688543 2025] [core:warn] [pid 2784:tid 288] AH00098: pid file C:/SYSME/SGC/xampp/apache/logs/httpd.pid overwritten -- Unclean shutdown of previous Apache run?
[Sun Mar 23 11:27:30.016684 2025] [ssl:warn] [pid 2784:tid 288] AH01873: Init: Session Cache is not configured [hint: SSLSessionCache]
[Sun Mar 23 11:27:30.079188 2025] [mpm_winnt:notice] [pid 2784:tid 288] AH00455: Apache/2.4.3 (Win32) OpenSSL/1.0.1c PHP/5.4.7 configured -- resuming normal operations
[Sun Mar 23 11:27:30.079188 2025] [mpm_winnt:notice] [pid 2784:tid 288] AH00456: Server built: Aug 18 2012 12:41:37
[Sun Mar 23 11:27:30.079188 2025] [core:notice] [pid 2784:tid 288] AH00094: Command line: 'apache\\bin\\httpd.exe -d C:/SYSME/SGC/xampp/apache'
[Sun Mar 23 11:27:30.079188 2025] [mpm_winnt:notice] [pid 2784:tid 288] AH00418: Parent: Created child process 1064
[Sun Mar 23 11:27:31.094866 2025] [ssl:warn] [pid 1064:tid 292] AH01873: Init: Session Cache is not configured [hint: SSLSessionCache]
[Sun Mar 23 11:27:31.141742 2025] [mpm_winnt:notice] [pid 1064:tid 292] AH00354: Child: Starting 150 worker threads.
[Mon Mar 24 11:22:43.240666 2025] [core:warn] [pid 5052:tid 288] AH00098: pid file C:/SYSME/SGC/xampp/apache/logs/httpd.pid overwritten -- Unclean shutdown of previous Apache run?
[Mon Mar 24 11:22:43.615684 2025] [ssl:warn] [pid 5052:tid 288] AH01873: Init: Session Cache is not configured [hint: SSLSessionCache]
[Mon Mar 24 11:22:43.678190 2025] [mpm_winnt:notice] [pid 5052:tid 288] AH00455: Apache/2.4.3 (Win32) OpenSSL/1.0.1c PHP/5.4.7 configured -- resuming normal operations
[Mon Mar 24 11:22:43.678190 2025] [mpm_winnt:notice] [pid 5052:tid 288] AH00456: Server built: Aug 18 2012 12:41:37
[Mon Mar 24 11:22:43.678190 2025] [core:notice] [pid 5052:tid 288] AH00094: Command line: 'apache\\bin\\httpd.exe -d C:/SYSME/SGC/xampp/apache'
[Mon Mar 24 11:22:43.678190 2025] [mpm_winnt:notice] [pid 5052:tid 288] AH00418: Parent: Created child process 632
[Mon Mar 24 11:22:44.490730 2025] [ssl:warn] [pid 632:tid 296] AH01873: Init: Session Cache is not configured [hint: SSLSessionCache]
[Mon Mar 24 11:22:44.537609 2025] [mpm_winnt:notice] [pid 632:tid 296] AH00354: Child: Starting 150 worker threads.
[Wed Mar 26 11:34:03.609599 2025] [core:warn] [pid 3164:tid 288] AH00098: pid file C:/SYSME/SGC/xampp/apache/logs/httpd.pid overwritten -- Unclean shutdown of previous Apache run?
[Wed Mar 26 11:34:03.922113 2025] [ssl:warn] [pid 3164:tid 288] AH01873: Init: Session Cache is not configured [hint: SSLSessionCache]
[Wed Mar 26 11:34:04.000245 2025] [mpm_winnt:notice] [pid 3164:tid 288] AH00455: Apache/2.4.3 (Win32) OpenSSL/1.0.1c PHP/5.4.7 configured -- resuming normal operations
[Wed Mar 26 11:34:04.000245 2025] [mpm_winnt:notice] [pid 3164:tid 288] AH00456: Server built: Aug 18 2012 12:41:37
[Wed Mar 26 11:34:04.000245 2025] [core:notice] [pid 3164:tid 288] AH00094: Command line: 'apache\\bin\\httpd.exe -d C:/SYSME/SGC/xampp/apache'
[Wed Mar 26 11:34:04.000245 2025] [mpm_winnt:notice] [pid 3164:tid 288] AH00418: Parent: Created child process 3156
[Wed Mar 26 11:34:04.844037 2025] [ssl:warn] [pid 3156:tid 292] AH01873: Init: Session Cache is not configured [hint: SSLSessionCache]
[Wed Mar 26 11:34:04.890917 2025] [mpm_winnt:notice] [pid 3156:tid 292] AH00354: Child: Starting 150 worker threads.
[Thu Mar 27 11:29:55.326852 2025] [core:warn] [pid 2616:tid 296] AH00098: pid file C:/SYSME/SGC/xampp/apache/logs/httpd.pid overwritten -- Unclean shutdown of previous Apache run?
[Thu Mar 27 11:29:55.639367 2025] [ssl:warn] [pid 2616:tid 296] AH01873: Init: Session Cache is not configured [hint: SSLSessionCache]
[Thu Mar 27 11:29:55.701871 2025] [mpm_winnt:notice] [pid 2616:tid 296] AH00455: Apache/2.4.3 (Win32) OpenSSL/1.0.1c PHP/5.4.7 configured -- resuming normal operations
[Thu Mar 27 11:29:55.701871 2025] [mpm_winnt:notice] [pid 2616:tid 296] AH00456: Server built: Aug 18 2012 12:41:37
[Thu Mar 27 11:29:55.701871 2025] [core:notice] [pid 2616:tid 296] AH00094: Command line: 'apache\\bin\\httpd.exe -d C:/SYSME/SGC/xampp/apache'
[Thu Mar 27 11:29:55.701871 2025] [mpm_winnt:notice] [pid 2616:tid 296] AH00418: Parent: Created child process 3004
[Thu Mar 27 11:29:56.733175 2025] [ssl:warn] [pid 3004:tid 296] AH01873: Init: Session Cache is not configured [hint: SSLSessionCache]
[Thu Mar 27 11:29:56.780053 2025] [mpm_winnt:notice] [pid 3004:tid 296] AH00354: Child: Starting 150 worker threads.
[Fri Mar 28 11:28:13.953987 2025] [core:warn] [pid 3524:tid 288] AH00098: pid file C:/SYSME/SGC/xampp/apache/logs/httpd.pid overwritten -- Unclean shutdown of previous Apache run?
[Fri Mar 28 11:28:14.250878 2025] [ssl:warn] [pid 3524:tid 288] AH01873: Init: Session Cache is not configured [hint: SSLSessionCache]
[Fri Mar 28 11:28:14.329006 2025] [mpm_winnt:notice] [pid 3524:tid 288] AH00455: Apache/2.4.3 (Win32) OpenSSL/1.0.1c PHP/5.4.7 configured -- resuming normal operations
[Fri Mar 28 11:28:14.329006 2025] [mpm_winnt:notice] [pid 3524:tid 288] AH00456: Server built: Aug 18 2012 12:41:37
[Fri Mar 28 11:28:14.329006 2025] [core:notice] [pid 3524:tid 288] AH00094: Command line: 'apache\\bin\\httpd.exe -d C:/SYSME/SGC/xampp/apache'
[Fri Mar 28 11:28:14.329006 2025] [mpm_winnt:notice] [pid 3524:tid 288] AH00418: Parent: Created child process 3548
[Fri Mar 28 11:28:15.344685 2025] [ssl:warn] [pid 3548:tid 296] AH01873: Init: Session Cache is not configured [hint: SSLSessionCache]
[Fri Mar 28 11:28:15.375937 2025] [mpm_winnt:notice] [pid 3548:tid 296] AH00354: Child: Starting 150 worker threads.
[Sat Mar 29 12:21:55.706467 2025] [core:warn] [pid 4232:tid 288] AH00098: pid file C:/SYSME/SGC/xampp/apache/logs/httpd.pid overwritten -- Unclean shutdown of previous Apache run?
[Sat Mar 29 12:21:56.174780 2025] [ssl:warn] [pid 4232:tid 288] AH01873: Init: Session Cache is not configured [hint: SSLSessionCache]
[Sat Mar 29 12:21:56.267842 2025] [mpm_winnt:notice] [pid 4232:tid 288] AH00455: Apache/2.4.3 (Win32) OpenSSL/1.0.1c PHP/5.4.7 configured -- resuming normal operations
[Sat Mar 29 12:21:56.268844 2025] [mpm_winnt:notice] [pid 4232:tid 288] AH00456: Server built: Aug 18 2012 12:41:37
[Sat Mar 29 12:21:56.268844 2025] [core:notice] [pid 4232:tid 288] AH00094: Command line: 'apache\\bin\\httpd.exe -d C:/SYSME/SGC/xampp/apache'
[Sat Mar 29 12:21:56.269844 2025] [mpm_winnt:notice] [pid 4232:tid 288] AH00418: Parent: Created child process 4864
[Sat Mar 29 12:21:57.526684 2025] [ssl:warn] [pid 4864:tid 296] AH01873: Init: Session Cache is not configured [hint: SSLSessionCache]
[Sat Mar 29 12:21:57.575718 2025] [mpm_winnt:notice] [pid 4864:tid 296] AH00354: Child: Starting 150 worker threads.
[Sun Mar 30 11:33:23.376556 2025] [core:warn] [pid 2004:tid 288] AH00098: pid file C:/SYSME/SGC/xampp/apache/logs/httpd.pid overwritten -- Unclean shutdown of previous Apache run?
[Sun Mar 30 11:33:23.769820 2025] [ssl:warn] [pid 2004:tid 288] AH01873: Init: Session Cache is not configured [hint: SSLSessionCache]
[Sun Mar 30 11:33:23.828859 2025] [mpm_winnt:notice] [pid 2004:tid 288] AH00455: Apache/2.4.3 (Win32) OpenSSL/1.0.1c PHP/5.4.7 configured -- resuming normal operations
[Sun Mar 30 11:33:23.828859 2025] [mpm_winnt:notice] [pid 2004:tid 288] AH00456: Server built: Aug 18 2012 12:41:37
[Sun Mar 30 11:33:23.828859 2025] [core:notice] [pid 2004:tid 288] AH00094: Command line: 'apache\\bin\\httpd.exe -d C:/SYSME/SGC/xampp/apache'
[Sun Mar 30 11:33:23.829859 2025] [mpm_winnt:notice] [pid 2004:tid 288] AH00418: Parent: Created child process 4000
[Sun Mar 30 11:33:24.848540 2025] [ssl:warn] [pid 4000:tid 292] AH01873: Init: Session Cache is not configured [hint: SSLSessionCache]
[Sun Mar 30 11:33:24.893569 2025] [mpm_winnt:notice] [pid 4000:tid 292] AH00354: Child: Starting 150 worker threads.
[Mon Mar 31 11:15:08.216049 2025] [core:warn] [pid 1316:tid 284] AH00098: pid file C:/SYSME/SGC/xampp/apache/logs/httpd.pid overwritten -- Unclean shutdown of previous Apache run?
[Mon Mar 31 11:15:08.606683 2025] [ssl:warn] [pid 1316:tid 284] AH01873: Init: Session Cache is not configured [hint: SSLSessionCache]
[Mon Mar 31 11:15:08.669187 2025] [mpm_winnt:notice] [pid 1316:tid 284] AH00455: Apache/2.4.3 (Win32) OpenSSL/1.0.1c PHP/5.4.7 configured -- resuming normal operations
[Mon Mar 31 11:15:08.669187 2025] [mpm_winnt:notice] [pid 1316:tid 284] AH00456: Server built: Aug 18 2012 12:41:37
[Mon Mar 31 11:15:08.669187 2025] [core:notice] [pid 1316:tid 284] AH00094: Command line: 'apache\\bin\\httpd.exe -d C:/SYSME/SGC/xampp/apache'
[Mon Mar 31 11:15:08.669187 2025] [mpm_winnt:notice] [pid 1316:tid 284] AH00418: Parent: Created child process 2360
[Mon Mar 31 11:15:09.559859 2025] [ssl:warn] [pid 2360:tid 300] AH01873: Init: Session Cache is not configured [hint: SSLSessionCache]
[Mon Mar 31 11:15:09.606736 2025] [mpm_winnt:notice] [pid 2360:tid 300] AH00354: Child: Starting 150 worker threads.
[Tue Apr 01 11:26:26.057155 2025] [core:warn] [pid 3908:tid 296] AH00098: pid file C:/SYSME/SGC/xampp/apache/logs/httpd.pid overwritten -- Unclean shutdown of previous Apache run?
[Tue Apr 01 11:26:26.385296 2025] [ssl:warn] [pid 3908:tid 296] AH01873: Init: Session Cache is not configured [hint: SSLSessionCache]
[Tue Apr 01 11:26:26.447800 2025] [mpm_winnt:notice] [pid 3908:tid 296] AH00455: Apache/2.4.3 (Win32) OpenSSL/1.0.1c PHP/5.4.7 configured -- resuming normal operations
[Tue Apr 01 11:26:26.447800 2025] [mpm_winnt:notice] [pid 3908:tid 296] AH00456: Server built: Aug 18 2012 12:41:37
[Tue Apr 01 11:26:26.447800 2025] [core:notice] [pid 3908:tid 296] AH00094: Command line: 'apache\\bin\\httpd.exe -d C:/SYSME/SGC/xampp/apache'
[Tue Apr 01 11:26:26.447800 2025] [mpm_winnt:notice] [pid 3908:tid 296] AH00418: Parent: Created child process 1776
[Tue Apr 01 11:26:27.322847 2025] [ssl:warn] [pid 1776:tid 292] AH01873: Init: Session Cache is not configured [hint: SSLSessionCache]
[Tue Apr 01 11:26:27.369727 2025] [mpm_winnt:notice] [pid 1776:tid 292] AH00354: Child: Starting 150 worker threads.
[Wed Apr 02 11:15:40.220505 2025] [core:warn] [pid 1816:tid 288] AH00098: pid file C:/SYSME/SGC/xampp/apache/logs/httpd.pid overwritten -- Unclean shutdown of previous Apache run?
[Wed Apr 02 11:15:40.564274 2025] [ssl:warn] [pid 1816:tid 288] AH01873: Init: Session Cache is not configured [hint: SSLSessionCache]
[Wed Apr 02 11:15:40.611154 2025] [mpm_winnt:notice] [pid 1816:tid 288] AH00455: Apache/2.4.3 (Win32) OpenSSL/1.0.1c PHP/5.4.7 configured -- resuming normal operations
[Wed Apr 02 11:15:40.611154 2025] [mpm_winnt:notice] [pid 1816:tid 288] AH00456: Server built: Aug 18 2012 12:41:37
[Wed Apr 02 11:15:40.611154 2025] [core:notice] [pid 1816:tid 288] AH00094: Command line: 'apache\\bin\\httpd.exe -d C:/SYSME/SGC/xampp/apache'
[Wed Apr 02 11:15:40.611154 2025] [mpm_winnt:notice] [pid 1816:tid 288] AH00418: Parent: Created child process 2716
[Wed Apr 02 11:15:41.501823 2025] [ssl:warn] [pid 2716:tid 184] AH01873: Init: Session Cache is not configured [hint: SSLSessionCache]
[Wed Apr 02 11:15:41.548701 2025] [mpm_winnt:notice] [pid 2716:tid 184] AH00354: Child: Starting 150 worker threads.
[Thu Apr 03 11:28:30.588060 2025] [core:warn] [pid 5824:tid 284] AH00098: pid file C:/SYSME/SGC/xampp/apache/logs/httpd.pid overwritten -- Unclean shutdown of previous Apache run?
[Thu Apr 03 11:28:30.947454 2025] [ssl:warn] [pid 5824:tid 284] AH01873: Init: Session Cache is not configured [hint: SSLSessionCache]
[Thu Apr 03 11:28:31.009957 2025] [mpm_winnt:notice] [pid 5824:tid 284] AH00455: Apache/2.4.3 (Win32) OpenSSL/1.0.1c PHP/5.4.7 configured -- resuming normal operations
[Thu Apr 03 11:28:31.009957 2025] [mpm_winnt:notice] [pid 5824:tid 284] AH00456: Server built: Aug 18 2012 12:41:37
[Thu Apr 03 11:28:31.009957 2025] [core:notice] [pid 5824:tid 284] AH00094: Command line: 'apache\\bin\\httpd.exe -d C:/SYSME/SGC/xampp/apache'
[Thu Apr 03 11:28:31.009957 2025] [mpm_winnt:notice] [pid 5824:tid 284] AH00418: Parent: Created child process 2160
[Thu Apr 03 11:28:31.885003 2025] [ssl:warn] [pid 2160:tid 296] AH01873: Init: Session Cache is not configured [hint: SSLSessionCache]
[Thu Apr 03 11:28:31.931881 2025] [mpm_winnt:notice] [pid 2160:tid 296] AH00354: Child: Starting 150 worker threads.
[Fri Apr 04 11:47:18.238036 2025] [core:warn] [pid 828:tid 296] AH00098: pid file C:/SYSME/SGC/xampp/apache/logs/httpd.pid overwritten -- Unclean shutdown of previous Apache run?
[Fri Apr 04 11:47:18.581784 2025] [ssl:warn] [pid 828:tid 296] AH01873: Init: Session Cache is not configured [hint: SSLSessionCache]
[Fri Apr 04 11:47:18.644287 2025] [mpm_winnt:notice] [pid 828:tid 296] AH00455: Apache/2.4.3 (Win32) OpenSSL/1.0.1c PHP/5.4.7 configured -- resuming normal operations
[Fri Apr 04 11:47:18.644287 2025] [mpm_winnt:notice] [pid 828:tid 296] AH00456: Server built: Aug 18 2012 12:41:37
[Fri Apr 04 11:47:18.644287 2025] [core:notice] [pid 828:tid 296] AH00094: Command line: 'apache\\bin\\httpd.exe -d C:/SYSME/SGC/xampp/apache'
[Fri Apr 04 11:47:18.644287 2025] [mpm_winnt:notice] [pid 828:tid 296] AH00418: Parent: Created child process 4304
[Fri Apr 04 11:47:19.550585 2025] [ssl:warn] [pid 4304:tid 296] AH01873: Init: Session Cache is not configured [hint: SSLSessionCache]
[Fri Apr 04 11:47:19.597463 2025] [mpm_winnt:notice] [pid 4304:tid 296] AH00354: Child: Starting 150 worker threads.
[Sat Apr 05 11:23:34.758858 2025] [core:warn] [pid 4660:tid 292] AH00098: pid file C:/SYSME/SGC/xampp/apache/logs/httpd.pid overwritten -- Unclean shutdown of previous Apache run?
[Sat Apr 05 11:23:35.087000 2025] [ssl:warn] [pid 4660:tid 292] AH01873: Init: Session Cache is not configured [hint: SSLSessionCache]
[Sat Apr 05 11:23:35.149505 2025] [mpm_winnt:notice] [pid 4660:tid 292] AH00455: Apache/2.4.3 (Win32) OpenSSL/1.0.1c PHP/5.4.7 configured -- resuming normal operations
[Sat Apr 05 11:23:35.149505 2025] [mpm_winnt:notice] [pid 4660:tid 292] AH00456: Server built: Aug 18 2012 12:41:37
[Sat Apr 05 11:23:35.149505 2025] [core:notice] [pid 4660:tid 292] AH00094: Command line: 'apache\\bin\\httpd.exe -d C:/SYSME/SGC/xampp/apache'
[Sat Apr 05 11:23:35.149505 2025] [mpm_winnt:notice] [pid 4660:tid 292] AH00418: Parent: Created child process 4360
[Sat Apr 05 11:23:35.915167 2025] [ssl:warn] [pid 4360:tid 296] AH01873: Init: Session Cache is not configured [hint: SSLSessionCache]
[Sat Apr 05 11:23:35.962047 2025] [mpm_winnt:notice] [pid 4360:tid 296] AH00354: Child: Starting 150 worker threads.
[Sun Apr 06 12:24:12.102638 2025] [core:warn] [pid 5248:tid 292] AH00098: pid file C:/SYSME/SGC/xampp/apache/logs/httpd.pid overwritten -- Unclean shutdown of previous Apache run?
[Sun Apr 06 12:24:12.467427 2025] [ssl:warn] [pid 5248:tid 292] AH01873: Init: Session Cache is not configured [hint: SSLSessionCache]
[Sun Apr 06 12:24:12.529932 2025] [mpm_winnt:notice] [pid 5248:tid 292] AH00455: Apache/2.4.3 (Win32) OpenSSL/1.0.1c PHP/5.4.7 configured -- resuming normal operations
[Sun Apr 06 12:24:12.529932 2025] [mpm_winnt:notice] [pid 5248:tid 292] AH00456: Server built: Aug 18 2012 12:41:37
[Sun Apr 06 12:24:12.529932 2025] [core:notice] [pid 5248:tid 292] AH00094: Command line: 'apache\\bin\\httpd.exe -d C:/SYSME/SGC/xampp/apache'
[Sun Apr 06 12:24:12.529932 2025] [mpm_winnt:notice] [pid 5248:tid 292] AH00418: Parent: Created child process 904
[Sun Apr 06 12:24:13.592487 2025] [ssl:warn] [pid 904:tid 292] AH01873: Init: Session Cache is not configured [hint: SSLSessionCache]
[Sun Apr 06 12:24:13.654991 2025] [mpm_winnt:notice] [pid 904:tid 292] AH00354: Child: Starting 150 worker threads.
[Mon Apr 07 11:58:01.832922 2025] [core:warn] [pid 3572:tid 288] AH00098: pid file C:/SYSME/SGC/xampp/apache/logs/httpd.pid overwritten -- Unclean shutdown of previous Apache run?
[Mon Apr 07 11:58:02.145437 2025] [ssl:warn] [pid 3572:tid 288] AH01873: Init: Session Cache is not configured [hint: SSLSessionCache]
[Mon Apr 07 11:58:02.207941 2025] [mpm_winnt:notice] [pid 3572:tid 288] AH00455: Apache/2.4.3 (Win32) OpenSSL/1.0.1c PHP/5.4.7 configured -- resuming normal operations
[Mon Apr 07 11:58:02.207941 2025] [mpm_winnt:notice] [pid 3572:tid 288] AH00456: Server built: Aug 18 2012 12:41:37
[Mon Apr 07 11:58:02.207941 2025] [core:notice] [pid 3572:tid 288] AH00094: Command line: 'apache\\bin\\httpd.exe -d C:/SYSME/SGC/xampp/apache'
[Mon Apr 07 11:58:02.207941 2025] [mpm_winnt:notice] [pid 3572:tid 288] AH00418: Parent: Created child process 2676
[Mon Apr 07 11:58:03.254871 2025] [ssl:warn] [pid 2676:tid 296] AH01873: Init: Session Cache is not configured [hint: SSLSessionCache]
[Mon Apr 07 11:58:03.317375 2025] [mpm_winnt:notice] [pid 2676:tid 296] AH00354: Child: Starting 150 worker threads.
[Mon Apr 07 13:45:29.065098 2025] [core:warn] [pid 3980:tid 284] AH00098: pid file C:/SYSME/SGC/xampp/apache/logs/httpd.pid overwritten -- Unclean shutdown of previous Apache run?
[Mon Apr 07 13:45:29.361986 2025] [ssl:warn] [pid 3980:tid 284] AH01873: Init: Session Cache is not configured [hint: SSLSessionCache]
[Mon Apr 07 13:45:29.424491 2025] [mpm_winnt:notice] [pid 3980:tid 284] AH00455: Apache/2.4.3 (Win32) OpenSSL/1.0.1c PHP/5.4.7 configured -- resuming normal operations
[Mon Apr 07 13:45:29.424491 2025] [mpm_winnt:notice] [pid 3980:tid 284] AH00456: Server built: Aug 18 2012 12:41:37
[Mon Apr 07 13:45:29.424491 2025] [core:notice] [pid 3980:tid 284] AH00094: Command line: 'apache\\bin\\httpd.exe -d C:/SYSME/SGC/xampp/apache'
[Mon Apr 07 13:45:29.424491 2025] [mpm_winnt:notice] [pid 3980:tid 284] AH00418: Parent: Created child process 4008
[Mon Apr 07 13:45:30.518297 2025] [ssl:warn] [pid 4008:tid 292] AH01873: Init: Session Cache is not configured [hint: SSLSessionCache]
[Mon Apr 07 13:45:30.565176 2025] [mpm_winnt:notice] [pid 4008:tid 292] AH00354: Child: Starting 150 worker threads.
[Mon Apr 07 14:25:18.115668 2025] [core:warn] [pid 4000:tid 284] AH00098: pid file C:/SYSME/SGC/xampp/apache/logs/httpd.pid overwritten -- Unclean shutdown of previous Apache run?
[Mon Apr 07 14:25:18.396933 2025] [ssl:warn] [pid 4000:tid 284] AH01873: Init: Session Cache is not configured [hint: SSLSessionCache]
[Mon Apr 07 14:25:18.459436 2025] [mpm_winnt:notice] [pid 4000:tid 284] AH00455: Apache/2.4.3 (Win32) OpenSSL/1.0.1c PHP/5.4.7 configured -- resuming normal operations
[Mon Apr 07 14:25:18.459436 2025] [mpm_winnt:notice] [pid 4000:tid 284] AH00456: Server built: Aug 18 2012 12:41:37
[Mon Apr 07 14:25:18.459436 2025] [core:notice] [pid 4000:tid 284] AH00094: Command line: 'apache\\bin\\httpd.exe -d C:/SYSME/SGC/xampp/apache'
[Mon Apr 07 14:25:18.459436 2025] [mpm_winnt:notice] [pid 4000:tid 284] AH00418: Parent: Created child process 4016
[Mon Apr 07 14:25:19.412613 2025] [ssl:warn] [pid 4016:tid 296] AH01873: Init: Session Cache is not configured [hint: SSLSessionCache]
[Mon Apr 07 14:25:19.459490 2025] [mpm_winnt:notice] [pid 4016:tid 296] AH00354: Child: Starting 150 worker threads.
[Tue Apr 08 12:44:05.234253 2025] [core:warn] [pid 992:tid 284] AH00098: pid file C:/SYSME/SGC/xampp/apache/logs/httpd.pid overwritten -- Unclean shutdown of previous Apache run?
[Tue Apr 08 12:44:05.531142 2025] [ssl:warn] [pid 992:tid 284] AH01873: Init: Session Cache is not configured [hint: SSLSessionCache]
[Tue Apr 08 12:44:05.593647 2025] [mpm_winnt:notice] [pid 992:tid 284] AH00455: Apache/2.4.3 (Win32) OpenSSL/1.0.1c PHP/5.4.7 configured -- resuming normal operations
[Tue Apr 08 12:44:05.593647 2025] [mpm_winnt:notice] [pid 992:tid 284] AH00456: Server built: Aug 18 2012 12:41:37
[Tue Apr 08 12:44:05.593647 2025] [core:notice] [pid 992:tid 284] AH00094: Command line: 'apache\\bin\\httpd.exe -d C:/SYSME/SGC/xampp/apache'
[Tue Apr 08 12:44:05.593647 2025] [mpm_winnt:notice] [pid 992:tid 284] AH00418: Parent: Created child process 2628
[Tue Apr 08 12:44:06.406189 2025] [ssl:warn] [pid 2628:tid 304] AH01873: Init: Session Cache is not configured [hint: SSLSessionCache]
[Tue Apr 08 12:44:06.453069 2025] [mpm_winnt:notice] [pid 2628:tid 304] AH00354: Child: Starting 150 worker threads.
[Wed Apr 09 12:29:20.896088 2025] [core:warn] [pid 1912:tid 292] AH00098: pid file C:/SYSME/SGC/xampp/apache/logs/httpd.pid overwritten -- Unclean shutdown of previous Apache run?
[Wed Apr 09 12:29:21.224229 2025] [ssl:warn] [pid 1912:tid 292] AH01873: Init: Session Cache is not configured [hint: SSLSessionCache]
[Wed Apr 09 12:29:21.286732 2025] [mpm_winnt:notice] [pid 1912:tid 292] AH00455: Apache/2.4.3 (Win32) OpenSSL/1.0.1c PHP/5.4.7 configured -- resuming normal operations
[Wed Apr 09 12:29:21.286732 2025] [mpm_winnt:notice] [pid 1912:tid 292] AH00456: Server built: Aug 18 2012 12:41:37
[Wed Apr 09 12:29:21.286732 2025] [core:notice] [pid 1912:tid 292] AH00094: Command line: 'apache\\bin\\httpd.exe -d C:/SYSME/SGC/xampp/apache'
[Wed Apr 09 12:29:21.286732 2025] [mpm_winnt:notice] [pid 1912:tid 292] AH00418: Parent: Created child process 5620
[Wed Apr 09 12:29:22.099275 2025] [ssl:warn] [pid 5620:tid 296] AH01873: Init: Session Cache is not configured [hint: SSLSessionCache]
[Wed Apr 09 12:29:22.146154 2025] [mpm_winnt:notice] [pid 5620:tid 296] AH00354: Child: Starting 150 worker threads.
[Wed Apr 09 16:50:43.112639 2025] [core:warn] [pid 5052:tid 288] AH00098: pid file C:/SYSME/SGC/xampp/apache/logs/httpd.pid overwritten -- Unclean shutdown of previous Apache run?
[Wed Apr 09 16:50:43.487657 2025] [ssl:warn] [pid 5052:tid 288] AH01873: Init: Session Cache is not configured [hint: SSLSessionCache]
[Wed Apr 09 16:50:43.550161 2025] [mpm_winnt:notice] [pid 5052:tid 288] AH00455: Apache/2.4.3 (Win32) OpenSSL/1.0.1c PHP/5.4.7 configured -- resuming normal operations
[Wed Apr 09 16:50:43.550161 2025] [mpm_winnt:notice] [pid 5052:tid 288] AH00456: Server built: Aug 18 2012 12:41:37
[Wed Apr 09 16:50:43.550161 2025] [core:notice] [pid 5052:tid 288] AH00094: Command line: 'apache\\bin\\httpd.exe -d C:/SYSME/SGC/xampp/apache'
[Wed Apr 09 16:50:43.550161 2025] [mpm_winnt:notice] [pid 5052:tid 288] AH00418: Parent: Created child process 4996
[Wed Apr 09 16:50:44.550213 2025] [ssl:warn] [pid 4996:tid 292] AH01873: Init: Session Cache is not configured [hint: SSLSessionCache]
[Wed Apr 09 16:50:44.597091 2025] [mpm_winnt:notice] [pid 4996:tid 292] AH00354: Child: Starting 150 worker threads.
[Thu Apr 10 12:56:04.240839 2025] [core:warn] [pid 6020:tid 288] AH00098: pid file C:/SYSME/SGC/xampp/apache/logs/httpd.pid overwritten -- Unclean shutdown of previous Apache run?
[Thu Apr 10 12:56:04.568964 2025] [ssl:warn] [pid 6020:tid 288] AH01873: Init: Session Cache is not configured [hint: SSLSessionCache]
[Thu Apr 10 12:56:04.615842 2025] [mpm_winnt:notice] [pid 6020:tid 288] AH00455: Apache/2.4.3 (Win32) OpenSSL/1.0.1c PHP/5.4.7 configured -- resuming normal operations
[Thu Apr 10 12:56:04.615842 2025] [mpm_winnt:notice] [pid 6020:tid 288] AH00456: Server built: Aug 18 2012 12:41:37
[Thu Apr 10 12:56:04.615842 2025] [core:notice] [pid 6020:tid 288] AH00094: Command line: 'apache\\bin\\httpd.exe -d C:/SYSME/SGC/xampp/apache'
[Thu Apr 10 12:56:04.615842 2025] [mpm_winnt:notice] [pid 6020:tid 288] AH00418: Parent: Created child process 3528
[Thu Apr 10 12:56:05.553392 2025] [ssl:warn] [pid 3528:tid 292] AH01873: Init: Session Cache is not configured [hint: SSLSessionCache]
[Thu Apr 10 12:56:05.600270 2025] [mpm_winnt:notice] [pid 3528:tid 292] AH00354: Child: Starting 150 worker threads.
[Fri Apr 11 12:17:07.178494 2025] [core:warn] [pid 4528:tid 288] AH00098: pid file C:/SYSME/SGC/xampp/apache/logs/httpd.pid overwritten -- Unclean shutdown of previous Apache run?
[Fri Apr 11 12:17:07.537885 2025] [ssl:warn] [pid 4528:tid 288] AH01873: Init: Session Cache is not configured [hint: SSLSessionCache]
[Fri Apr 11 12:17:07.600388 2025] [mpm_winnt:notice] [pid 4528:tid 288] AH00455: Apache/2.4.3 (Win32) OpenSSL/1.0.1c PHP/5.4.7 configured -- resuming normal operations
[Fri Apr 11 12:17:07.600388 2025] [mpm_winnt:notice] [pid 4528:tid 288] AH00456: Server built: Aug 18 2012 12:41:37
[Fri Apr 11 12:17:07.600388 2025] [core:notice] [pid 4528:tid 288] AH00094: Command line: 'apache\\bin\\httpd.exe -d C:/SYSME/SGC/xampp/apache'
[Fri Apr 11 12:17:07.600388 2025] [mpm_winnt:notice] [pid 4528:tid 288] AH00418: Parent: Created child process 5656
[Fri Apr 11 12:17:08.475512 2025] [ssl:warn] [pid 5656:tid 292] AH01873: Init: Session Cache is not configured [hint: SSLSessionCache]
[Fri Apr 11 12:17:08.522390 2025] [mpm_winnt:notice] [pid 5656:tid 292] AH00354: Child: Starting 150 worker threads.
[Fri Apr 11 14:35:45.888000 2025] [core:warn] [pid 1664:tid 296] AH00098: pid file C:/SYSME/SGC/xampp/apache/logs/httpd.pid overwritten -- Unclean shutdown of previous Apache run?
[Fri Apr 11 14:35:46.303452 2025] [ssl:warn] [pid 1664:tid 296] AH01873: Init: Session Cache is not configured [hint: SSLSessionCache]
[Fri Apr 11 14:35:46.548235 2025] [mpm_winnt:notice] [pid 1664:tid 296] AH00455: Apache/2.4.3 (Win32) OpenSSL/1.0.1c PHP/5.4.7 configured -- resuming normal operations
[Fri Apr 11 14:35:46.548235 2025] [mpm_winnt:notice] [pid 1664:tid 296] AH00456: Server built: Aug 18 2012 12:41:37
[Fri Apr 11 14:35:46.548235 2025] [core:notice] [pid 1664:tid 296] AH00094: Command line: 'apache\\bin\\httpd.exe -d C:/SYSME/SGC/xampp/apache'
[Fri Apr 11 14:35:46.549235 2025] [mpm_winnt:notice] [pid 1664:tid 296] AH00418: Parent: Created child process 3776
[Fri Apr 11 14:35:47.952170 2025] [ssl:warn] [pid 3776:tid 292] AH01873: Init: Session Cache is not configured [hint: SSLSessionCache]
[Fri Apr 11 14:35:48.011212 2025] [mpm_winnt:notice] [pid 3776:tid 292] AH00354: Child: Starting 150 worker threads.
[Sat Apr 12 12:20:49.970580 2025] [core:warn] [pid 6656:tid 284] AH00098: pid file C:/SYSME/SGC/xampp/apache/logs/httpd.pid overwritten -- Unclean shutdown of previous Apache run?
[Sat Apr 12 12:20:50.486233 2025] [ssl:warn] [pid 6656:tid 284] AH01873: Init: Session Cache is not configured [hint: SSLSessionCache]
[Sat Apr 12 12:20:50.564363 2025] [mpm_winnt:notice] [pid 6656:tid 284] AH00455: Apache/2.4.3 (Win32) OpenSSL/1.0.1c PHP/5.4.7 configured -- resuming normal operations
[Sat Apr 12 12:20:50.564363 2025] [mpm_winnt:notice] [pid 6656:tid 284] AH00456: Server built: Aug 18 2012 12:41:37
[Sat Apr 12 12:20:50.564363 2025] [core:notice] [pid 6656:tid 284] AH00094: Command line: 'apache\\bin\\httpd.exe -d C:/SYSME/SGC/xampp/apache'
[Sat Apr 12 12:20:50.564363 2025] [mpm_winnt:notice] [pid 6656:tid 284] AH00418: Parent: Created child process 4480
[Sat Apr 12 12:20:51.783174 2025] [ssl:warn] [pid 4480:tid 300] AH01873: Init: Session Cache is not configured [hint: SSLSessionCache]
[Sat Apr 12 12:20:51.830050 2025] [mpm_winnt:notice] [pid 4480:tid 300] AH00354: Child: Starting 150 worker threads.
[Sun Apr 13 13:30:39.600078 2025] [core:warn] [pid 4024:tid 284] AH00098: pid file C:/SYSME/SGC/xampp/apache/logs/httpd.pid overwritten -- Unclean shutdown of previous Apache run?
[Sun Apr 13 13:30:39.943835 2025] [ssl:warn] [pid 4024:tid 284] AH01873: Init: Session Cache is not configured [hint: SSLSessionCache]
[Sun Apr 13 13:30:40.006338 2025] [mpm_winnt:notice] [pid 4024:tid 284] AH00455: Apache/2.4.3 (Win32) OpenSSL/1.0.1c PHP/5.4.7 configured -- resuming normal operations
[Sun Apr 13 13:30:40.006338 2025] [mpm_winnt:notice] [pid 4024:tid 284] AH00456: Server built: Aug 18 2012 12:41:37
[Sun Apr 13 13:30:40.006338 2025] [core:notice] [pid 4024:tid 284] AH00094: Command line: 'apache\\bin\\httpd.exe -d C:/SYSME/SGC/xampp/apache'
[Sun Apr 13 13:30:40.006338 2025] [mpm_winnt:notice] [pid 4024:tid 284] AH00418: Parent: Created child process 976
[Sun Apr 13 13:30:40.881380 2025] [ssl:warn] [pid 976:tid 296] AH01873: Init: Session Cache is not configured [hint: SSLSessionCache]
[Sun Apr 13 13:30:40.928258 2025] [mpm_winnt:notice] [pid 976:tid 296] AH00354: Child: Starting 150 worker threads.
[Mon Apr 14 12:28:18.100623 2025] [core:warn] [pid 6220:tid 304] AH00098: pid file C:/SYSME/SGC/xampp/apache/logs/httpd.pid overwritten -- Unclean shutdown of previous Apache run?
[Mon Apr 14 12:28:18.397515 2025] [ssl:warn] [pid 6220:tid 304] AH01873: Init: Session Cache is not configured [hint: SSLSessionCache]
[Mon Apr 14 12:28:18.960068 2025] [mpm_winnt:notice] [pid 6220:tid 304] AH00455: Apache/2.4.3 (Win32) OpenSSL/1.0.1c PHP/5.4.7 configured -- resuming normal operations
[Mon Apr 14 12:28:18.960068 2025] [mpm_winnt:notice] [pid 6220:tid 304] AH00456: Server built: Aug 18 2012 12:41:37
[Mon Apr 14 12:28:18.960068 2025] [core:notice] [pid 6220:tid 304] AH00094: Command line: 'apache\\bin\\httpd.exe -d C:/SYSME/SGC/xampp/apache'
[Mon Apr 14 12:28:18.975686 2025] [mpm_winnt:notice] [pid 6220:tid 304] AH00418: Parent: Created child process 4524
[Mon Apr 14 12:28:19.741331 2025] [ssl:warn] [pid 4524:tid 296] AH01873: Init: Session Cache is not configured [hint: SSLSessionCache]
[Mon Apr 14 12:28:19.772584 2025] [mpm_winnt:notice] [pid 4524:tid 296] AH00354: Child: Starting 150 worker threads.
[Tue Apr 15 12:56:11.093440 2025] [core:warn] [pid 5492:tid 288] AH00098: pid file C:/SYSME/SGC/xampp/apache/logs/httpd.pid overwritten -- Unclean shutdown of previous Apache run?
[Tue Apr 15 12:56:11.405955 2025] [ssl:warn] [pid 5492:tid 288] AH01873: Init: Session Cache is not configured [hint: SSLSessionCache]
[Tue Apr 15 12:56:11.468460 2025] [mpm_winnt:notice] [pid 5492:tid 288] AH00455: Apache/2.4.3 (Win32) OpenSSL/1.0.1c PHP/5.4.7 configured -- resuming normal operations
[Tue Apr 15 12:56:11.468460 2025] [mpm_winnt:notice] [pid 5492:tid 288] AH00456: Server built: Aug 18 2012 12:41:37
[Tue Apr 15 12:56:11.468460 2025] [core:notice] [pid 5492:tid 288] AH00094: Command line: 'apache\\bin\\httpd.exe -d C:/SYSME/SGC/xampp/apache'
[Tue Apr 15 12:56:11.468460 2025] [mpm_winnt:notice] [pid 5492:tid 288] AH00418: Parent: Created child process 3584
[Tue Apr 15 12:56:12.390380 2025] [ssl:warn] [pid 3584:tid 296] AH01873: Init: Session Cache is not configured [hint: SSLSessionCache]
[Tue Apr 15 12:56:12.437259 2025] [mpm_winnt:notice] [pid 3584:tid 296] AH00354: Child: Starting 150 worker threads.
[Wed Apr 16 13:41:25.450464 2025] [core:warn] [pid 6736:tid 288] AH00098: pid file C:/SYSME/SGC/xampp/apache/logs/httpd.pid overwritten -- Unclean shutdown of previous Apache run?
[Wed Apr 16 13:41:25.825481 2025] [ssl:warn] [pid 6736:tid 288] AH01873: Init: Session Cache is not configured [hint: SSLSessionCache]
[Wed Apr 16 13:41:25.887986 2025] [mpm_winnt:notice] [pid 6736:tid 288] AH00455: Apache/2.4.3 (Win32) OpenSSL/1.0.1c PHP/5.4.7 configured -- resuming normal operations
[Wed Apr 16 13:41:25.887986 2025] [mpm_winnt:notice] [pid 6736:tid 288] AH00456: Server built: Aug 18 2012 12:41:37
[Wed Apr 16 13:41:25.887986 2025] [core:notice] [pid 6736:tid 288] AH00094: Command line: 'apache\\bin\\httpd.exe -d C:/SYSME/SGC/xampp/apache'
[Wed Apr 16 13:41:25.887986 2025] [mpm_winnt:notice] [pid 6736:tid 288] AH00418: Parent: Created child process 7456
[Wed Apr 16 13:41:26.742181 2025] [ssl:warn] [pid 7456:tid 296] AH01873: Init: Session Cache is not configured [hint: SSLSessionCache]
[Wed Apr 16 13:41:26.801071 2025] [mpm_winnt:notice] [pid 7456:tid 296] AH00354: Child: Starting 150 worker threads.
[Thu Apr 17 13:16:36.926633 2025] [core:warn] [pid 1988:tid 292] AH00098: pid file C:/SYSME/SGC/xampp/apache/logs/httpd.pid overwritten -- Unclean shutdown of previous Apache run?
[Thu Apr 17 13:16:37.286025 2025] [ssl:warn] [pid 1988:tid 292] AH01873: Init: Session Cache is not configured [hint: SSLSessionCache]
[Thu Apr 17 13:16:37.348529 2025] [mpm_winnt:notice] [pid 1988:tid 292] AH00455: Apache/2.4.3 (Win32) OpenSSL/1.0.1c PHP/5.4.7 configured -- resuming normal operations
[Thu Apr 17 13:16:37.348529 2025] [mpm_winnt:notice] [pid 1988:tid 292] AH00456: Server built: Aug 18 2012 12:41:37
[Thu Apr 17 13:16:37.348529 2025] [core:notice] [pid 1988:tid 292] AH00094: Command line: 'apache\\bin\\httpd.exe -d C:/SYSME/SGC/xampp/apache'
[Thu Apr 17 13:16:37.348529 2025] [mpm_winnt:notice] [pid 1988:tid 292] AH00418: Parent: Created child process 1884
[Thu Apr 17 13:16:38.207946 2025] [ssl:warn] [pid 1884:tid 292] AH01873: Init: Session Cache is not configured [hint: SSLSessionCache]
[Thu Apr 17 13:16:38.254825 2025] [mpm_winnt:notice] [pid 1884:tid 292] AH00354: Child: Starting 150 worker threads.
[Fri Apr 18 12:00:59.843835 2025] [core:warn] [pid 5460:tid 284] AH00098: pid file C:/SYSME/SGC/xampp/apache/logs/httpd.pid overwritten -- Unclean shutdown of previous Apache run?
[Fri Apr 18 12:01:00.140724 2025] [ssl:warn] [pid 5460:tid 284] AH01873: Init: Session Cache is not configured [hint: SSLSessionCache]
[Fri Apr 18 12:01:00.187606 2025] [mpm_winnt:notice] [pid 5460:tid 284] AH00455: Apache/2.4.3 (Win32) OpenSSL/1.0.1c PHP/5.4.7 configured -- resuming normal operations
[Fri Apr 18 12:01:00.187606 2025] [mpm_winnt:notice] [pid 5460:tid 284] AH00456: Server built: Aug 18 2012 12:41:37
[Fri Apr 18 12:01:00.187606 2025] [core:notice] [pid 5460:tid 284] AH00094: Command line: 'apache\\bin\\httpd.exe -d C:/SYSME/SGC/xampp/apache'
[Fri Apr 18 12:01:00.187606 2025] [mpm_winnt:notice] [pid 5460:tid 284] AH00418: Parent: Created child process 4192
[Fri Apr 18 12:01:01.125151 2025] [ssl:warn] [pid 4192:tid 292] AH01873: Init: Session Cache is not configured [hint: SSLSessionCache]
[Fri Apr 18 12:01:01.172030 2025] [mpm_winnt:notice] [pid 4192:tid 292] AH00354: Child: Starting 150 worker threads.
[Sat Apr 19 13:03:21.607712 2025] [core:warn] [pid 4888:tid 284] AH00098: pid file C:/SYSME/SGC/xampp/apache/logs/httpd.pid overwritten -- Unclean shutdown of previous Apache run?
[Sat Apr 19 13:03:21.914916 2025] [ssl:warn] [pid 4888:tid 284] AH01873: Init: Session Cache is not configured [hint: SSLSessionCache]
[Sat Apr 19 13:03:21.977957 2025] [mpm_winnt:notice] [pid 4888:tid 284] AH00455: Apache/2.4.3 (Win32) OpenSSL/1.0.1c PHP/5.4.7 configured -- resuming normal operations
[Sat Apr 19 13:03:21.977957 2025] [mpm_winnt:notice] [pid 4888:tid 284] AH00456: Server built: Aug 18 2012 12:41:37
[Sat Apr 19 13:03:21.977957 2025] [core:notice] [pid 4888:tid 284] AH00094: Command line: 'apache\\bin\\httpd.exe -d C:/SYSME/SGC/xampp/apache'
[Sat Apr 19 13:03:21.978958 2025] [mpm_winnt:notice] [pid 4888:tid 284] AH00418: Parent: Created child process 3388
[Sat Apr 19 13:03:23.160994 2025] [ssl:warn] [pid 3388:tid 292] AH01873: Init: Session Cache is not configured [hint: SSLSessionCache]
[Sat Apr 19 13:03:23.223036 2025] [mpm_winnt:notice] [pid 3388:tid 292] AH00354: Child: Starting 150 worker threads.
[Sun Apr 20 12:06:57.655539 2025] [core:warn] [pid 4512:tid 288] AH00098: pid file C:/SYSME/SGC/xampp/apache/logs/httpd.pid overwritten -- Unclean shutdown of previous Apache run?
[Sun Apr 20 12:06:57.999304 2025] [ssl:warn] [pid 4512:tid 288] AH01873: Init: Session Cache is not configured [hint: SSLSessionCache]
[Sun Apr 20 12:06:58.061807 2025] [mpm_winnt:notice] [pid 4512:tid 288] AH00455: Apache/2.4.3 (Win32) OpenSSL/1.0.1c PHP/5.4.7 configured -- resuming normal operations
[Sun Apr 20 12:06:58.061807 2025] [mpm_winnt:notice] [pid 4512:tid 288] AH00456: Server built: Aug 18 2012 12:41:37
[Sun Apr 20 12:06:58.061807 2025] [core:notice] [pid 4512:tid 288] AH00094: Command line: 'apache\\bin\\httpd.exe -d C:/SYSME/SGC/xampp/apache'
[Sun Apr 20 12:06:58.061807 2025] [mpm_winnt:notice] [pid 4512:tid 288] AH00418: Parent: Created child process 6108
[Sun Apr 20 12:06:58.905601 2025] [ssl:warn] [pid 6108:tid 292] AH01873: Init: Session Cache is not configured [hint: SSLSessionCache]
[Sun Apr 20 12:06:58.936852 2025] [mpm_winnt:notice] [pid 6108:tid 292] AH00354: Child: Starting 150 worker threads.
[Mon Apr 21 12:30:16.423971 2025] [core:warn] [pid 8172:tid 284] AH00098: pid file C:/SYSME/SGC/xampp/apache/logs/httpd.pid overwritten -- Unclean shutdown of previous Apache run?
[Mon Apr 21 12:30:16.798989 2025] [ssl:warn] [pid 8172:tid 284] AH01873: Init: Session Cache is not configured [hint: SSLSessionCache]
[Mon Apr 21 12:30:16.861493 2025] [mpm_winnt:notice] [pid 8172:tid 284] AH00455: Apache/2.4.3 (Win32) OpenSSL/1.0.1c PHP/5.4.7 configured -- resuming normal operations
[Mon Apr 21 12:30:16.861493 2025] [mpm_winnt:notice] [pid 8172:tid 284] AH00456: Server built: Aug 18 2012 12:41:37
[Mon Apr 21 12:30:16.861493 2025] [core:notice] [pid 8172:tid 284] AH00094: Command line: 'apache\\bin\\httpd.exe -d C:/SYSME/SGC/xampp/apache'
[Mon Apr 21 12:30:16.861493 2025] [mpm_winnt:notice] [pid 8172:tid 284] AH00418: Parent: Created child process 2852
[Mon Apr 21 12:30:17.752163 2025] [ssl:warn] [pid 2852:tid 296] AH01873: Init: Session Cache is not configured [hint: SSLSessionCache]
[Mon Apr 21 12:30:17.799043 2025] [mpm_winnt:notice] [pid 2852:tid 296] AH00354: Child: Starting 150 worker threads.
[Tue Apr 22 12:15:07.904331 2025] [core:warn] [pid 5784:tid 260] AH00098: pid file C:/SYSME/SGC/xampp/apache/logs/httpd.pid overwritten -- Unclean shutdown of previous Apache run?
[Tue Apr 22 12:15:08.216846 2025] [ssl:warn] [pid 5784:tid 260] AH01873: Init: Session Cache is not configured [hint: SSLSessionCache]
[Tue Apr 22 12:15:08.279349 2025] [mpm_winnt:notice] [pid 5784:tid 260] AH00455: Apache/2.4.3 (Win32) OpenSSL/1.0.1c PHP/5.4.7 configured -- resuming normal operations
[Tue Apr 22 12:15:08.279349 2025] [mpm_winnt:notice] [pid 5784:tid 260] AH00456: Server built: Aug 18 2012 12:41:37
[Tue Apr 22 12:15:08.279349 2025] [core:notice] [pid 5784:tid 260] AH00094: Command line: 'apache\\bin\\httpd.exe -d C:/SYSME/SGC/xampp/apache'
[Tue Apr 22 12:15:08.279349 2025] [mpm_winnt:notice] [pid 5784:tid 260] AH00418: Parent: Created child process 7400
[Tue Apr 22 12:15:09.154394 2025] [ssl:warn] [pid 7400:tid 300] AH01873: Init: Session Cache is not configured [hint: SSLSessionCache]
[Tue Apr 22 12:15:09.201271 2025] [mpm_winnt:notice] [pid 7400:tid 300] AH00354: Child: Starting 150 worker threads.
[Wed Apr 23 12:26:11.046186 2025] [core:warn] [pid 1252:tid 292] AH00098: pid file C:/SYSME/SGC/xampp/apache/logs/httpd.pid overwritten -- Unclean shutdown of previous Apache run?
[Wed Apr 23 12:26:11.421204 2025] [ssl:warn] [pid 1252:tid 292] AH01873: Init: Session Cache is not configured [hint: SSLSessionCache]
[Wed Apr 23 12:26:11.483708 2025] [mpm_winnt:notice] [pid 1252:tid 292] AH00455: Apache/2.4.3 (Win32) OpenSSL/1.0.1c PHP/5.4.7 configured -- resuming normal operations
[Wed Apr 23 12:26:11.483708 2025] [mpm_winnt:notice] [pid 1252:tid 292] AH00456: Server built: Aug 18 2012 12:41:37
[Wed Apr 23 12:26:11.483708 2025] [core:notice] [pid 1252:tid 292] AH00094: Command line: 'apache\\bin\\httpd.exe -d C:/SYSME/SGC/xampp/apache'
[Wed Apr 23 12:26:11.483708 2025] [mpm_winnt:notice] [pid 1252:tid 292] AH00418: Parent: Created child process 2132
[Wed Apr 23 12:26:12.421255 2025] [ssl:warn] [pid 2132:tid 296] AH01873: Init: Session Cache is not configured [hint: SSLSessionCache]
[Wed Apr 23 12:26:12.468133 2025] [mpm_winnt:notice] [pid 2132:tid 296] AH00354: Child: Starting 150 worker threads.
[Thu Apr 24 12:23:39.453161 2025] [core:warn] [pid 1152:tid 288] AH00098: pid file C:/SYSME/SGC/xampp/apache/logs/httpd.pid overwritten -- Unclean shutdown of previous Apache run?
[Thu Apr 24 12:23:39.796928 2025] [ssl:warn] [pid 1152:tid 288] AH01873: Init: Session Cache is not configured [hint: SSLSessionCache]
[Thu Apr 24 12:23:39.859433 2025] [mpm_winnt:notice] [pid 1152:tid 288] AH00455: Apache/2.4.3 (Win32) OpenSSL/1.0.1c PHP/5.4.7 configured -- resuming normal operations
[Thu Apr 24 12:23:39.859433 2025] [mpm_winnt:notice] [pid 1152:tid 288] AH00456: Server built: Aug 18 2012 12:41:37
[Thu Apr 24 12:23:39.859433 2025] [core:notice] [pid 1152:tid 288] AH00094: Command line: 'apache\\bin\\httpd.exe -d C:/SYSME/SGC/xampp/apache'
[Thu Apr 24 12:23:39.859433 2025] [mpm_winnt:notice] [pid 1152:tid 288] AH00418: Parent: Created child process 3744
[Thu Apr 24 12:23:40.734478 2025] [ssl:warn] [pid 3744:tid 300] AH01873: Init: Session Cache is not configured [hint: SSLSessionCache]
[Thu Apr 24 12:23:40.781357 2025] [mpm_winnt:notice] [pid 3744:tid 300] AH00354: Child: Starting 150 worker threads.
[Fri Apr 25 12:28:51.039622 2025] [core:warn] [pid 5916:tid 288] AH00098: pid file C:/SYSME/SGC/xampp/apache/logs/httpd.pid overwritten -- Unclean shutdown of previous Apache run?
[Fri Apr 25 12:28:51.399016 2025] [ssl:warn] [pid 5916:tid 288] AH01873: Init: Session Cache is not configured [hint: SSLSessionCache]
[Fri Apr 25 12:28:51.461519 2025] [mpm_winnt:notice] [pid 5916:tid 288] AH00455: Apache/2.4.3 (Win32) OpenSSL/1.0.1c PHP/5.4.7 configured -- resuming normal operations
[Fri Apr 25 12:28:51.461519 2025] [mpm_winnt:notice] [pid 5916:tid 288] AH00456: Server built: Aug 18 2012 12:41:37
[Fri Apr 25 12:28:51.461519 2025] [core:notice] [pid 5916:tid 288] AH00094: Command line: 'apache\\bin\\httpd.exe -d C:/SYSME/SGC/xampp/apache'
[Fri Apr 25 12:28:51.461519 2025] [mpm_winnt:notice] [pid 5916:tid 288] AH00418: Parent: Created child process 4624
[Fri Apr 25 12:28:52.524076 2025] [ssl:warn] [pid 4624:tid 296] AH01873: Init: Session Cache is not configured [hint: SSLSessionCache]
[Fri Apr 25 12:28:52.570957 2025] [mpm_winnt:notice] [pid 4624:tid 296] AH00354: Child: Starting 150 worker threads.
[Sat Apr 26 12:36:54.826126 2025] [core:warn] [pid 5560:tid 288] AH00098: pid file C:/SYSME/SGC/xampp/apache/logs/httpd.pid overwritten -- Unclean shutdown of previous Apache run?
[Sat Apr 26 12:36:55.181365 2025] [ssl:warn] [pid 5560:tid 288] AH01873: Init: Session Cache is not configured [hint: SSLSessionCache]
[Sat Apr 26 12:36:55.241406 2025] [mpm_winnt:notice] [pid 5560:tid 288] AH00455: Apache/2.4.3 (Win32) OpenSSL/1.0.1c PHP/5.4.7 configured -- resuming normal operations
[Sat Apr 26 12:36:55.241406 2025] [mpm_winnt:notice] [pid 5560:tid 288] AH00456: Server built: Aug 18 2012 12:41:37
[Sat Apr 26 12:36:55.241406 2025] [core:notice] [pid 5560:tid 288] AH00094: Command line: 'apache\\bin\\httpd.exe -d C:/SYSME/SGC/xampp/apache'
[Sat Apr 26 12:36:55.242406 2025] [mpm_winnt:notice] [pid 5560:tid 288] AH00418: Parent: Created child process 3012
[Sat Apr 26 12:36:56.165569 2025] [ssl:warn] [pid 3012:tid 292] AH01873: Init: Session Cache is not configured [hint: SSLSessionCache]
[Sat Apr 26 12:36:56.210598 2025] [mpm_winnt:notice] [pid 3012:tid 292] AH00354: Child: Starting 150 worker threads.
[Sat Apr 26 20:45:34.404237 2025] [core:warn] [pid 3736:tid 296] AH00098: pid file C:/SYSME/SGC/xampp/apache/logs/httpd.pid overwritten -- Unclean shutdown of previous Apache run?
[Sat Apr 26 20:45:34.779255 2025] [ssl:warn] [pid 3736:tid 296] AH01873: Init: Session Cache is not configured [hint: SSLSessionCache]
[Sat Apr 26 20:45:34.826132 2025] [mpm_winnt:notice] [pid 3736:tid 296] AH00455: Apache/2.4.3 (Win32) OpenSSL/1.0.1c PHP/5.4.7 configured -- resuming normal operations
[Sat Apr 26 20:45:34.826132 2025] [mpm_winnt:notice] [pid 3736:tid 296] AH00456: Server built: Aug 18 2012 12:41:37
[Sat Apr 26 20:45:34.826132 2025] [core:notice] [pid 3736:tid 296] AH00094: Command line: 'apache\\bin\\httpd.exe -d C:/SYSME/SGC/xampp/apache'
[Sat Apr 26 20:45:34.826132 2025] [mpm_winnt:notice] [pid 3736:tid 296] AH00418: Parent: Created child process 3604
[Sat Apr 26 20:45:35.779305 2025] [ssl:warn] [pid 3604:tid 292] AH01873: Init: Session Cache is not configured [hint: SSLSessionCache]
[Sat Apr 26 20:45:35.826184 2025] [mpm_winnt:notice] [pid 3604:tid 292] AH00354: Child: Starting 150 worker threads.
[Sun Apr 27 12:22:58.432558 2025] [core:warn] [pid 4052:tid 288] AH00098: pid file C:/SYSME/SGC/xampp/apache/logs/httpd.pid overwritten -- Unclean shutdown of previous Apache run?
[Sun Apr 27 12:22:58.729447 2025] [ssl:warn] [pid 4052:tid 288] AH01873: Init: Session Cache is not configured [hint: SSLSessionCache]
[Sun Apr 27 12:22:58.791950 2025] [mpm_winnt:notice] [pid 4052:tid 288] AH00455: Apache/2.4.3 (Win32) OpenSSL/1.0.1c PHP/5.4.7 configured -- resuming normal operations
[Sun Apr 27 12:22:58.791950 2025] [mpm_winnt:notice] [pid 4052:tid 288] AH00456: Server built: Aug 18 2012 12:41:37
[Sun Apr 27 12:22:58.791950 2025] [core:notice] [pid 4052:tid 288] AH00094: Command line: 'apache\\bin\\httpd.exe -d C:/SYSME/SGC/xampp/apache'
[Sun Apr 27 12:22:58.791950 2025] [mpm_winnt:notice] [pid 4052:tid 288] AH00418: Parent: Created child process 3616
[Sun Apr 27 12:22:59.651534 2025] [ssl:warn] [pid 3616:tid 292] AH01873: Init: Session Cache is not configured [hint: SSLSessionCache]
[Sun Apr 27 12:22:59.698410 2025] [mpm_winnt:notice] [pid 3616:tid 292] AH00354: Child: Starting 150 worker threads.
[Mon Apr 28 12:21:12.213813 2025] [core:warn] [pid 5472:tid 292] AH00098: pid file C:/SYSME/SGC/xampp/apache/logs/httpd.pid overwritten -- Unclean shutdown of previous Apache run?
[Mon Apr 28 12:21:12.666965 2025] [ssl:warn] [pid 5472:tid 292] AH01873: Init: Session Cache is not configured [hint: SSLSessionCache]
[Mon Apr 28 12:21:12.713840 2025] [mpm_winnt:notice] [pid 5472:tid 292] AH00455: Apache/2.4.3 (Win32) OpenSSL/1.0.1c PHP/5.4.7 configured -- resuming normal operations
[Mon Apr 28 12:21:12.713840 2025] [mpm_winnt:notice] [pid 5472:tid 292] AH00456: Server built: Aug 18 2012 12:41:37
[Mon Apr 28 12:21:12.713840 2025] [core:notice] [pid 5472:tid 292] AH00094: Command line: 'apache\\bin\\httpd.exe -d C:/SYSME/SGC/xampp/apache'
[Mon Apr 28 12:21:12.713840 2025] [mpm_winnt:notice] [pid 5472:tid 292] AH00418: Parent: Created child process 2296
[Mon Apr 28 12:21:13.682639 2025] [ssl:warn] [pid 2296:tid 292] AH01873: Init: Session Cache is not configured [hint: SSLSessionCache]
[Mon Apr 28 12:21:13.729517 2025] [mpm_winnt:notice] [pid 2296:tid 292] AH00354: Child: Starting 150 worker threads.
[Tue Apr 29 12:20:52.631721 2025] [core:warn] [pid 5128:tid 288] AH00098: pid file C:/SYSME/SGC/xampp/apache/logs/httpd.pid overwritten -- Unclean shutdown of previous Apache run?
[Tue Apr 29 12:20:52.975461 2025] [ssl:warn] [pid 5128:tid 288] AH01873: Init: Session Cache is not configured [hint: SSLSessionCache]
[Tue Apr 29 12:20:53.022340 2025] [mpm_winnt:notice] [pid 5128:tid 288] AH00455: Apache/2.4.3 (Win32) OpenSSL/1.0.1c PHP/5.4.7 configured -- resuming normal operations
[Tue Apr 29 12:20:53.022340 2025] [mpm_winnt:notice] [pid 5128:tid 288] AH00456: Server built: Aug 18 2012 12:41:37
[Tue Apr 29 12:20:53.022340 2025] [core:notice] [pid 5128:tid 288] AH00094: Command line: 'apache\\bin\\httpd.exe -d C:/SYSME/SGC/xampp/apache'
[Tue Apr 29 12:20:53.037966 2025] [mpm_winnt:notice] [pid 5128:tid 288] AH00418: Parent: Created child process 4732
[Tue Apr 29 12:20:54.006934 2025] [ssl:warn] [pid 4732:tid 296] AH01873: Init: Session Cache is not configured [hint: SSLSessionCache]
[Tue Apr 29 12:20:54.053812 2025] [mpm_winnt:notice] [pid 4732:tid 296] AH00354: Child: Starting 150 worker threads.
[Wed Apr 30 12:26:33.885242 2025] [core:warn] [pid 2636:tid 292] AH00098: pid file C:/SYSME/SGC/xampp/apache/logs/httpd.pid overwritten -- Unclean shutdown of previous Apache run?
[Wed Apr 30 12:26:34.197757 2025] [ssl:warn] [pid 2636:tid 292] AH01873: Init: Session Cache is not configured [hint: SSLSessionCache]
[Wed Apr 30 12:26:34.260262 2025] [mpm_winnt:notice] [pid 2636:tid 292] AH00455: Apache/2.4.3 (Win32) OpenSSL/1.0.1c PHP/5.4.7 configured -- resuming normal operations
[Wed Apr 30 12:26:34.260262 2025] [mpm_winnt:notice] [pid 2636:tid 292] AH00456: Server built: Aug 18 2012 12:41:37
[Wed Apr 30 12:26:34.260262 2025] [core:notice] [pid 2636:tid 292] AH00094: Command line: 'apache\\bin\\httpd.exe -d C:/SYSME/SGC/xampp/apache'
[Wed Apr 30 12:26:34.260262 2025] [mpm_winnt:notice] [pid 2636:tid 292] AH00418: Parent: Created child process 4292
[Wed Apr 30 12:26:35.182182 2025] [ssl:warn] [pid 4292:tid 292] AH01873: Init: Session Cache is not configured [hint: SSLSessionCache]
[Wed Apr 30 12:26:35.244686 2025] [mpm_winnt:notice] [pid 4292:tid 292] AH00354: Child: Starting 150 worker threads.
[Thu May 01 12:27:41.515009 2025] [core:warn] [pid 3132:tid 296] AH00098: pid file C:/SYSME/SGC/xampp/apache/logs/httpd.pid overwritten -- Unclean shutdown of previous Apache run?
[Thu May 01 12:27:41.952532 2025] [ssl:warn] [pid 3132:tid 296] AH01873: Init: Session Cache is not configured [hint: SSLSessionCache]
[Thu May 01 12:27:42.015036 2025] [mpm_winnt:notice] [pid 3132:tid 296] AH00455: Apache/2.4.3 (Win32) OpenSSL/1.0.1c PHP/5.4.7 configured -- resuming normal operations
[Thu May 01 12:27:42.015036 2025] [mpm_winnt:notice] [pid 3132:tid 296] AH00456: Server built: Aug 18 2012 12:41:37
[Thu May 01 12:27:42.015036 2025] [core:notice] [pid 3132:tid 296] AH00094: Command line: 'apache\\bin\\httpd.exe -d C:/SYSME/SGC/xampp/apache'
[Thu May 01 12:27:42.015036 2025] [mpm_winnt:notice] [pid 3132:tid 296] AH00418: Parent: Created child process 2352
[Thu May 01 12:27:42.936957 2025] [ssl:warn] [pid 2352:tid 304] AH01873: Init: Session Cache is not configured [hint: SSLSessionCache]
[Thu May 01 12:27:42.968210 2025] [mpm_winnt:notice] [pid 2352:tid 304] AH00354: Child: Starting 150 worker threads.
[Fri May 02 12:24:12.848272 2025] [core:warn] [pid 4536:tid 372] AH00098: pid file C:/SYSME/SGC/xampp/apache/logs/httpd.pid overwritten -- Unclean shutdown of previous Apache run?
[Fri May 02 12:24:13.348297 2025] [ssl:warn] [pid 4536:tid 372] AH01873: Init: Session Cache is not configured [hint: SSLSessionCache]
[Fri May 02 12:24:13.988956 2025] [mpm_winnt:notice] [pid 4536:tid 372] AH00455: Apache/2.4.3 (Win32) OpenSSL/1.0.1c PHP/5.4.7 configured -- resuming normal operations
[Fri May 02 12:24:13.988956 2025] [mpm_winnt:notice] [pid 4536:tid 372] AH00456: Server built: Aug 18 2012 12:41:37
[Fri May 02 12:24:13.988956 2025] [core:notice] [pid 4536:tid 372] AH00094: Command line: 'apache\\bin\\httpd.exe -d C:/SYSME/SGC/xampp/apache'
[Fri May 02 12:24:14.004581 2025] [mpm_winnt:notice] [pid 4536:tid 372] AH00418: Parent: Created child process 4524
[Fri May 02 12:24:15.067134 2025] [ssl:warn] [pid 4524:tid 304] AH01873: Init: Session Cache is not configured [hint: SSLSessionCache]
[Fri May 02 12:24:15.114012 2025] [mpm_winnt:notice] [pid 4524:tid 304] AH00354: Child: Starting 150 worker threads.
[Sat May 03 12:10:24.213057 2025] [core:warn] [pid 2644:tid 284] AH00098: pid file C:/SYSME/SGC/xampp/apache/logs/httpd.pid overwritten -- Unclean shutdown of previous Apache run?
[Sat May 03 12:10:24.588074 2025] [ssl:warn] [pid 2644:tid 284] AH01873: Init: Session Cache is not configured [hint: SSLSessionCache]
[Sat May 03 12:10:24.650578 2025] [mpm_winnt:notice] [pid 2644:tid 284] AH00455: Apache/2.4.3 (Win32) OpenSSL/1.0.1c PHP/5.4.7 configured -- resuming normal operations
[Sat May 03 12:10:24.650578 2025] [mpm_winnt:notice] [pid 2644:tid 284] AH00456: Server built: Aug 18 2012 12:41:37
[Sat May 03 12:10:24.650578 2025] [core:notice] [pid 2644:tid 284] AH00094: Command line: 'apache\\bin\\httpd.exe -d C:/SYSME/SGC/xampp/apache'
[Sat May 03 12:10:24.650578 2025] [mpm_winnt:notice] [pid 2644:tid 284] AH00418: Parent: Created child process 352
[Sat May 03 12:10:25.572499 2025] [ssl:warn] [pid 352:tid 296] AH01873: Init: Session Cache is not configured [hint: SSLSessionCache]
[Sat May 03 12:10:25.619379 2025] [mpm_winnt:notice] [pid 352:tid 296] AH00354: Child: Starting 150 worker threads.
[Sat May 03 19:03:03.073883 2025] [core:warn] [pid 3416:tid 292] AH00098: pid file C:/SYSME/SGC/xampp/apache/logs/httpd.pid overwritten -- Unclean shutdown of previous Apache run?
[Sat May 03 19:03:03.498166 2025] [ssl:warn] [pid 3416:tid 292] AH01873: Init: Session Cache is not configured [hint: SSLSessionCache]
[Sat May 03 19:03:03.612243 2025] [mpm_winnt:notice] [pid 3416:tid 292] AH00455: Apache/2.4.3 (Win32) OpenSSL/1.0.1c PHP/5.4.7 configured -- resuming normal operations
[Sat May 03 19:03:03.612243 2025] [mpm_winnt:notice] [pid 3416:tid 292] AH00456: Server built: Aug 18 2012 12:41:37
[Sat May 03 19:03:03.612243 2025] [core:notice] [pid 3416:tid 292] AH00094: Command line: 'apache\\bin\\httpd.exe -d C:/SYSME/SGC/xampp/apache'
[Sat May 03 19:03:03.613243 2025] [mpm_winnt:notice] [pid 3416:tid 292] AH00418: Parent: Created child process 516
[Sat May 03 19:03:04.691960 2025] [ssl:warn] [pid 516:tid 292] AH01873: Init: Session Cache is not configured [hint: SSLSessionCache]
[Sat May 03 19:03:04.745997 2025] [mpm_winnt:notice] [pid 516:tid 292] AH00354: Child: Starting 150 worker threads.
[Sun May 04 12:15:43.214246 2025] [core:warn] [pid 4016:tid 292] AH00098: pid file C:/SYSME/SGC/xampp/apache/logs/httpd.pid overwritten -- Unclean shutdown of previous Apache run?
[Sun May 04 12:15:43.526751 2025] [ssl:warn] [pid 4016:tid 292] AH01873: Init: Session Cache is not configured [hint: SSLSessionCache]
[Sun May 04 12:15:43.589253 2025] [mpm_winnt:notice] [pid 4016:tid 292] AH00455: Apache/2.4.3 (Win32) OpenSSL/1.0.1c PHP/5.4.7 configured -- resuming normal operations
[Sun May 04 12:15:43.589253 2025] [mpm_winnt:notice] [pid 4016:tid 292] AH00456: Server built: Aug 18 2012 12:41:37
[Sun May 04 12:15:43.589253 2025] [core:notice] [pid 4016:tid 292] AH00094: Command line: 'apache\\bin\\httpd.exe -d C:/SYSME/SGC/xampp/apache'
[Sun May 04 12:15:43.589253 2025] [mpm_winnt:notice] [pid 4016:tid 292] AH00418: Parent: Created child process 736
[Sun May 04 12:15:44.542593 2025] [ssl:warn] [pid 736:tid 292] AH01873: Init: Session Cache is not configured [hint: SSLSessionCache]
[Sun May 04 12:15:44.589471 2025] [mpm_winnt:notice] [pid 736:tid 292] AH00354: Child: Starting 150 worker threads.
[Mon May 05 12:18:04.035520 2025] [core:warn] [pid 2444:tid 288] AH00098: pid file C:/SYSME/SGC/xampp/apache/logs/httpd.pid overwritten -- Unclean shutdown of previous Apache run?
[Mon May 05 12:18:04.363650 2025] [ssl:warn] [pid 2444:tid 288] AH01873: Init: Session Cache is not configured [hint: SSLSessionCache]
[Mon May 05 12:18:04.426154 2025] [mpm_winnt:notice] [pid 2444:tid 288] AH00455: Apache/2.4.3 (Win32) OpenSSL/1.0.1c PHP/5.4.7 configured -- resuming normal operations
[Mon May 05 12:18:04.426154 2025] [mpm_winnt:notice] [pid 2444:tid 288] AH00456: Server built: Aug 18 2012 12:41:37
[Mon May 05 12:18:04.426154 2025] [core:notice] [pid 2444:tid 288] AH00094: Command line: 'apache\\bin\\httpd.exe -d C:/SYSME/SGC/xampp/apache'
[Mon May 05 12:18:04.426154 2025] [mpm_winnt:notice] [pid 2444:tid 288] AH00418: Parent: Created child process 6096
[Mon May 05 12:18:05.426205 2025] [ssl:warn] [pid 6096:tid 300] AH01873: Init: Session Cache is not configured [hint: SSLSessionCache]
[Mon May 05 12:18:05.473080 2025] [mpm_winnt:notice] [pid 6096:tid 300] AH00354: Child: Starting 150 worker threads.
[Tue May 06 12:26:03.949389 2025] [core:warn] [pid 732:tid 300] AH00098: pid file C:/SYSME/SGC/xampp/apache/logs/httpd.pid overwritten -- Unclean shutdown of previous Apache run?
[Tue May 06 12:26:04.261904 2025] [ssl:warn] [pid 732:tid 300] AH01873: Init: Session Cache is not configured [hint: SSLSessionCache]
[Tue May 06 12:26:04.324408 2025] [mpm_winnt:notice] [pid 732:tid 300] AH00455: Apache/2.4.3 (Win32) OpenSSL/1.0.1c PHP/5.4.7 configured -- resuming normal operations
[Tue May 06 12:26:04.324408 2025] [mpm_winnt:notice] [pid 732:tid 300] AH00456: Server built: Aug 18 2012 12:41:37
[Tue May 06 12:26:04.324408 2025] [core:notice] [pid 732:tid 300] AH00094: Command line: 'apache\\bin\\httpd.exe -d C:/SYSME/SGC/xampp/apache'
[Tue May 06 12:26:04.324408 2025] [mpm_winnt:notice] [pid 732:tid 300] AH00418: Parent: Created child process 3880
[Tue May 06 12:26:05.230704 2025] [ssl:warn] [pid 3880:tid 296] AH01873: Init: Session Cache is not configured [hint: SSLSessionCache]
[Tue May 06 12:26:05.277582 2025] [mpm_winnt:notice] [pid 3880:tid 296] AH00354: Child: Starting 150 worker threads.
[Tue May 06 16:07:46.380359 2025] [core:warn] [pid 2836:tid 284] AH00098: pid file C:/SYSME/SGC/xampp/apache/logs/httpd.pid overwritten -- Unclean shutdown of previous Apache run?
[Tue May 06 16:07:46.771003 2025] [ssl:warn] [pid 2836:tid 284] AH01873: Init: Session Cache is not configured [hint: SSLSessionCache]
[Tue May 06 16:07:46.833506 2025] [mpm_winnt:notice] [pid 2836:tid 284] AH00455: Apache/2.4.3 (Win32) OpenSSL/1.0.1c PHP/5.4.7 configured -- resuming normal operations
[Tue May 06 16:07:46.833506 2025] [mpm_winnt:notice] [pid 2836:tid 284] AH00456: Server built: Aug 18 2012 12:41:37
[Tue May 06 16:07:46.833506 2025] [core:notice] [pid 2836:tid 284] AH00094: Command line: 'apache\\bin\\httpd.exe -d C:/SYSME/SGC/xampp/apache'
[Tue May 06 16:07:46.833506 2025] [mpm_winnt:notice] [pid 2836:tid 284] AH00418: Parent: Created child process 3208
[Tue May 06 16:07:48.036694 2025] [ssl:warn] [pid 3208:tid 292] AH01873: Init: Session Cache is not configured [hint: SSLSessionCache]
[Tue May 06 16:07:48.099197 2025] [mpm_winnt:notice] [pid 3208:tid 292] AH00354: Child: Starting 150 worker threads.
[Wed May 07 12:18:28.897289 2025] [core:warn] [pid 304:tid 288] AH00098: pid file C:/SYSME/SGC/xampp/apache/logs/httpd.pid overwritten -- Unclean shutdown of previous Apache run?
[Wed May 07 12:18:29.209788 2025] [ssl:warn] [pid 304:tid 288] AH01873: Init: Session Cache is not configured [hint: SSLSessionCache]
[Wed May 07 12:18:29.272292 2025] [mpm_winnt:notice] [pid 304:tid 288] AH00455: Apache/2.4.3 (Win32) OpenSSL/1.0.1c PHP/5.4.7 configured -- resuming normal operations
[Wed May 07 12:18:29.272292 2025] [mpm_winnt:notice] [pid 304:tid 288] AH00456: Server built: Aug 18 2012 12:41:37
[Wed May 07 12:18:29.272292 2025] [core:notice] [pid 304:tid 288] AH00094: Command line: 'apache\\bin\\httpd.exe -d C:/SYSME/SGC/xampp/apache'
[Wed May 07 12:18:29.272292 2025] [mpm_winnt:notice] [pid 304:tid 288] AH00418: Parent: Created child process 1748
[Wed May 07 12:18:30.303675 2025] [ssl:warn] [pid 1748:tid 292] AH01873: Init: Session Cache is not configured [hint: SSLSessionCache]
[Wed May 07 12:18:30.350553 2025] [mpm_winnt:notice] [pid 1748:tid 292] AH00354: Child: Starting 150 worker threads.
[Wed May 07 14:50:30.589718 2025] [core:warn] [pid 2712:tid 288] AH00098: pid file C:/SYSME/SGC/xampp/apache/logs/httpd.pid overwritten -- Unclean shutdown of previous Apache run?
[Wed May 07 14:50:31.273173 2025] [ssl:warn] [pid 2712:tid 288] AH01873: Init: Session Cache is not configured [hint: SSLSessionCache]
[Wed May 07 14:50:31.425279 2025] [mpm_winnt:notice] [pid 2712:tid 288] AH00455: Apache/2.4.3 (Win32) OpenSSL/1.0.1c PHP/5.4.7 configured -- resuming normal operations
[Wed May 07 14:50:31.425279 2025] [mpm_winnt:notice] [pid 2712:tid 288] AH00456: Server built: Aug 18 2012 12:41:37
[Wed May 07 14:50:31.426277 2025] [core:notice] [pid 2712:tid 288] AH00094: Command line: 'apache\\bin\\httpd.exe -d C:/SYSME/SGC/xampp/apache'
[Wed May 07 14:50:31.430280 2025] [mpm_winnt:notice] [pid 2712:tid 288] AH00418: Parent: Created child process 3288
[Wed May 07 14:50:33.282515 2025] [ssl:warn] [pid 3288:tid 308] AH01873: Init: Session Cache is not configured [hint: SSLSessionCache]
[Wed May 07 14:50:33.344557 2025] [mpm_winnt:notice] [pid 3288:tid 308] AH00354: Child: Starting 150 worker threads.
[Wed May 07 18:38:06.667414 2025] [core:warn] [pid 3580:tid 284] AH00098: pid file C:/SYSME/SGC/xampp/apache/logs/httpd.pid overwritten -- Unclean shutdown of previous Apache run?
[Wed May 07 18:38:06.948678 2025] [ssl:warn] [pid 3580:tid 284] AH01873: Init: Session Cache is not configured [hint: SSLSessionCache]
[Wed May 07 18:38:06.995555 2025] [mpm_winnt:notice] [pid 3580:tid 284] AH00455: Apache/2.4.3 (Win32) OpenSSL/1.0.1c PHP/5.4.7 configured -- resuming normal operations
[Wed May 07 18:38:06.995555 2025] [mpm_winnt:notice] [pid 3580:tid 284] AH00456: Server built: Aug 18 2012 12:41:37
[Wed May 07 18:38:06.995555 2025] [core:notice] [pid 3580:tid 284] AH00094: Command line: 'apache\\bin\\httpd.exe -d C:/SYSME/SGC/xampp/apache'
[Wed May 07 18:38:06.995555 2025] [mpm_winnt:notice] [pid 3580:tid 284] AH00418: Parent: Created child process 3592
[Wed May 07 18:38:07.870599 2025] [ssl:warn] [pid 3592:tid 292] AH01873: Init: Session Cache is not configured [hint: SSLSessionCache]
[Wed May 07 18:38:07.917477 2025] [mpm_winnt:notice] [pid 3592:tid 292] AH00354: Child: Starting 150 worker threads.
[Thu May 08 12:31:47.039375 2025] [core:warn] [pid 3928:tid 288] AH00098: pid file C:/SYSME/SGC/xampp/apache/logs/httpd.pid overwritten -- Unclean shutdown of previous Apache run?
[Thu May 08 12:31:47.351881 2025] [ssl:warn] [pid 3928:tid 288] AH01873: Init: Session Cache is not configured [hint: SSLSessionCache]
[Thu May 08 12:31:47.414383 2025] [mpm_winnt:notice] [pid 3928:tid 288] AH00455: Apache/2.4.3 (Win32) OpenSSL/1.0.1c PHP/5.4.7 configured -- resuming normal operations
[Thu May 08 12:31:47.414383 2025] [mpm_winnt:notice] [pid 3928:tid 288] AH00456: Server built: Aug 18 2012 12:41:37
[Thu May 08 12:31:47.414383 2025] [core:notice] [pid 3928:tid 288] AH00094: Command line: 'apache\\bin\\httpd.exe -d C:/SYSME/SGC/xampp/apache'
[Thu May 08 12:31:47.414383 2025] [mpm_winnt:notice] [pid 3928:tid 288] AH00418: Parent: Created child process 5744
[Thu May 08 12:31:48.273802 2025] [ssl:warn] [pid 5744:tid 296] AH01873: Init: Session Cache is not configured [hint: SSLSessionCache]
[Thu May 08 12:31:48.320679 2025] [mpm_winnt:notice] [pid 5744:tid 296] AH00354: Child: Starting 150 worker threads.
[Fri May 09 12:28:42.170158 2025] [core:warn] [pid 3816:tid 288] AH00098: pid file C:/SYSME/SGC/xampp/apache/logs/httpd.pid overwritten -- Unclean shutdown of previous Apache run?
[Fri May 09 12:28:42.498300 2025] [ssl:warn] [pid 3816:tid 288] AH01873: Init: Session Cache is not configured [hint: SSLSessionCache]
[Fri May 09 12:28:42.560805 2025] [mpm_winnt:notice] [pid 3816:tid 288] AH00455: Apache/2.4.3 (Win32) OpenSSL/1.0.1c PHP/5.4.7 configured -- resuming normal operations
[Fri May 09 12:28:42.560805 2025] [mpm_winnt:notice] [pid 3816:tid 288] AH00456: Server built: Aug 18 2012 12:41:37
[Fri May 09 12:28:42.560805 2025] [core:notice] [pid 3816:tid 288] AH00094: Command line: 'apache\\bin\\httpd.exe -d C:/SYSME/SGC/xampp/apache'
[Fri May 09 12:28:42.560805 2025] [mpm_winnt:notice] [pid 3816:tid 288] AH00418: Parent: Created child process 1816
[Fri May 09 12:28:43.576480 2025] [ssl:warn] [pid 1816:tid 296] AH01873: Init: Session Cache is not configured [hint: SSLSessionCache]
[Fri May 09 12:28:43.638984 2025] [mpm_winnt:notice] [pid 1816:tid 296] AH00354: Child: Starting 150 worker threads.
[Fri May 09 18:09:24.119923 2025] [core:warn] [pid 4844:tid 284] AH00098: pid file C:/SYSME/SGC/xampp/apache/logs/httpd.pid overwritten -- Unclean shutdown of previous Apache run?
[Fri May 09 18:09:24.616252 2025] [ssl:warn] [pid 4844:tid 284] AH01873: Init: Session Cache is not configured [hint: SSLSessionCache]
[Fri May 09 18:09:24.686300 2025] [mpm_winnt:notice] [pid 4844:tid 284] AH00455: Apache/2.4.3 (Win32) OpenSSL/1.0.1c PHP/5.4.7 configured -- resuming normal operations
[Fri May 09 18:09:24.686300 2025] [mpm_winnt:notice] [pid 4844:tid 284] AH00456: Server built: Aug 18 2012 12:41:37
[Fri May 09 18:09:24.686300 2025] [core:notice] [pid 4844:tid 284] AH00094: Command line: 'apache\\bin\\httpd.exe -d C:/SYSME/SGC/xampp/apache'
[Fri May 09 18:09:24.687300 2025] [mpm_winnt:notice] [pid 4844:tid 284] AH00418: Parent: Created child process 4860
[Fri May 09 18:09:25.926126 2025] [ssl:warn] [pid 4860:tid 292] AH01873: Init: Session Cache is not configured [hint: SSLSessionCache]
[Fri May 09 18:09:26.016186 2025] [mpm_winnt:notice] [pid 4860:tid 292] AH00354: Child: Starting 150 worker threads.
[Sat May 10 12:49:40.116285 2025] [core:warn] [pid 5912:tid 296] AH00098: pid file C:/SYSME/SGC/xampp/apache/logs/httpd.pid overwritten -- Unclean shutdown of previous Apache run?
[Sat May 10 12:49:40.477527 2025] [ssl:warn] [pid 5912:tid 296] AH01873: Init: Session Cache is not configured [hint: SSLSessionCache]
[Sat May 10 12:49:40.533184 2025] [mpm_winnt:notice] [pid 5912:tid 296] AH00455: Apache/2.4.3 (Win32) OpenSSL/1.0.1c PHP/5.4.7 configured -- resuming normal operations
[Sat May 10 12:49:40.533184 2025] [mpm_winnt:notice] [pid 5912:tid 296] AH00456: Server built: Aug 18 2012 12:41:37
[Sat May 10 12:49:40.533184 2025] [core:notice] [pid 5912:tid 296] AH00094: Command line: 'apache\\bin\\httpd.exe -d C:/SYSME/SGC/xampp/apache'
[Sat May 10 12:49:40.548809 2025] [mpm_winnt:notice] [pid 5912:tid 296] AH00418: Parent: Created child process 5344
[Sat May 10 12:49:41.477208 2025] [ssl:warn] [pid 5344:tid 292] AH01873: Init: Session Cache is not configured [hint: SSLSessionCache]
[Sat May 10 12:49:41.544253 2025] [mpm_winnt:notice] [pid 5344:tid 292] AH00354: Child: Starting 150 worker threads.
[Sun May 11 12:00:40.543225 2025] [core:warn] [pid 4996:tid 300] AH00098: pid file C:/SYSME/SGC/xampp/apache/logs/httpd.pid overwritten -- Unclean shutdown of previous Apache run?
[Sun May 11 12:00:40.871348 2025] [ssl:warn] [pid 4996:tid 300] AH01873: Init: Session Cache is not configured [hint: SSLSessionCache]
[Sun May 11 12:00:40.933852 2025] [mpm_winnt:notice] [pid 4996:tid 300] AH00455: Apache/2.4.3 (Win32) OpenSSL/1.0.1c PHP/5.4.7 configured -- resuming normal operations
[Sun May 11 12:00:40.933852 2025] [mpm_winnt:notice] [pid 4996:tid 300] AH00456: Server built: Aug 18 2012 12:41:37
[Sun May 11 12:00:40.933852 2025] [core:notice] [pid 4996:tid 300] AH00094: Command line: 'apache\\bin\\httpd.exe -d C:/SYSME/SGC/xampp/apache'
[Sun May 11 12:00:40.933852 2025] [mpm_winnt:notice] [pid 4996:tid 300] AH00418: Parent: Created child process 3616
[Sun May 11 12:00:41.746394 2025] [ssl:warn] [pid 3616:tid 292] AH01873: Init: Session Cache is not configured [hint: SSLSessionCache]
[Sun May 11 12:00:41.793273 2025] [mpm_winnt:notice] [pid 3616:tid 292] AH00354: Child: Starting 150 worker threads.
[Mon May 12 12:30:50.278643 2025] [core:warn] [pid 2404:tid 284] AH00098: pid file C:/SYSME/SGC/xampp/apache/logs/httpd.pid overwritten -- Unclean shutdown of previous Apache run?
[Mon May 12 12:30:50.638036 2025] [ssl:warn] [pid 2404:tid 284] AH01873: Init: Session Cache is not configured [hint: SSLSessionCache]
[Mon May 12 12:30:50.684914 2025] [mpm_winnt:notice] [pid 2404:tid 284] AH00455: Apache/2.4.3 (Win32) OpenSSL/1.0.1c PHP/5.4.7 configured -- resuming normal operations
[Mon May 12 12:30:50.684914 2025] [mpm_winnt:notice] [pid 2404:tid 284] AH00456: Server built: Aug 18 2012 12:41:37
[Mon May 12 12:30:50.684914 2025] [core:notice] [pid 2404:tid 284] AH00094: Command line: 'apache\\bin\\httpd.exe -d C:/SYSME/SGC/xampp/apache'
[Mon May 12 12:30:50.684914 2025] [mpm_winnt:notice] [pid 2404:tid 284] AH00418: Parent: Created child process 4820
[Mon May 12 12:30:51.684965 2025] [ssl:warn] [pid 4820:tid 292] AH01873: Init: Session Cache is not configured [hint: SSLSessionCache]
[Mon May 12 12:30:51.731843 2025] [mpm_winnt:notice] [pid 4820:tid 292] AH00354: Child: Starting 150 worker threads.
[Tue May 13 12:22:59.442055 2025] [core:warn] [pid 4960:tid 260] AH00098: pid file C:/SYSME/SGC/xampp/apache/logs/httpd.pid overwritten -- Unclean shutdown of previous Apache run?
[Tue May 13 12:22:59.832700 2025] [ssl:warn] [pid 4960:tid 260] AH01873: Init: Session Cache is not configured [hint: SSLSessionCache]
[Tue May 13 12:22:59.879578 2025] [mpm_winnt:notice] [pid 4960:tid 260] AH00455: Apache/2.4.3 (Win32) OpenSSL/1.0.1c PHP/5.4.7 configured -- resuming normal operations
[Tue May 13 12:22:59.879578 2025] [mpm_winnt:notice] [pid 4960:tid 260] AH00456: Server built: Aug 18 2012 12:41:37
[Tue May 13 12:22:59.879578 2025] [core:notice] [pid 4960:tid 260] AH00094: Command line: 'apache\\bin\\httpd.exe -d C:/SYSME/SGC/xampp/apache'
[Tue May 13 12:22:59.879578 2025] [mpm_winnt:notice] [pid 4960:tid 260] AH00418: Parent: Created child process 4372
[Tue May 13 12:23:00.817125 2025] [ssl:warn] [pid 4372:tid 296] AH01873: Init: Session Cache is not configured [hint: SSLSessionCache]
[Tue May 13 12:23:00.864004 2025] [mpm_winnt:notice] [pid 4372:tid 296] AH00354: Child: Starting 150 worker threads.
[Wed May 14 12:24:28.450528 2025] [core:warn] [pid 344:tid 296] AH00098: pid file C:/SYSME/SGC/xampp/apache/logs/httpd.pid overwritten -- Unclean shutdown of previous Apache run?
[Wed May 14 12:24:28.841163 2025] [ssl:warn] [pid 344:tid 296] AH01873: Init: Session Cache is not configured [hint: SSLSessionCache]
[Wed May 14 12:24:28.903665 2025] [mpm_winnt:notice] [pid 344:tid 296] AH00455: Apache/2.4.3 (Win32) OpenSSL/1.0.1c PHP/5.4.7 configured -- resuming normal operations
[Wed May 14 12:24:28.903665 2025] [mpm_winnt:notice] [pid 344:tid 296] AH00456: Server built: Aug 18 2012 12:41:37
[Wed May 14 12:24:28.903665 2025] [core:notice] [pid 344:tid 296] AH00094: Command line: 'apache\\bin\\httpd.exe -d C:/SYSME/SGC/xampp/apache'
[Wed May 14 12:24:28.903665 2025] [mpm_winnt:notice] [pid 344:tid 296] AH00418: Parent: Created child process 5660
[Wed May 14 12:24:29.825589 2025] [ssl:warn] [pid 5660:tid 296] AH01873: Init: Session Cache is not configured [hint: SSLSessionCache]
[Wed May 14 12:24:29.872465 2025] [mpm_winnt:notice] [pid 5660:tid 296] AH00354: Child: Starting 150 worker threads.
[Wed May 14 19:37:57.346524 2025] [core:warn] [pid 3284:tid 292] AH00098: pid file C:/SYSME/SGC/xampp/apache/logs/httpd.pid overwritten -- Unclean shutdown of previous Apache run?
[Wed May 14 19:37:57.725776 2025] [ssl:warn] [pid 3284:tid 292] AH01873: Init: Session Cache is not configured [hint: SSLSessionCache]
[Wed May 14 19:37:57.796822 2025] [mpm_winnt:notice] [pid 3284:tid 292] AH00455: Apache/2.4.3 (Win32) OpenSSL/1.0.1c PHP/5.4.7 configured -- resuming normal operations
[Wed May 14 19:37:57.796822 2025] [mpm_winnt:notice] [pid 3284:tid 292] AH00456: Server built: Aug 18 2012 12:41:37
[Wed May 14 19:37:57.796822 2025] [core:notice] [pid 3284:tid 292] AH00094: Command line: 'apache\\bin\\httpd.exe -d C:/SYSME/SGC/xampp/apache'
[Wed May 14 19:37:57.797824 2025] [mpm_winnt:notice] [pid 3284:tid 292] AH00418: Parent: Created child process 3792
[Wed May 14 19:37:59.059665 2025] [ssl:warn] [pid 3792:tid 240] AH01873: Init: Session Cache is not configured [hint: SSLSessionCache]
[Wed May 14 19:37:59.115703 2025] [mpm_winnt:notice] [pid 3792:tid 240] AH00354: Child: Starting 150 worker threads.
[Thu May 15 13:51:06.748689 2025] [core:warn] [pid 2020:tid 284] AH00098: pid file C:/SYSME/SGC/xampp/apache/logs/httpd.pid overwritten -- Unclean shutdown of previous Apache run?
[Thu May 15 13:51:07.070937 2025] [ssl:warn] [pid 2020:tid 284] AH01873: Init: Session Cache is not configured [hint: SSLSessionCache]
[Thu May 15 13:51:07.131981 2025] [mpm_winnt:notice] [pid 2020:tid 284] AH00455: Apache/2.4.3 (Win32) OpenSSL/1.0.1c PHP/5.4.7 configured -- resuming normal operations
[Thu May 15 13:51:07.131981 2025] [mpm_winnt:notice] [pid 2020:tid 284] AH00456: Server built: Aug 18 2012 12:41:37
[Thu May 15 13:51:07.131981 2025] [core:notice] [pid 2020:tid 284] AH00094: Command line: 'apache\\bin\\httpd.exe -d C:/SYSME/SGC/xampp/apache'
[Thu May 15 13:51:07.132978 2025] [mpm_winnt:notice] [pid 2020:tid 284] AH00418: Parent: Created child process 4012
[Thu May 15 13:51:07.999148 2025] [ssl:warn] [pid 4012:tid 292] AH01873: Init: Session Cache is not configured [hint: SSLSessionCache]
[Thu May 15 13:51:08.045177 2025] [mpm_winnt:notice] [pid 4012:tid 292] AH00354: Child: Starting 150 worker threads.
[Fri May 16 12:49:12.302364 2025] [core:warn] [pid 2732:tid 292] AH00098: pid file C:/SYSME/SGC/xampp/apache/logs/httpd.pid overwritten -- Unclean shutdown of previous Apache run?
[Fri May 16 12:49:12.599245 2025] [ssl:warn] [pid 2732:tid 292] AH01873: Init: Session Cache is not configured [hint: SSLSessionCache]
[Fri May 16 12:49:12.661746 2025] [mpm_winnt:notice] [pid 2732:tid 292] AH00455: Apache/2.4.3 (Win32) OpenSSL/1.0.1c PHP/5.4.7 configured -- resuming normal operations
[Fri May 16 12:49:12.661746 2025] [mpm_winnt:notice] [pid 2732:tid 292] AH00456: Server built: Aug 18 2012 12:41:37
[Fri May 16 12:49:12.661746 2025] [core:notice] [pid 2732:tid 292] AH00094: Command line: 'apache\\bin\\httpd.exe -d C:/SYSME/SGC/xampp/apache'
[Fri May 16 12:49:12.661746 2025] [mpm_winnt:notice] [pid 2732:tid 292] AH00418: Parent: Created child process 2356
[Fri May 16 12:49:13.614922 2025] [ssl:warn] [pid 2356:tid 296] AH01873: Init: Session Cache is not configured [hint: SSLSessionCache]
[Fri May 16 12:49:13.661798 2025] [mpm_winnt:notice] [pid 2356:tid 296] AH00354: Child: Starting 150 worker threads.
[Sat May 17 12:34:45.330910 2025] [core:warn] [pid 4444:tid 284] AH00098: pid file C:/SYSME/SGC/xampp/apache/logs/httpd.pid overwritten -- Unclean shutdown of previous Apache run?
[Sat May 17 12:34:45.674677 2025] [ssl:warn] [pid 4444:tid 284] AH01873: Init: Session Cache is not configured [hint: SSLSessionCache]
[Sat May 17 12:34:45.737180 2025] [mpm_winnt:notice] [pid 4444:tid 284] AH00455: Apache/2.4.3 (Win32) OpenSSL/1.0.1c PHP/5.4.7 configured -- resuming normal operations
[Sat May 17 12:34:45.737180 2025] [mpm_winnt:notice] [pid 4444:tid 284] AH00456: Server built: Aug 18 2012 12:41:37
[Sat May 17 12:34:45.737180 2025] [core:notice] [pid 4444:tid 284] AH00094: Command line: 'apache\\bin\\httpd.exe -d C:/SYSME/SGC/xampp/apache'
[Sat May 17 12:34:45.737180 2025] [mpm_winnt:notice] [pid 4444:tid 284] AH00418: Parent: Created child process 5416
[Sat May 17 12:34:46.674727 2025] [ssl:warn] [pid 5416:tid 296] AH01873: Init: Session Cache is not configured [hint: SSLSessionCache]
[Sat May 17 12:34:46.721606 2025] [mpm_winnt:notice] [pid 5416:tid 296] AH00354: Child: Starting 150 worker threads.
[Sun May 18 12:22:15.372359 2025] [core:warn] [pid 5896:tid 296] AH00098: pid file C:/SYSME/SGC/xampp/apache/logs/httpd.pid overwritten -- Unclean shutdown of previous Apache run?
[Sun May 18 12:22:15.699574 2025] [ssl:warn] [pid 5896:tid 296] AH01873: Init: Session Cache is not configured [hint: SSLSessionCache]
[Sun May 18 12:22:15.759615 2025] [mpm_winnt:notice] [pid 5896:tid 296] AH00455: Apache/2.4.3 (Win32) OpenSSL/1.0.1c PHP/5.4.7 configured -- resuming normal operations
[Sun May 18 12:22:15.759615 2025] [mpm_winnt:notice] [pid 5896:tid 296] AH00456: Server built: Aug 18 2012 12:41:37
[Sun May 18 12:22:15.759615 2025] [core:notice] [pid 5896:tid 296] AH00094: Command line: 'apache\\bin\\httpd.exe -d C:/SYSME/SGC/xampp/apache'
[Sun May 18 12:22:15.760616 2025] [mpm_winnt:notice] [pid 5896:tid 296] AH00418: Parent: Created child process 3292
[Sun May 18 12:22:16.814769 2025] [ssl:warn] [pid 3292:tid 296] AH01873: Init: Session Cache is not configured [hint: SSLSessionCache]
[Sun May 18 12:22:16.861798 2025] [mpm_winnt:notice] [pid 3292:tid 296] AH00354: Child: Starting 150 worker threads.
[Mon May 19 12:27:45.369739 2025] [core:warn] [pid 3564:tid 300] AH00098: pid file C:/SYSME/SGC/xampp/apache/logs/httpd.pid overwritten -- Unclean shutdown of previous Apache run?
[Mon May 19 12:27:45.729133 2025] [ssl:warn] [pid 3564:tid 300] AH01873: Init: Session Cache is not configured [hint: SSLSessionCache]
[Mon May 19 12:27:45.791636 2025] [mpm_winnt:notice] [pid 3564:tid 300] AH00455: Apache/2.4.3 (Win32) OpenSSL/1.0.1c PHP/5.4.7 configured -- resuming normal operations
[Mon May 19 12:27:45.791636 2025] [mpm_winnt:notice] [pid 3564:tid 300] AH00456: Server built: Aug 18 2012 12:41:37
[Mon May 19 12:27:45.791636 2025] [core:notice] [pid 3564:tid 300] AH00094: Command line: 'apache\\bin\\httpd.exe -d C:/SYSME/SGC/xampp/apache'
[Mon May 19 12:27:45.791636 2025] [mpm_winnt:notice] [pid 3564:tid 300] AH00418: Parent: Created child process 3100
[Mon May 19 12:27:46.697933 2025] [ssl:warn] [pid 3100:tid 296] AH01873: Init: Session Cache is not configured [hint: SSLSessionCache]
[Mon May 19 12:27:46.744810 2025] [mpm_winnt:notice] [pid 3100:tid 296] AH00354: Child: Starting 150 worker threads.
[Tue May 20 12:26:25.443313 2025] [core:warn] [pid 3176:tid 284] AH00098: pid file C:/SYSME/SGC/xampp/apache/logs/httpd.pid overwritten -- Unclean shutdown of previous Apache run?
[Tue May 20 12:26:25.865385 2025] [ssl:warn] [pid 3176:tid 284] AH01873: Init: Session Cache is not configured [hint: SSLSessionCache]
[Tue May 20 12:26:25.912263 2025] [mpm_winnt:notice] [pid 3176:tid 284] AH00455: Apache/2.4.3 (Win32) OpenSSL/1.0.1c PHP/5.4.7 configured -- resuming normal operations
[Tue May 20 12:26:25.912263 2025] [mpm_winnt:notice] [pid 3176:tid 284] AH00456: Server built: Aug 18 2012 12:41:37
[Tue May 20 12:26:25.912263 2025] [core:notice] [pid 3176:tid 284] AH00094: Command line: 'apache\\bin\\httpd.exe -d C:/SYSME/SGC/xampp/apache'
[Tue May 20 12:26:25.912263 2025] [mpm_winnt:notice] [pid 3176:tid 284] AH00418: Parent: Created child process 5096
[Tue May 20 12:26:26.756056 2025] [ssl:warn] [pid 5096:tid 292] AH01873: Init: Session Cache is not configured [hint: SSLSessionCache]
[Tue May 20 12:26:26.802931 2025] [mpm_winnt:notice] [pid 5096:tid 292] AH00354: Child: Starting 150 worker threads.
[Wed May 21 12:26:58.123785 2025] [core:warn] [pid 5072:tid 288] AH00098: pid file C:/SYSME/SGC/xampp/apache/logs/httpd.pid overwritten -- Unclean shutdown of previous Apache run?
[Wed May 21 12:26:58.470331 2025] [ssl:warn] [pid 5072:tid 288] AH01873: Init: Session Cache is not configured [hint: SSLSessionCache]
[Wed May 21 12:26:58.532836 2025] [mpm_winnt:notice] [pid 5072:tid 288] AH00455: Apache/2.4.3 (Win32) OpenSSL/1.0.1c PHP/5.4.7 configured -- resuming normal operations
[Wed May 21 12:26:58.532836 2025] [mpm_winnt:notice] [pid 5072:tid 288] AH00456: Server built: Aug 18 2012 12:41:37
[Wed May 21 12:26:58.532836 2025] [core:notice] [pid 5072:tid 288] AH00094: Command line: 'apache\\bin\\httpd.exe -d C:/SYSME/SGC/xampp/apache'
[Wed May 21 12:26:58.532836 2025] [mpm_winnt:notice] [pid 5072:tid 288] AH00418: Parent: Created child process 3496
[Wed May 21 12:26:59.407880 2025] [ssl:warn] [pid 3496:tid 296] AH01873: Init: Session Cache is not configured [hint: SSLSessionCache]
[Wed May 21 12:26:59.454758 2025] [mpm_winnt:notice] [pid 3496:tid 296] AH00354: Child: Starting 150 worker threads.
[Thu May 22 12:39:17.174523 2025] [core:warn] [pid 5552:tid 292] AH00098: pid file C:/SYSME/SGC/xampp/apache/logs/httpd.pid overwritten -- Unclean shutdown of previous Apache run?
[Thu May 22 12:39:17.580785 2025] [ssl:warn] [pid 5552:tid 292] AH01873: Init: Session Cache is not configured [hint: SSLSessionCache]
[Thu May 22 12:39:17.643288 2025] [mpm_winnt:notice] [pid 5552:tid 292] AH00455: Apache/2.4.3 (Win32) OpenSSL/1.0.1c PHP/5.4.7 configured -- resuming normal operations
[Thu May 22 12:39:17.643288 2025] [mpm_winnt:notice] [pid 5552:tid 292] AH00456: Server built: Aug 18 2012 12:41:37
[Thu May 22 12:39:17.643288 2025] [core:notice] [pid 5552:tid 292] AH00094: Command line: 'apache\\bin\\httpd.exe -d C:/SYSME/SGC/xampp/apache'
[Thu May 22 12:39:17.643288 2025] [mpm_winnt:notice] [pid 5552:tid 292] AH00418: Parent: Created child process 2312
[Thu May 22 12:39:18.534124 2025] [ssl:warn] [pid 2312:tid 292] AH01873: Init: Session Cache is not configured [hint: SSLSessionCache]
[Thu May 22 12:39:18.581002 2025] [mpm_winnt:notice] [pid 2312:tid 292] AH00354: Child: Starting 150 worker threads.
[Fri May 23 12:32:31.151490 2025] [core:warn] [pid 584:tid 288] AH00098: pid file C:/SYSME/SGC/xampp/apache/logs/httpd.pid overwritten -- Unclean shutdown of previous Apache run?
[Fri May 23 12:32:31.495257 2025] [ssl:warn] [pid 584:tid 288] AH01873: Init: Session Cache is not configured [hint: SSLSessionCache]
[Fri May 23 12:32:31.557760 2025] [mpm_winnt:notice] [pid 584:tid 288] AH00455: Apache/2.4.3 (Win32) OpenSSL/1.0.1c PHP/5.4.7 configured -- resuming normal operations
[Fri May 23 12:32:31.557760 2025] [mpm_winnt:notice] [pid 584:tid 288] AH00456: Server built: Aug 18 2012 12:41:37
[Fri May 23 12:32:31.557760 2025] [core:notice] [pid 584:tid 288] AH00094: Command line: 'apache\\bin\\httpd.exe -d C:/SYSME/SGC/xampp/apache'
[Fri May 23 12:32:31.557760 2025] [mpm_winnt:notice] [pid 584:tid 288] AH00418: Parent: Created child process 3544
[Fri May 23 12:32:32.573434 2025] [ssl:warn] [pid 3544:tid 292] AH01873: Init: Session Cache is not configured [hint: SSLSessionCache]
[Fri May 23 12:32:32.620314 2025] [mpm_winnt:notice] [pid 3544:tid 292] AH00354: Child: Starting 150 worker threads.
[Sat May 24 12:13:25.478623 2025] [core:warn] [pid 3820:tid 284] AH00098: pid file C:/SYSME/SGC/xampp/apache/logs/httpd.pid overwritten -- Unclean shutdown of previous Apache run?
[Sat May 24 12:13:25.822388 2025] [ssl:warn] [pid 3820:tid 284] AH01873: Init: Session Cache is not configured [hint: SSLSessionCache]
[Sat May 24 12:13:25.869268 2025] [mpm_winnt:notice] [pid 3820:tid 284] AH00455: Apache/2.4.3 (Win32) OpenSSL/1.0.1c PHP/5.4.7 configured -- resuming normal operations
[Sat May 24 12:13:25.869268 2025] [mpm_winnt:notice] [pid 3820:tid 284] AH00456: Server built: Aug 18 2012 12:41:37
[Sat May 24 12:13:25.869268 2025] [core:notice] [pid 3820:tid 284] AH00094: Command line: 'apache\\bin\\httpd.exe -d C:/SYSME/SGC/xampp/apache'
[Sat May 24 12:13:25.869268 2025] [mpm_winnt:notice] [pid 3820:tid 284] AH00418: Parent: Created child process 4100
[Sat May 24 12:13:26.791189 2025] [ssl:warn] [pid 4100:tid 292] AH01873: Init: Session Cache is not configured [hint: SSLSessionCache]
[Sat May 24 12:13:26.822441 2025] [mpm_winnt:notice] [pid 4100:tid 292] AH00354: Child: Starting 150 worker threads.
[Sun May 25 12:32:38.748127 2025] [core:warn] [pid 6012:tid 288] AH00098: pid file C:/SYSME/SGC/xampp/apache/logs/httpd.pid overwritten -- Unclean shutdown of previous Apache run?
[Sun May 25 12:32:39.045016 2025] [ssl:warn] [pid 6012:tid 288] AH01873: Init: Session Cache is not configured [hint: SSLSessionCache]
[Sun May 25 12:32:39.091894 2025] [mpm_winnt:notice] [pid 6012:tid 288] AH00455: Apache/2.4.3 (Win32) OpenSSL/1.0.1c PHP/5.4.7 configured -- resuming normal operations
[Sun May 25 12:32:39.091894 2025] [mpm_winnt:notice] [pid 6012:tid 288] AH00456: Server built: Aug 18 2012 12:41:37
[Sun May 25 12:32:39.091894 2025] [core:notice] [pid 6012:tid 288] AH00094: Command line: 'apache\\bin\\httpd.exe -d C:/SYSME/SGC/xampp/apache'
[Sun May 25 12:32:39.091894 2025] [mpm_winnt:notice] [pid 6012:tid 288] AH00418: Parent: Created child process 3384
[Sun May 25 12:32:40.060694 2025] [ssl:warn] [pid 3384:tid 296] AH01873: Init: Session Cache is not configured [hint: SSLSessionCache]
[Sun May 25 12:32:40.107574 2025] [mpm_winnt:notice] [pid 3384:tid 296] AH00354: Child: Starting 150 worker threads.
[Mon May 26 12:33:54.198145 2025] [core:warn] [pid 1968:tid 332] AH00098: pid file C:/SYSME/SGC/xampp/apache/logs/httpd.pid overwritten -- Unclean shutdown of previous Apache run?
[Mon May 26 12:33:54.557540 2025] [ssl:warn] [pid 1968:tid 332] AH01873: Init: Session Cache is not configured [hint: SSLSessionCache]
[Mon May 26 12:33:54.963810 2025] [mpm_winnt:notice] [pid 1968:tid 332] AH00455: Apache/2.4.3 (Win32) OpenSSL/1.0.1c PHP/5.4.7 configured -- resuming normal operations
[Mon May 26 12:33:54.979436 2025] [mpm_winnt:notice] [pid 1968:tid 332] AH00456: Server built: Aug 18 2012 12:41:37
[Mon May 26 12:33:54.979436 2025] [core:notice] [pid 1968:tid 332] AH00094: Command line: 'apache\\bin\\httpd.exe -d C:/SYSME/SGC/xampp/apache'
[Mon May 26 12:33:54.979436 2025] [mpm_winnt:notice] [pid 1968:tid 332] AH00418: Parent: Created child process 1184
[Mon May 26 12:33:55.885731 2025] [ssl:warn] [pid 1184:tid 292] AH01873: Init: Session Cache is not configured [hint: SSLSessionCache]
[Mon May 26 12:33:55.995112 2025] [mpm_winnt:notice] [pid 1184:tid 292] AH00354: Child: Starting 150 worker threads.
[Tue May 27 12:22:11.757052 2025] [core:warn] [pid 3960:tid 284] AH00098: pid file C:/SYSME/SGC/xampp/apache/logs/httpd.pid overwritten -- Unclean shutdown of previous Apache run?
[Tue May 27 12:22:12.100820 2025] [ssl:warn] [pid 3960:tid 284] AH01873: Init: Session Cache is not configured [hint: SSLSessionCache]
[Tue May 27 12:22:12.163323 2025] [mpm_winnt:notice] [pid 3960:tid 284] AH00455: Apache/2.4.3 (Win32) OpenSSL/1.0.1c PHP/5.4.7 configured -- resuming normal operations
[Tue May 27 12:22:12.163323 2025] [mpm_winnt:notice] [pid 3960:tid 284] AH00456: Server built: Aug 18 2012 12:41:37
[Tue May 27 12:22:12.163323 2025] [core:notice] [pid 3960:tid 284] AH00094: Command line: 'apache\\bin\\httpd.exe -d C:/SYSME/SGC/xampp/apache'
[Tue May 27 12:22:12.163323 2025] [mpm_winnt:notice] [pid 3960:tid 284] AH00418: Parent: Created child process 2248
[Tue May 27 12:22:13.069620 2025] [ssl:warn] [pid 2248:tid 296] AH01873: Init: Session Cache is not configured [hint: SSLSessionCache]
[Tue May 27 12:22:13.116496 2025] [mpm_winnt:notice] [pid 2248:tid 296] AH00354: Child: Starting 150 worker threads.
[Tue May 27 13:46:30.430698 2025] [core:warn] [pid 5464:tid 288] AH00098: pid file C:/SYSME/SGC/xampp/apache/logs/httpd.pid overwritten -- Unclean shutdown of previous Apache run?
[Tue May 27 13:46:30.774466 2025] [ssl:warn] [pid 5464:tid 288] AH01873: Init: Session Cache is not configured [hint: SSLSessionCache]
[Tue May 27 13:46:30.852596 2025] [mpm_winnt:notice] [pid 5464:tid 288] AH00455: Apache/2.4.3 (Win32) OpenSSL/1.0.1c PHP/5.4.7 configured -- resuming normal operations
[Tue May 27 13:46:30.852596 2025] [mpm_winnt:notice] [pid 5464:tid 288] AH00456: Server built: Aug 18 2012 12:41:37
[Tue May 27 13:46:30.852596 2025] [core:notice] [pid 5464:tid 288] AH00094: Command line: 'apache\\bin\\httpd.exe -d C:/SYSME/SGC/xampp/apache'
[Tue May 27 13:46:30.852596 2025] [mpm_winnt:notice] [pid 5464:tid 288] AH00418: Parent: Created child process 1184
[Tue May 27 13:46:31.712014 2025] [ssl:warn] [pid 1184:tid 296] AH01873: Init: Session Cache is not configured [hint: SSLSessionCache]
[Tue May 27 13:46:31.758892 2025] [mpm_winnt:notice] [pid 1184:tid 296] AH00354: Child: Starting 150 worker threads.
[Wed May 28 12:17:30.021147 2025] [core:warn] [pid 2640:tid 288] AH00098: pid file C:/SYSME/SGC/xampp/apache/logs/httpd.pid overwritten -- Unclean shutdown of previous Apache run?
[Wed May 28 12:17:30.427407 2025] [ssl:warn] [pid 2640:tid 288] AH01873: Init: Session Cache is not configured [hint: SSLSessionCache]
[Wed May 28 12:17:30.489909 2025] [mpm_winnt:notice] [pid 2640:tid 288] AH00455: Apache/2.4.3 (Win32) OpenSSL/1.0.1c PHP/5.4.7 configured -- resuming normal operations
[Wed May 28 12:17:30.489909 2025] [mpm_winnt:notice] [pid 2640:tid 288] AH00456: Server built: Aug 18 2012 12:41:37
[Wed May 28 12:17:30.489909 2025] [core:notice] [pid 2640:tid 288] AH00094: Command line: 'apache\\bin\\httpd.exe -d C:/SYSME/SGC/xampp/apache'
[Wed May 28 12:17:30.489909 2025] [mpm_winnt:notice] [pid 2640:tid 288] AH00418: Parent: Created child process 4820
[Wed May 28 12:17:31.271199 2025] [ssl:warn] [pid 4820:tid 292] AH01873: Init: Session Cache is not configured [hint: SSLSessionCache]
[Wed May 28 12:17:31.318076 2025] [mpm_winnt:notice] [pid 4820:tid 292] AH00354: Child: Starting 150 worker threads.
[Thu May 29 12:23:36.525103 2025] [core:warn] [pid 3112:tid 284] AH00098: pid file C:/SYSME/SGC/xampp/apache/logs/httpd.pid overwritten -- Unclean shutdown of previous Apache run?
[Thu May 29 12:23:36.868870 2025] [ssl:warn] [pid 3112:tid 284] AH01873: Init: Session Cache is not configured [hint: SSLSessionCache]
[Thu May 29 12:23:36.931374 2025] [mpm_winnt:notice] [pid 3112:tid 284] AH00455: Apache/2.4.3 (Win32) OpenSSL/1.0.1c PHP/5.4.7 configured -- resuming normal operations
[Thu May 29 12:23:36.931374 2025] [mpm_winnt:notice] [pid 3112:tid 284] AH00456: Server built: Aug 18 2012 12:41:37
[Thu May 29 12:23:36.931374 2025] [core:notice] [pid 3112:tid 284] AH00094: Command line: 'apache\\bin\\httpd.exe -d C:/SYSME/SGC/xampp/apache'
[Thu May 29 12:23:36.931374 2025] [mpm_winnt:notice] [pid 3112:tid 284] AH00418: Parent: Created child process 3756
[Thu May 29 12:23:37.790794 2025] [ssl:warn] [pid 3756:tid 296] AH01873: Init: Session Cache is not configured [hint: SSLSessionCache]
[Thu May 29 12:23:37.837671 2025] [mpm_winnt:notice] [pid 3756:tid 296] AH00354: Child: Starting 150 worker threads.
[Fri May 30 12:07:29.448984 2025] [core:warn] [pid 2756:tid 292] AH00098: pid file C:/SYSME/SGC/xampp/apache/logs/httpd.pid overwritten -- Unclean shutdown of previous Apache run?
[Fri May 30 12:07:29.745875 2025] [ssl:warn] [pid 2756:tid 292] AH01873: Init: Session Cache is not configured [hint: SSLSessionCache]
[Fri May 30 12:07:29.808378 2025] [mpm_winnt:notice] [pid 2756:tid 292] AH00455: Apache/2.4.3 (Win32) OpenSSL/1.0.1c PHP/5.4.7 configured -- resuming normal operations
[Fri May 30 12:07:29.808378 2025] [mpm_winnt:notice] [pid 2756:tid 292] AH00456: Server built: Aug 18 2012 12:41:37
[Fri May 30 12:07:29.808378 2025] [core:notice] [pid 2756:tid 292] AH00094: Command line: 'apache\\bin\\httpd.exe -d C:/SYSME/SGC/xampp/apache'
[Fri May 30 12:07:29.808378 2025] [mpm_winnt:notice] [pid 2756:tid 292] AH00418: Parent: Created child process 2844
[Fri May 30 12:07:30.777178 2025] [ssl:warn] [pid 2844:tid 292] AH01873: Init: Session Cache is not configured [hint: SSLSessionCache]
[Fri May 30 12:07:30.824055 2025] [mpm_winnt:notice] [pid 2844:tid 292] AH00354: Child: Starting 150 worker threads.
[Sat May 31 12:14:40.059752 2025] [core:warn] [pid 5680:tid 284] AH00098: pid file C:/SYSME/SGC/xampp/apache/logs/httpd.pid overwritten -- Unclean shutdown of previous Apache run?
[Sat May 31 12:14:40.356641 2025] [ssl:warn] [pid 5680:tid 284] AH01873: Init: Session Cache is not configured [hint: SSLSessionCache]
[Sat May 31 12:14:40.419145 2025] [mpm_winnt:notice] [pid 5680:tid 284] AH00455: Apache/2.4.3 (Win32) OpenSSL/1.0.1c PHP/5.4.7 configured -- resuming normal operations
[Sat May 31 12:14:40.419145 2025] [mpm_winnt:notice] [pid 5680:tid 284] AH00456: Server built: Aug 18 2012 12:41:37
[Sat May 31 12:14:40.419145 2025] [core:notice] [pid 5680:tid 284] AH00094: Command line: 'apache\\bin\\httpd.exe -d C:/SYSME/SGC/xampp/apache'
[Sat May 31 12:14:40.419145 2025] [mpm_winnt:notice] [pid 5680:tid 284] AH00418: Parent: Created child process 4028
[Sat May 31 12:14:41.341065 2025] [ssl:warn] [pid 4028:tid 292] AH01873: Init: Session Cache is not configured [hint: SSLSessionCache]
[Sat May 31 12:14:41.387943 2025] [mpm_winnt:notice] [pid 4028:tid 292] AH00354: Child: Starting 150 worker threads.
[Sun Jun 01 12:21:42.921521 2025] [core:warn] [pid 4976:tid 288] AH00098: pid file C:/SYSME/SGC/xampp/apache/logs/httpd.pid overwritten -- Unclean shutdown of previous Apache run?
[Sun Jun 01 12:21:43.265287 2025] [ssl:warn] [pid 4976:tid 288] AH01873: Init: Session Cache is not configured [hint: SSLSessionCache]
[Sun Jun 01 12:21:43.327791 2025] [mpm_winnt:notice] [pid 4976:tid 288] AH00455: Apache/2.4.3 (Win32) OpenSSL/1.0.1c PHP/5.4.7 configured -- resuming normal operations
[Sun Jun 01 12:21:43.327791 2025] [mpm_winnt:notice] [pid 4976:tid 288] AH00456: Server built: Aug 18 2012 12:41:37
[Sun Jun 01 12:21:43.327791 2025] [core:notice] [pid 4976:tid 288] AH00094: Command line: 'apache\\bin\\httpd.exe -d C:/SYSME/SGC/xampp/apache'
[Sun Jun 01 12:21:43.327791 2025] [mpm_winnt:notice] [pid 4976:tid 288] AH00418: Parent: Created child process 5872
[Sun Jun 01 12:21:44.249713 2025] [ssl:warn] [pid 5872:tid 292] AH01873: Init: Session Cache is not configured [hint: SSLSessionCache]
[Sun Jun 01 12:21:44.296592 2025] [mpm_winnt:notice] [pid 5872:tid 292] AH00354: Child: Starting 150 worker threads.
[Mon Jun 02 12:18:27.754824 2025] [core:warn] [pid 4100:tid 284] AH00098: pid file C:/SYSME/SGC/xampp/apache/logs/httpd.pid overwritten -- Unclean shutdown of previous Apache run?
[Mon Jun 02 12:18:28.098590 2025] [ssl:warn] [pid 4100:tid 284] AH01873: Init: Session Cache is not configured [hint: SSLSessionCache]
[Mon Jun 02 12:18:28.161095 2025] [mpm_winnt:notice] [pid 4100:tid 284] AH00455: Apache/2.4.3 (Win32) OpenSSL/1.0.1c PHP/5.4.7 configured -- resuming normal operations
[Mon Jun 02 12:18:28.161095 2025] [mpm_winnt:notice] [pid 4100:tid 284] AH00456: Server built: Aug 18 2012 12:41:37
[Mon Jun 02 12:18:28.161095 2025] [core:notice] [pid 4100:tid 284] AH00094: Command line: 'apache\\bin\\httpd.exe -d C:/SYSME/SGC/xampp/apache'
[Mon Jun 02 12:18:28.161095 2025] [mpm_winnt:notice] [pid 4100:tid 284] AH00418: Parent: Created child process 1968
[Mon Jun 02 12:18:29.317403 2025] [ssl:warn] [pid 1968:tid 292] AH01873: Init: Session Cache is not configured [hint: SSLSessionCache]
[Mon Jun 02 12:18:29.364281 2025] [mpm_winnt:notice] [pid 1968:tid 292] AH00354: Child: Starting 150 worker threads.
[Tue Jun 03 12:40:55.697043 2025] [core:warn] [pid 4612:tid 260] AH00098: pid file C:/SYSME/SGC/xampp/apache/logs/httpd.pid overwritten -- Unclean shutdown of previous Apache run?
[Tue Jun 03 12:40:55.978297 2025] [ssl:warn] [pid 4612:tid 260] AH01873: Init: Session Cache is not configured [hint: SSLSessionCache]
[Tue Jun 03 12:40:56.040800 2025] [mpm_winnt:notice] [pid 4612:tid 260] AH00455: Apache/2.4.3 (Win32) OpenSSL/1.0.1c PHP/5.4.7 configured -- resuming normal operations
[Tue Jun 03 12:40:56.040800 2025] [mpm_winnt:notice] [pid 4612:tid 260] AH00456: Server built: Aug 18 2012 12:41:37
[Tue Jun 03 12:40:56.040800 2025] [core:notice] [pid 4612:tid 260] AH00094: Command line: 'apache\\bin\\httpd.exe -d C:/SYSME/SGC/xampp/apache'
[Tue Jun 03 12:40:56.040800 2025] [mpm_winnt:notice] [pid 4612:tid 260] AH00418: Parent: Created child process 2288
[Tue Jun 03 12:40:57.056477 2025] [ssl:warn] [pid 2288:tid 292] AH01873: Init: Session Cache is not configured [hint: SSLSessionCache]
[Tue Jun 03 12:40:57.103353 2025] [mpm_winnt:notice] [pid 2288:tid 292] AH00354: Child: Starting 150 worker threads.
[Wed Jun 04 13:09:44.395548 2025] [core:warn] [pid 7856:tid 296] AH00098: pid file C:/SYSME/SGC/xampp/apache/logs/httpd.pid overwritten -- Unclean shutdown of previous Apache run?
[Wed Jun 04 13:09:44.770547 2025] [ssl:warn] [pid 7856:tid 296] AH01873: Init: Session Cache is not configured [hint: SSLSessionCache]
[Wed Jun 04 13:09:44.833053 2025] [mpm_winnt:notice] [pid 7856:tid 296] AH00455: Apache/2.4.3 (Win32) OpenSSL/1.0.1c PHP/5.4.7 configured -- resuming normal operations
[Wed Jun 04 13:09:44.833053 2025] [mpm_winnt:notice] [pid 7856:tid 296] AH00456: Server built: Aug 18 2012 12:41:37
[Wed Jun 04 13:09:44.833053 2025] [core:notice] [pid 7856:tid 296] AH00094: Command line: 'apache\\bin\\httpd.exe -d C:/SYSME/SGC/xampp/apache'
[Wed Jun 04 13:09:44.833053 2025] [mpm_winnt:notice] [pid 7856:tid 296] AH00418: Parent: Created child process 892
[Wed Jun 04 13:09:45.661217 2025] [ssl:warn] [pid 892:tid 292] AH01873: Init: Session Cache is not configured [hint: SSLSessionCache]
[Wed Jun 04 13:09:45.708095 2025] [mpm_winnt:notice] [pid 892:tid 292] AH00354: Child: Starting 150 worker threads.
[Thu Jun 05 12:23:53.219806 2025] [core:warn] [pid 3888:tid 284] AH00098: pid file C:/SYSME/SGC/xampp/apache/logs/httpd.pid overwritten -- Unclean shutdown of previous Apache run?
[Thu Jun 05 12:23:53.547949 2025] [ssl:warn] [pid 3888:tid 284] AH01873: Init: Session Cache is not configured [hint: SSLSessionCache]
[Thu Jun 05 12:23:53.626077 2025] [mpm_winnt:notice] [pid 3888:tid 284] AH00455: Apache/2.4.3 (Win32) OpenSSL/1.0.1c PHP/5.4.7 configured -- resuming normal operations
[Thu Jun 05 12:23:53.626077 2025] [mpm_winnt:notice] [pid 3888:tid 284] AH00456: Server built: Aug 18 2012 12:41:37
[Thu Jun 05 12:23:53.626077 2025] [core:notice] [pid 3888:tid 284] AH00094: Command line: 'apache\\bin\\httpd.exe -d C:/SYSME/SGC/xampp/apache'
[Thu Jun 05 12:23:53.626077 2025] [mpm_winnt:notice] [pid 3888:tid 284] AH00418: Parent: Created child process 3104
[Thu Jun 05 12:23:54.579251 2025] [ssl:warn] [pid 3104:tid 296] AH01873: Init: Session Cache is not configured [hint: SSLSessionCache]
[Thu Jun 05 12:23:54.673006 2025] [mpm_winnt:notice] [pid 3104:tid 296] AH00354: Child: Starting 150 worker threads.
[Thu Jun 05 14:59:19.681335 2025] [core:warn] [pid 2996:tid 292] AH00098: pid file C:/SYSME/SGC/xampp/apache/logs/httpd.pid overwritten -- Unclean shutdown of previous Apache run?
[Thu Jun 05 14:59:20.062590 2025] [ssl:warn] [pid 2996:tid 292] AH01873: Init: Session Cache is not configured [hint: SSLSessionCache]
[Thu Jun 05 14:59:20.127633 2025] [mpm_winnt:notice] [pid 2996:tid 292] AH00455: Apache/2.4.3 (Win32) OpenSSL/1.0.1c PHP/5.4.7 configured -- resuming normal operations
[Thu Jun 05 14:59:20.127633 2025] [mpm_winnt:notice] [pid 2996:tid 292] AH00456: Server built: Aug 18 2012 12:41:37
[Thu Jun 05 14:59:20.127633 2025] [core:notice] [pid 2996:tid 292] AH00094: Command line: 'apache\\bin\\httpd.exe -d C:/SYSME/SGC/xampp/apache'
[Thu Jun 05 14:59:20.128634 2025] [mpm_winnt:notice] [pid 2996:tid 292] AH00418: Parent: Created child process 4724
[Thu Jun 05 14:59:21.132303 2025] [ssl:warn] [pid 4724:tid 296] AH01873: Init: Session Cache is not configured [hint: SSLSessionCache]
[Thu Jun 05 14:59:21.197347 2025] [mpm_winnt:notice] [pid 4724:tid 296] AH00354: Child: Starting 150 worker threads.
[Fri Jun 06 13:04:37.795278 2025] [core:warn] [pid 4788:tid 288] AH00098: pid file C:/SYSME/SGC/xampp/apache/logs/httpd.pid overwritten -- Unclean shutdown of previous Apache run?
[Fri Jun 06 13:04:38.156518 2025] [ssl:warn] [pid 4788:tid 288] AH01873: Init: Session Cache is not configured [hint: SSLSessionCache]
[Fri Jun 06 13:04:38.215557 2025] [mpm_winnt:notice] [pid 4788:tid 288] AH00455: Apache/2.4.3 (Win32) OpenSSL/1.0.1c PHP/5.4.7 configured -- resuming normal operations
[Fri Jun 06 13:04:38.215557 2025] [mpm_winnt:notice] [pid 4788:tid 288] AH00456: Server built: Aug 18 2012 12:41:37
[Fri Jun 06 13:04:38.215557 2025] [core:notice] [pid 4788:tid 288] AH00094: Command line: 'apache\\bin\\httpd.exe -d C:/SYSME/SGC/xampp/apache'
[Fri Jun 06 13:04:38.216558 2025] [mpm_winnt:notice] [pid 4788:tid 288] AH00418: Parent: Created child process 72
[Fri Jun 06 13:04:39.025098 2025] [ssl:warn] [pid 72:tid 292] AH01873: Init: Session Cache is not configured [hint: SSLSessionCache]
[Fri Jun 06 13:04:39.071128 2025] [mpm_winnt:notice] [pid 72:tid 292] AH00354: Child: Starting 150 worker threads.
[Sat Jun 07 12:43:18.156526 2025] [core:warn] [pid 4140:tid 284] AH00098: pid file C:/SYSME/SGC/xampp/apache/logs/httpd.pid overwritten -- Unclean shutdown of previous Apache run?
[Sat Jun 07 12:43:18.453419 2025] [ssl:warn] [pid 4140:tid 284] AH01873: Init: Session Cache is not configured [hint: SSLSessionCache]
[Sat Jun 07 12:43:18.515918 2025] [mpm_winnt:notice] [pid 4140:tid 284] AH00455: Apache/2.4.3 (Win32) OpenSSL/1.0.1c PHP/5.4.7 configured -- resuming normal operations
[Sat Jun 07 12:43:18.515918 2025] [mpm_winnt:notice] [pid 4140:tid 284] AH00456: Server built: Aug 18 2012 12:41:37
[Sat Jun 07 12:43:18.515918 2025] [core:notice] [pid 4140:tid 284] AH00094: Command line: 'apache\\bin\\httpd.exe -d C:/SYSME/SGC/xampp/apache'
[Sat Jun 07 12:43:18.515918 2025] [mpm_winnt:notice] [pid 4140:tid 284] AH00418: Parent: Created child process 3208
[Sat Jun 07 12:43:19.390962 2025] [ssl:warn] [pid 3208:tid 292] AH01873: Init: Session Cache is not configured [hint: SSLSessionCache]
[Sat Jun 07 12:43:19.437841 2025] [mpm_winnt:notice] [pid 3208:tid 292] AH00354: Child: Starting 150 worker threads.
[Sun Jun 08 12:18:49.187954 2025] [core:warn] [pid 1368:tid 288] AH00098: pid file C:/SYSME/SGC/xampp/apache/logs/httpd.pid overwritten -- Unclean shutdown of previous Apache run?
[Sun Jun 08 12:18:49.609850 2025] [ssl:warn] [pid 1368:tid 288] AH01873: Init: Session Cache is not configured [hint: SSLSessionCache]
[Sun Jun 08 12:18:49.672353 2025] [mpm_winnt:notice] [pid 1368:tid 288] AH00455: Apache/2.4.3 (Win32) OpenSSL/1.0.1c PHP/5.4.7 configured -- resuming normal operations
[Sun Jun 08 12:18:49.672353 2025] [mpm_winnt:notice] [pid 1368:tid 288] AH00456: Server built: Aug 18 2012 12:41:37
[Sun Jun 08 12:18:49.672353 2025] [core:notice] [pid 1368:tid 288] AH00094: Command line: 'apache\\bin\\httpd.exe -d C:/SYSME/SGC/xampp/apache'
[Sun Jun 08 12:18:49.672353 2025] [mpm_winnt:notice] [pid 1368:tid 288] AH00418: Parent: Created child process 3020
[Sun Jun 08 12:18:50.531772 2025] [ssl:warn] [pid 3020:tid 296] AH01873: Init: Session Cache is not configured [hint: SSLSessionCache]
[Sun Jun 08 12:18:50.578650 2025] [mpm_winnt:notice] [pid 3020:tid 296] AH00354: Child: Starting 150 worker threads.
[Mon Jun 09 12:21:59.823490 2025] [core:warn] [pid 2384:tid 284] AH00098: pid file C:/SYSME/SGC/xampp/apache/logs/httpd.pid overwritten -- Unclean shutdown of previous Apache run?
[Mon Jun 09 12:22:00.167258 2025] [ssl:warn] [pid 2384:tid 284] AH01873: Init: Session Cache is not configured [hint: SSLSessionCache]
[Mon Jun 09 12:22:00.214139 2025] [mpm_winnt:notice] [pid 2384:tid 284] AH00455: Apache/2.4.3 (Win32) OpenSSL/1.0.1c PHP/5.4.7 configured -- resuming normal operations
[Mon Jun 09 12:22:00.214139 2025] [mpm_winnt:notice] [pid 2384:tid 284] AH00456: Server built: Aug 18 2012 12:41:37
[Mon Jun 09 12:22:00.214139 2025] [core:notice] [pid 2384:tid 284] AH00094: Command line: 'apache\\bin\\httpd.exe -d C:/SYSME/SGC/xampp/apache'
[Mon Jun 09 12:22:00.214139 2025] [mpm_winnt:notice] [pid 2384:tid 284] AH00418: Parent: Created child process 5508
[Mon Jun 09 12:22:01.339194 2025] [ssl:warn] [pid 5508:tid 292] AH01873: Init: Session Cache is not configured [hint: SSLSessionCache]
[Mon Jun 09 12:22:01.386075 2025] [mpm_winnt:notice] [pid 5508:tid 292] AH00354: Child: Starting 150 worker threads.
[Tue Jun 10 12:17:10.020717 2025] [core:warn] [pid 5216:tid 292] AH00098: pid file C:/SYSME/SGC/xampp/apache/logs/httpd.pid overwritten -- Unclean shutdown of previous Apache run?
[Tue Jun 10 12:17:10.317599 2025] [ssl:warn] [pid 5216:tid 292] AH01873: Init: Session Cache is not configured [hint: SSLSessionCache]
[Tue Jun 10 12:17:10.364475 2025] [mpm_winnt:notice] [pid 5216:tid 292] AH00455: Apache/2.4.3 (Win32) OpenSSL/1.0.1c PHP/5.4.7 configured -- resuming normal operations
[Tue Jun 10 12:17:10.364475 2025] [mpm_winnt:notice] [pid 5216:tid 292] AH00456: Server built: Aug 18 2012 12:41:37
[Tue Jun 10 12:17:10.364475 2025] [core:notice] [pid 5216:tid 292] AH00094: Command line: 'apache\\bin\\httpd.exe -d C:/SYSME/SGC/xampp/apache'
[Tue Jun 10 12:17:10.364475 2025] [mpm_winnt:notice] [pid 5216:tid 292] AH00418: Parent: Created child process 4972
[Tue Jun 10 12:17:11.255147 2025] [ssl:warn] [pid 4972:tid 292] AH01873: Init: Session Cache is not configured [hint: SSLSessionCache]
[Tue Jun 10 12:17:11.302024 2025] [mpm_winnt:notice] [pid 4972:tid 292] AH00354: Child: Starting 150 worker threads.
[Wed Jun 11 12:30:25.894586 2025] [core:warn] [pid 3752:tid 288] AH00098: pid file C:/SYSME/SGC/xampp/apache/logs/httpd.pid overwritten -- Unclean shutdown of previous Apache run?
[Wed Jun 11 12:30:26.191474 2025] [ssl:warn] [pid 3752:tid 288] AH01873: Init: Session Cache is not configured [hint: SSLSessionCache]
[Wed Jun 11 12:30:26.253978 2025] [mpm_winnt:notice] [pid 3752:tid 288] AH00455: Apache/2.4.3 (Win32) OpenSSL/1.0.1c PHP/5.4.7 configured -- resuming normal operations
[Wed Jun 11 12:30:26.253978 2025] [mpm_winnt:notice] [pid 3752:tid 288] AH00456: Server built: Aug 18 2012 12:41:37
[Wed Jun 11 12:30:26.253978 2025] [core:notice] [pid 3752:tid 288] AH00094: Command line: 'apache\\bin\\httpd.exe -d C:/SYSME/SGC/xampp/apache'
[Wed Jun 11 12:30:26.253978 2025] [mpm_winnt:notice] [pid 3752:tid 288] AH00418: Parent: Created child process 4680
[Wed Jun 11 12:30:27.300962 2025] [ssl:warn] [pid 4680:tid 296] AH01873: Init: Session Cache is not configured [hint: SSLSessionCache]
[Wed Jun 11 12:30:27.347840 2025] [mpm_winnt:notice] [pid 4680:tid 296] AH00354: Child: Starting 150 worker threads.
[Thu Jun 12 12:21:06.206751 2025] [core:warn] [pid 3356:tid 288] AH00098: pid file C:/SYSME/SGC/xampp/apache/logs/httpd.pid overwritten -- Unclean shutdown of previous Apache run?
[Thu Jun 12 12:21:06.581759 2025] [ssl:warn] [pid 3356:tid 288] AH01873: Init: Session Cache is not configured [hint: SSLSessionCache]
[Thu Jun 12 12:21:06.644262 2025] [mpm_winnt:notice] [pid 3356:tid 288] AH00455: Apache/2.4.3 (Win32) OpenSSL/1.0.1c PHP/5.4.7 configured -- resuming normal operations
[Thu Jun 12 12:21:06.644262 2025] [mpm_winnt:notice] [pid 3356:tid 288] AH00456: Server built: Aug 18 2012 12:41:37
[Thu Jun 12 12:21:06.644262 2025] [core:notice] [pid 3356:tid 288] AH00094: Command line: 'apache\\bin\\httpd.exe -d C:/SYSME/SGC/xampp/apache'
[Thu Jun 12 12:21:06.644262 2025] [mpm_winnt:notice] [pid 3356:tid 288] AH00418: Parent: Created child process 2524
[Thu Jun 12 12:21:07.534933 2025] [ssl:warn] [pid 2524:tid 292] AH01873: Init: Session Cache is not configured [hint: SSLSessionCache]
[Thu Jun 12 12:21:07.581810 2025] [mpm_winnt:notice] [pid 2524:tid 292] AH00354: Child: Starting 150 worker threads.
[Fri Jun 13 12:28:24.037870 2025] [core:warn] [pid 3204:tid 300] AH00098: pid file C:/SYSME/SGC/xampp/apache/logs/httpd.pid overwritten -- Unclean shutdown of previous Apache run?
[Fri Jun 13 12:28:24.334755 2025] [ssl:warn] [pid 3204:tid 300] AH01873: Init: Session Cache is not configured [hint: SSLSessionCache]
[Fri Jun 13 12:28:24.397261 2025] [mpm_winnt:notice] [pid 3204:tid 300] AH00455: Apache/2.4.3 (Win32) OpenSSL/1.0.1c PHP/5.4.7 configured -- resuming normal operations
[Fri Jun 13 12:28:24.397261 2025] [mpm_winnt:notice] [pid 3204:tid 300] AH00456: Server built: Aug 18 2012 12:41:37
[Fri Jun 13 12:28:24.397261 2025] [core:notice] [pid 3204:tid 300] AH00094: Command line: 'apache\\bin\\httpd.exe -d C:/SYSME/SGC/xampp/apache'
[Fri Jun 13 12:28:24.397261 2025] [mpm_winnt:notice] [pid 3204:tid 300] AH00418: Parent: Created child process 5624
[Fri Jun 13 12:28:25.413097 2025] [ssl:warn] [pid 5624:tid 292] AH01873: Init: Session Cache is not configured [hint: SSLSessionCache]
[Fri Jun 13 12:28:25.459975 2025] [mpm_winnt:notice] [pid 5624:tid 292] AH00354: Child: Starting 150 worker threads.
[Sat Jun 14 12:28:44.000985 2025] [core:warn] [pid 1128:tid 288] AH00098: pid file C:/SYSME/SGC/xampp/apache/logs/httpd.pid overwritten -- Unclean shutdown of previous Apache run?
[Sat Jun 14 12:28:44.391607 2025] [ssl:warn] [pid 1128:tid 288] AH01873: Init: Session Cache is not configured [hint: SSLSessionCache]
[Sat Jun 14 12:28:44.454110 2025] [mpm_winnt:notice] [pid 1128:tid 288] AH00455: Apache/2.4.3 (Win32) OpenSSL/1.0.1c PHP/5.4.7 configured -- resuming normal operations
[Sat Jun 14 12:28:44.454110 2025] [mpm_winnt:notice] [pid 1128:tid 288] AH00456: Server built: Aug 18 2012 12:41:37
[Sat Jun 14 12:28:44.454110 2025] [core:notice] [pid 1128:tid 288] AH00094: Command line: 'apache\\bin\\httpd.exe -d C:/SYSME/SGC/xampp/apache'
[Sat Jun 14 12:28:44.454110 2025] [mpm_winnt:notice] [pid 1128:tid 288] AH00418: Parent: Created child process 1340
[Sat Jun 14 12:28:45.407284 2025] [ssl:warn] [pid 1340:tid 292] AH01873: Init: Session Cache is not configured [hint: SSLSessionCache]
[Sat Jun 14 12:28:45.454163 2025] [mpm_winnt:notice] [pid 1340:tid 292] AH00354: Child: Starting 150 worker threads.
[Sun Jun 15 12:13:16.773328 2025] [core:warn] [pid 6032:tid 292] AH00098: pid file C:/SYSME/SGC/xampp/apache/logs/httpd.pid overwritten -- Unclean shutdown of previous Apache run?
[Sun Jun 15 12:13:17.163972 2025] [ssl:warn] [pid 6032:tid 292] AH01873: Init: Session Cache is not configured [hint: SSLSessionCache]
[Sun Jun 15 12:13:17.226477 2025] [mpm_winnt:notice] [pid 6032:tid 292] AH00455: Apache/2.4.3 (Win32) OpenSSL/1.0.1c PHP/5.4.7 configured -- resuming normal operations
[Sun Jun 15 12:13:17.226477 2025] [mpm_winnt:notice] [pid 6032:tid 292] AH00456: Server built: Aug 18 2012 12:41:37
[Sun Jun 15 12:13:17.226477 2025] [core:notice] [pid 6032:tid 292] AH00094: Command line: 'apache\\bin\\httpd.exe -d C:/SYSME/SGC/xampp/apache'
[Sun Jun 15 12:13:17.226477 2025] [mpm_winnt:notice] [pid 6032:tid 292] AH00418: Parent: Created child process 5984
[Sun Jun 15 12:13:18.070269 2025] [ssl:warn] [pid 5984:tid 296] AH01873: Init: Session Cache is not configured [hint: SSLSessionCache]
[Sun Jun 15 12:13:18.117148 2025] [mpm_winnt:notice] [pid 5984:tid 296] AH00354: Child: Starting 150 worker threads.
[Mon Jun 16 13:26:46.213413 2025] [core:warn] [pid 2576:tid 288] AH00098: pid file C:/SYSME/SGC/xampp/apache/logs/httpd.pid overwritten -- Unclean shutdown of previous Apache run?
[Mon Jun 16 13:26:46.588432 2025] [ssl:warn] [pid 2576:tid 288] AH01873: Init: Session Cache is not configured [hint: SSLSessionCache]
[Mon Jun 16 13:26:46.666562 2025] [mpm_winnt:notice] [pid 2576:tid 288] AH00455: Apache/2.4.3 (Win32) OpenSSL/1.0.1c PHP/5.4.7 configured -- resuming normal operations
[Mon Jun 16 13:26:46.666562 2025] [mpm_winnt:notice] [pid 2576:tid 288] AH00456: Server built: Aug 18 2012 12:41:37
[Mon Jun 16 13:26:46.666562 2025] [core:notice] [pid 2576:tid 288] AH00094: Command line: 'apache\\bin\\httpd.exe -d C:/SYSME/SGC/xampp/apache'
[Mon Jun 16 13:26:46.666562 2025] [mpm_winnt:notice] [pid 2576:tid 288] AH00418: Parent: Created child process 2556
[Mon Jun 16 13:26:47.494729 2025] [ssl:warn] [pid 2556:tid 292] AH01873: Init: Session Cache is not configured [hint: SSLSessionCache]
[Mon Jun 16 13:26:47.541609 2025] [mpm_winnt:notice] [pid 2556:tid 292] AH00354: Child: Starting 150 worker threads.
[Mon Jun 16 15:19:14.297913 2025] [core:warn] [pid 2756:tid 284] AH00098: pid file C:/SYSME/SGC/xampp/apache/logs/httpd.pid overwritten -- Unclean shutdown of previous Apache run?
[Mon Jun 16 15:19:14.688557 2025] [ssl:warn] [pid 2756:tid 284] AH01873: Init: Session Cache is not configured [hint: SSLSessionCache]
[Mon Jun 16 15:19:15.266714 2025] [mpm_winnt:notice] [pid 2756:tid 284] AH00455: Apache/2.4.3 (Win32) OpenSSL/1.0.1c PHP/5.4.7 configured -- resuming normal operations
[Mon Jun 16 15:19:15.282340 2025] [mpm_winnt:notice] [pid 2756:tid 284] AH00456: Server built: Aug 18 2012 12:41:37
[Mon Jun 16 15:19:15.282340 2025] [core:notice] [pid 2756:tid 284] AH00094: Command line: 'apache\\bin\\httpd.exe -d C:/SYSME/SGC/xampp/apache'
[Mon Jun 16 15:19:15.282340 2025] [mpm_winnt:notice] [pid 2756:tid 284] AH00418: Parent: Created child process 2732
[Mon Jun 16 15:19:16.313642 2025] [ssl:warn] [pid 2732:tid 292] AH01873: Init: Session Cache is not configured [hint: SSLSessionCache]
[Mon Jun 16 15:19:16.391770 2025] [mpm_winnt:notice] [pid 2732:tid 292] AH00354: Child: Starting 150 worker threads.
[Mon Jun 16 15:41:24.874192 2025] [core:warn] [pid 3000:tid 284] AH00098: pid file C:/SYSME/SGC/xampp/apache/logs/httpd.pid overwritten -- Unclean shutdown of previous Apache run?
[Mon Jun 16 15:41:25.171083 2025] [ssl:warn] [pid 3000:tid 284] AH01873: Init: Session Cache is not configured [hint: SSLSessionCache]
[Mon Jun 16 15:41:25.249212 2025] [mpm_winnt:notice] [pid 3000:tid 284] AH00455: Apache/2.4.3 (Win32) OpenSSL/1.0.1c PHP/5.4.7 configured -- resuming normal operations
[Mon Jun 16 15:41:25.249212 2025] [mpm_winnt:notice] [pid 3000:tid 284] AH00456: Server built: Aug 18 2012 12:41:37
[Mon Jun 16 15:41:25.249212 2025] [core:notice] [pid 3000:tid 284] AH00094: Command line: 'apache\\bin\\httpd.exe -d C:/SYSME/SGC/xampp/apache'
[Mon Jun 16 15:41:25.249212 2025] [mpm_winnt:notice] [pid 3000:tid 284] AH00418: Parent: Created child process 3100
[Mon Jun 16 15:41:26.264891 2025] [ssl:warn] [pid 3100:tid 300] AH01873: Init: Session Cache is not configured [hint: SSLSessionCache]
[Mon Jun 16 15:41:26.327394 2025] [mpm_winnt:notice] [pid 3100:tid 300] AH00354: Child: Starting 150 worker threads.
[Tue Jun 17 12:46:31.597083 2025] [core:warn] [pid 3448:tid 284] AH00098: pid file C:/SYSME/SGC/xampp/apache/logs/httpd.pid overwritten -- Unclean shutdown of previous Apache run?
[Tue Jun 17 12:46:31.925225 2025] [ssl:warn] [pid 3448:tid 284] AH01873: Init: Session Cache is not configured [hint: SSLSessionCache]
[Tue Jun 17 12:46:31.987731 2025] [mpm_winnt:notice] [pid 3448:tid 284] AH00455: Apache/2.4.3 (Win32) OpenSSL/1.0.1c PHP/5.4.7 configured -- resuming normal operations
[Tue Jun 17 12:46:31.987731 2025] [mpm_winnt:notice] [pid 3448:tid 284] AH00456: Server built: Aug 18 2012 12:41:37
[Tue Jun 17 12:46:31.987731 2025] [core:notice] [pid 3448:tid 284] AH00094: Command line: 'apache\\bin\\httpd.exe -d C:/SYSME/SGC/xampp/apache'
[Tue Jun 17 12:46:31.987731 2025] [mpm_winnt:notice] [pid 3448:tid 284] AH00418: Parent: Created child process 2600
[Tue Jun 17 12:46:32.925278 2025] [ssl:warn] [pid 2600:tid 292] AH01873: Init: Session Cache is not configured [hint: SSLSessionCache]
[Tue Jun 17 12:46:32.972158 2025] [mpm_winnt:notice] [pid 2600:tid 292] AH00354: Child: Starting 150 worker threads.
[Wed Jun 18 12:25:13.193900 2025] [core:warn] [pid 3592:tid 288] AH00098: pid file C:/SYSME/SGC/xampp/apache/logs/httpd.pid overwritten -- Unclean shutdown of previous Apache run?
[Wed Jun 18 12:25:13.490792 2025] [ssl:warn] [pid 3592:tid 288] AH01873: Init: Session Cache is not configured [hint: SSLSessionCache]
[Wed Jun 18 12:25:13.568922 2025] [mpm_winnt:notice] [pid 3592:tid 288] AH00455: Apache/2.4.3 (Win32) OpenSSL/1.0.1c PHP/5.4.7 configured -- resuming normal operations
[Wed Jun 18 12:25:13.568922 2025] [mpm_winnt:notice] [pid 3592:tid 288] AH00456: Server built: Aug 18 2012 12:41:37
[Wed Jun 18 12:25:13.568922 2025] [core:notice] [pid 3592:tid 288] AH00094: Command line: 'apache\\bin\\httpd.exe -d C:/SYSME/SGC/xampp/apache'
[Wed Jun 18 12:25:13.568922 2025] [mpm_winnt:notice] [pid 3592:tid 288] AH00418: Parent: Created child process 2392
[Wed Jun 18 12:25:14.475219 2025] [ssl:warn] [pid 2392:tid 292] AH01873: Init: Session Cache is not configured [hint: SSLSessionCache]
[Wed Jun 18 12:25:14.522098 2025] [mpm_winnt:notice] [pid 2392:tid 292] AH00354: Child: Starting 150 worker threads.
[Thu Jun 19 12:21:31.176665 2025] [core:warn] [pid 804:tid 288] AH00098: pid file C:/SYSME/SGC/xampp/apache/logs/httpd.pid overwritten -- Unclean shutdown of previous Apache run?
[Thu Jun 19 12:21:31.567309 2025] [ssl:warn] [pid 804:tid 288] AH01873: Init: Session Cache is not configured [hint: SSLSessionCache]
[Thu Jun 19 12:21:31.629812 2025] [mpm_winnt:notice] [pid 804:tid 288] AH00455: Apache/2.4.3 (Win32) OpenSSL/1.0.1c PHP/5.4.7 configured -- resuming normal operations
[Thu Jun 19 12:21:31.645438 2025] [mpm_winnt:notice] [pid 804:tid 288] AH00456: Server built: Aug 18 2012 12:41:37
[Thu Jun 19 12:21:31.645438 2025] [core:notice] [pid 804:tid 288] AH00094: Command line: 'apache\\bin\\httpd.exe -d C:/SYSME/SGC/xampp/apache'
[Thu Jun 19 12:21:31.645438 2025] [mpm_winnt:notice] [pid 804:tid 288] AH00418: Parent: Created child process 968
[Thu Jun 19 12:21:32.739245 2025] [ssl:warn] [pid 968:tid 292] AH01873: Init: Session Cache is not configured [hint: SSLSessionCache]
[Thu Jun 19 12:21:32.786125 2025] [mpm_winnt:notice] [pid 968:tid 292] AH00354: Child: Starting 150 worker threads.
[Fri Jun 20 12:13:08.477237 2025] [core:warn] [pid 2128:tid 288] AH00098: pid file C:/SYSME/SGC/xampp/apache/logs/httpd.pid overwritten -- Unclean shutdown of previous Apache run?
[Fri Jun 20 12:13:08.883490 2025] [ssl:warn] [pid 2128:tid 288] AH01873: Init: Session Cache is not configured [hint: SSLSessionCache]
[Fri Jun 20 12:13:08.930367 2025] [mpm_winnt:notice] [pid 2128:tid 288] AH00455: Apache/2.4.3 (Win32) OpenSSL/1.0.1c PHP/5.4.7 configured -- resuming normal operations
[Fri Jun 20 12:13:08.930367 2025] [mpm_winnt:notice] [pid 2128:tid 288] AH00456: Server built: Aug 18 2012 12:41:37
[Fri Jun 20 12:13:08.930367 2025] [core:notice] [pid 2128:tid 288] AH00094: Command line: 'apache\\bin\\httpd.exe -d C:/SYSME/SGC/xampp/apache'
[Fri Jun 20 12:13:08.930367 2025] [mpm_winnt:notice] [pid 2128:tid 288] AH00418: Parent: Created child process 3472
[Fri Jun 20 12:13:09.821092 2025] [ssl:warn] [pid 3472:tid 292] AH01873: Init: Session Cache is not configured [hint: SSLSessionCache]
[Fri Jun 20 12:13:09.867968 2025] [mpm_winnt:notice] [pid 3472:tid 292] AH00354: Child: Starting 150 worker threads.
[Sat Jun 21 12:28:54.885547 2025] [core:warn] [pid 4820:tid 284] AH00098: pid file C:/SYSME/SGC/xampp/apache/logs/httpd.pid overwritten -- Unclean shutdown of previous Apache run?
[Sat Jun 21 12:28:55.182436 2025] [ssl:warn] [pid 4820:tid 284] AH01873: Init: Session Cache is not configured [hint: SSLSessionCache]
[Sat Jun 21 12:28:55.244941 2025] [mpm_winnt:notice] [pid 4820:tid 284] AH00455: Apache/2.4.3 (Win32) OpenSSL/1.0.1c PHP/5.4.7 configured -- resuming normal operations
[Sat Jun 21 12:28:55.244941 2025] [mpm_winnt:notice] [pid 4820:tid 284] AH00456: Server built: Aug 18 2012 12:41:37
[Sat Jun 21 12:28:55.244941 2025] [core:notice] [pid 4820:tid 284] AH00094: Command line: 'apache\\bin\\httpd.exe -d C:/SYSME/SGC/xampp/apache'
[Sat Jun 21 12:28:55.244941 2025] [mpm_winnt:notice] [pid 4820:tid 284] AH00418: Parent: Created child process 5016
[Sat Jun 21 12:28:56.213740 2025] [ssl:warn] [pid 5016:tid 292] AH01873: Init: Session Cache is not configured [hint: SSLSessionCache]
[Sat Jun 21 12:28:56.260620 2025] [mpm_winnt:notice] [pid 5016:tid 292] AH00354: Child: Starting 150 worker threads.
[Sun Jun 22 12:12:31.194605 2025] [core:warn] [pid 960:tid 284] AH00098: pid file C:/SYSME/SGC/xampp/apache/logs/httpd.pid overwritten -- Unclean shutdown of previous Apache run?
[Sun Jun 22 12:12:31.491495 2025] [ssl:warn] [pid 960:tid 284] AH01873: Init: Session Cache is not configured [hint: SSLSessionCache]
[Sun Jun 22 12:12:31.929018 2025] [mpm_winnt:notice] [pid 960:tid 284] AH00455: Apache/2.4.3 (Win32) OpenSSL/1.0.1c PHP/5.4.7 configured -- resuming normal operations
[Sun Jun 22 12:12:31.929018 2025] [mpm_winnt:notice] [pid 960:tid 284] AH00456: Server built: Aug 18 2012 12:41:37
[Sun Jun 22 12:12:31.929018 2025] [core:notice] [pid 960:tid 284] AH00094: Command line: 'apache\\bin\\httpd.exe -d C:/SYSME/SGC/xampp/apache'
[Sun Jun 22 12:12:31.944644 2025] [mpm_winnt:notice] [pid 960:tid 284] AH00418: Parent: Created child process 6140
[Sun Jun 22 12:12:32.819689 2025] [ssl:warn] [pid 6140:tid 292] AH01873: Init: Session Cache is not configured [hint: SSLSessionCache]
[Sun Jun 22 12:12:32.882192 2025] [mpm_winnt:notice] [pid 6140:tid 292] AH00354: Child: Starting 150 worker threads.
[Mon Jun 23 12:43:33.247958 2025] [core:warn] [pid 3808:tid 288] AH00098: pid file C:/SYSME/SGC/xampp/apache/logs/httpd.pid overwritten -- Unclean shutdown of previous Apache run?
[Mon Jun 23 12:43:33.607352 2025] [ssl:warn] [pid 3808:tid 288] AH01873: Init: Session Cache is not configured [hint: SSLSessionCache]
[Mon Jun 23 12:43:33.669856 2025] [mpm_winnt:notice] [pid 3808:tid 288] AH00455: Apache/2.4.3 (Win32) OpenSSL/1.0.1c PHP/5.4.7 configured -- resuming normal operations
[Mon Jun 23 12:43:33.669856 2025] [mpm_winnt:notice] [pid 3808:tid 288] AH00456: Server built: Aug 18 2012 12:41:37
[Mon Jun 23 12:43:33.669856 2025] [core:notice] [pid 3808:tid 288] AH00094: Command line: 'apache\\bin\\httpd.exe -d C:/SYSME/SGC/xampp/apache'
[Mon Jun 23 12:43:33.669856 2025] [mpm_winnt:notice] [pid 3808:tid 288] AH00418: Parent: Created child process 3304
[Mon Jun 23 12:43:34.623031 2025] [ssl:warn] [pid 3304:tid 296] AH01873: Init: Session Cache is not configured [hint: SSLSessionCache]
[Mon Jun 23 12:43:34.669907 2025] [mpm_winnt:notice] [pid 3304:tid 296] AH00354: Child: Starting 150 worker threads.
[Tue Jun 24 13:40:32.763972 2025] [core:warn] [pid 5528:tid 292] AH00098: pid file C:/SYSME/SGC/xampp/apache/logs/httpd.pid overwritten -- Unclean shutdown of previous Apache run?
[Tue Jun 24 13:40:33.138975 2025] [ssl:warn] [pid 5528:tid 292] AH01873: Init: Session Cache is not configured [hint: SSLSessionCache]
[Tue Jun 24 13:40:33.201478 2025] [mpm_winnt:notice] [pid 5528:tid 292] AH00455: Apache/2.4.3 (Win32) OpenSSL/1.0.1c PHP/5.4.7 configured -- resuming normal operations
[Tue Jun 24 13:40:33.201478 2025] [mpm_winnt:notice] [pid 5528:tid 292] AH00456: Server built: Aug 18 2012 12:41:37
[Tue Jun 24 13:40:33.201478 2025] [core:notice] [pid 5528:tid 292] AH00094: Command line: 'apache\\bin\\httpd.exe -d C:/SYSME/SGC/xampp/apache'
[Tue Jun 24 13:40:33.201478 2025] [mpm_winnt:notice] [pid 5528:tid 292] AH00418: Parent: Created child process 3784
[Tue Jun 24 13:40:34.264030 2025] [ssl:warn] [pid 3784:tid 292] AH01873: Init: Session Cache is not configured [hint: SSLSessionCache]
[Tue Jun 24 13:40:34.326535 2025] [mpm_winnt:notice] [pid 3784:tid 292] AH00354: Child: Starting 150 worker threads.
[Wed Jun 25 12:29:02.096431 2025] [core:warn] [pid 5024:tid 284] AH00098: pid file C:/SYSME/SGC/xampp/apache/logs/httpd.pid overwritten -- Unclean shutdown of previous Apache run?
[Wed Jun 25 12:29:02.377695 2025] [ssl:warn] [pid 5024:tid 284] AH01873: Init: Session Cache is not configured [hint: SSLSessionCache]
[Wed Jun 25 12:29:02.424573 2025] [mpm_winnt:notice] [pid 5024:tid 284] AH00455: Apache/2.4.3 (Win32) OpenSSL/1.0.1c PHP/5.4.7 configured -- resuming normal operations
[Wed Jun 25 12:29:02.424573 2025] [mpm_winnt:notice] [pid 5024:tid 284] AH00456: Server built: Aug 18 2012 12:41:37
[Wed Jun 25 12:29:02.424573 2025] [core:notice] [pid 5024:tid 284] AH00094: Command line: 'apache\\bin\\httpd.exe -d C:/SYSME/SGC/xampp/apache'
[Wed Jun 25 12:29:02.424573 2025] [mpm_winnt:notice] [pid 5024:tid 284] AH00418: Parent: Created child process 3180
[Wed Jun 25 12:29:03.299616 2025] [ssl:warn] [pid 3180:tid 296] AH01873: Init: Session Cache is not configured [hint: SSLSessionCache]
[Wed Jun 25 12:29:03.330871 2025] [mpm_winnt:notice] [pid 3180:tid 296] AH00354: Child: Starting 150 worker threads.
[Thu Jun 26 12:22:34.465843 2025] [core:warn] [pid 4564:tid 288] AH00098: pid file C:/SYSME/SGC/xampp/apache/logs/httpd.pid overwritten -- Unclean shutdown of previous Apache run?
[Thu Jun 26 12:22:34.809611 2025] [ssl:warn] [pid 4564:tid 288] AH01873: Init: Session Cache is not configured [hint: SSLSessionCache]
[Thu Jun 26 12:22:34.887742 2025] [mpm_winnt:notice] [pid 4564:tid 288] AH00455: Apache/2.4.3 (Win32) OpenSSL/1.0.1c PHP/5.4.7 configured -- resuming normal operations
[Thu Jun 26 12:22:34.887742 2025] [mpm_winnt:notice] [pid 4564:tid 288] AH00456: Server built: Aug 18 2012 12:41:37
[Thu Jun 26 12:22:34.887742 2025] [core:notice] [pid 4564:tid 288] AH00094: Command line: 'apache\\bin\\httpd.exe -d C:/SYSME/SGC/xampp/apache'
[Thu Jun 26 12:22:34.887742 2025] [mpm_winnt:notice] [pid 4564:tid 288] AH00418: Parent: Created child process 4016
[Thu Jun 26 12:22:35.950294 2025] [ssl:warn] [pid 4016:tid 300] AH01873: Init: Session Cache is not configured [hint: SSLSessionCache]
[Thu Jun 26 12:22:36.012797 2025] [mpm_winnt:notice] [pid 4016:tid 300] AH00354: Child: Starting 150 worker threads.
[Fri Jun 27 12:49:51.146456 2025] [core:warn] [pid 5696:tid 284] AH00098: pid file C:/SYSME/SGC/xampp/apache/logs/httpd.pid overwritten -- Unclean shutdown of previous Apache run?
[Fri Jun 27 12:49:51.505848 2025] [ssl:warn] [pid 5696:tid 284] AH01873: Init: Session Cache is not configured [hint: SSLSessionCache]
[Fri Jun 27 12:49:51.552725 2025] [mpm_winnt:notice] [pid 5696:tid 284] AH00455: Apache/2.4.3 (Win32) OpenSSL/1.0.1c PHP/5.4.7 configured -- resuming normal operations
[Fri Jun 27 12:49:51.552725 2025] [mpm_winnt:notice] [pid 5696:tid 284] AH00456: Server built: Aug 18 2012 12:41:37
[Fri Jun 27 12:49:51.552725 2025] [core:notice] [pid 5696:tid 284] AH00094: Command line: 'apache\\bin\\httpd.exe -d C:/SYSME/SGC/xampp/apache'
[Fri Jun 27 12:49:51.568351 2025] [mpm_winnt:notice] [pid 5696:tid 284] AH00418: Parent: Created child process 6128
[Fri Jun 27 12:49:52.380892 2025] [ssl:warn] [pid 6128:tid 292] AH01873: Init: Session Cache is not configured [hint: SSLSessionCache]
[Fri Jun 27 12:49:52.427770 2025] [mpm_winnt:notice] [pid 6128:tid 292] AH00354: Child: Starting 150 worker threads.
[Sat Jun 28 12:44:45.264676 2025] [core:warn] [pid 2792:tid 284] AH00098: pid file C:/SYSME/SGC/xampp/apache/logs/httpd.pid overwritten -- Unclean shutdown of previous Apache run?
[Sat Jun 28 12:44:45.655319 2025] [ssl:warn] [pid 2792:tid 284] AH01873: Init: Session Cache is not configured [hint: SSLSessionCache]
[Sat Jun 28 12:44:45.702197 2025] [mpm_winnt:notice] [pid 2792:tid 284] AH00455: Apache/2.4.3 (Win32) OpenSSL/1.0.1c PHP/5.4.7 configured -- resuming normal operations
[Sat Jun 28 12:44:45.702197 2025] [mpm_winnt:notice] [pid 2792:tid 284] AH00456: Server built: Aug 18 2012 12:41:37
[Sat Jun 28 12:44:45.702197 2025] [core:notice] [pid 2792:tid 284] AH00094: Command line: 'apache\\bin\\httpd.exe -d C:/SYSME/SGC/xampp/apache'
[Sat Jun 28 12:44:45.717823 2025] [mpm_winnt:notice] [pid 2792:tid 284] AH00418: Parent: Created child process 2084
[Sat Jun 28 12:44:46.670996 2025] [ssl:warn] [pid 2084:tid 292] AH01873: Init: Session Cache is not configured [hint: SSLSessionCache]
[Sat Jun 28 12:44:46.717873 2025] [mpm_winnt:notice] [pid 2084:tid 292] AH00354: Child: Starting 150 worker threads.
[Sun Jun 29 12:13:28.526440 2025] [core:warn] [pid 36:tid 288] AH00098: pid file C:/SYSME/SGC/xampp/apache/logs/httpd.pid overwritten -- Unclean shutdown of previous Apache run?
[Sun Jun 29 12:13:28.870206 2025] [ssl:warn] [pid 36:tid 288] AH01873: Init: Session Cache is not configured [hint: SSLSessionCache]
[Sun Jun 29 12:13:28.932712 2025] [mpm_winnt:notice] [pid 36:tid 288] AH00455: Apache/2.4.3 (Win32) OpenSSL/1.0.1c PHP/5.4.7 configured -- resuming normal operations
[Sun Jun 29 12:13:28.932712 2025] [mpm_winnt:notice] [pid 36:tid 288] AH00456: Server built: Aug 18 2012 12:41:37
[Sun Jun 29 12:13:28.932712 2025] [core:notice] [pid 36:tid 288] AH00094: Command line: 'apache\\bin\\httpd.exe -d C:/SYSME/SGC/xampp/apache'
[Sun Jun 29 12:13:28.932712 2025] [mpm_winnt:notice] [pid 36:tid 288] AH00418: Parent: Created child process 1812
[Sun Jun 29 12:13:29.885882 2025] [ssl:warn] [pid 1812:tid 292] AH01873: Init: Session Cache is not configured [hint: SSLSessionCache]
[Sun Jun 29 12:13:29.917134 2025] [mpm_winnt:notice] [pid 1812:tid 292] AH00354: Child: Starting 150 worker threads.
[Mon Jun 30 12:42:42.420065 2025] [core:warn] [pid 188:tid 284] AH00098: pid file C:/SYSME/SGC/xampp/apache/logs/httpd.pid overwritten -- Unclean shutdown of previous Apache run?
[Mon Jun 30 12:42:42.795085 2025] [ssl:warn] [pid 188:tid 284] AH01873: Init: Session Cache is not configured [hint: SSLSessionCache]
[Mon Jun 30 12:42:42.857590 2025] [mpm_winnt:notice] [pid 188:tid 284] AH00455: Apache/2.4.3 (Win32) OpenSSL/1.0.1c PHP/5.4.7 configured -- resuming normal operations
[Mon Jun 30 12:42:42.857590 2025] [mpm_winnt:notice] [pid 188:tid 284] AH00456: Server built: Aug 18 2012 12:41:37
[Mon Jun 30 12:42:42.857590 2025] [core:notice] [pid 188:tid 284] AH00094: Command line: 'apache\\bin\\httpd.exe -d C:/SYSME/SGC/xampp/apache'
[Mon Jun 30 12:42:42.857590 2025] [mpm_winnt:notice] [pid 188:tid 284] AH00418: Parent: Created child process 2056
[Mon Jun 30 12:42:43.857637 2025] [ssl:warn] [pid 2056:tid 292] AH01873: Init: Session Cache is not configured [hint: SSLSessionCache]
[Mon Jun 30 12:42:43.904516 2025] [mpm_winnt:notice] [pid 2056:tid 292] AH00354: Child: Starting 150 worker threads.
[Tue Jul 01 13:19:01.907382 2025] [core:warn] [pid 2580:tid 284] AH00098: pid file C:/SYSME/SGC/xampp/apache/logs/httpd.pid overwritten -- Unclean shutdown of previous Apache run?
[Tue Jul 01 13:19:02.219895 2025] [ssl:warn] [pid 2580:tid 284] AH01873: Init: Session Cache is not configured [hint: SSLSessionCache]
[Tue Jul 01 13:19:02.266773 2025] [mpm_winnt:notice] [pid 2580:tid 284] AH00455: Apache/2.4.3 (Win32) OpenSSL/1.0.1c PHP/5.4.7 configured -- resuming normal operations
[Tue Jul 01 13:19:02.266773 2025] [mpm_winnt:notice] [pid 2580:tid 284] AH00456: Server built: Aug 18 2012 12:41:37
[Tue Jul 01 13:19:02.266773 2025] [core:notice] [pid 2580:tid 284] AH00094: Command line: 'apache\\bin\\httpd.exe -d C:/SYSME/SGC/xampp/apache'
[Tue Jul 01 13:19:02.266773 2025] [mpm_winnt:notice] [pid 2580:tid 284] AH00418: Parent: Created child process 3548
[Tue Jul 01 13:19:03.188695 2025] [ssl:warn] [pid 3548:tid 292] AH01873: Init: Session Cache is not configured [hint: SSLSessionCache]
[Tue Jul 01 13:19:03.235571 2025] [mpm_winnt:notice] [pid 3548:tid 292] AH00354: Child: Starting 150 worker threads.
[Wed Jul 02 12:18:26.599465 2025] [core:warn] [pid 3760:tid 288] AH00098: pid file C:/SYSME/SGC/xampp/apache/logs/httpd.pid overwritten -- Unclean shutdown of previous Apache run?
[Wed Jul 02 12:18:26.958858 2025] [ssl:warn] [pid 3760:tid 288] AH01873: Init: Session Cache is not configured [hint: SSLSessionCache]
[Wed Jul 02 12:18:27.021363 2025] [mpm_winnt:notice] [pid 3760:tid 288] AH00455: Apache/2.4.3 (Win32) OpenSSL/1.0.1c PHP/5.4.7 configured -- resuming normal operations
[Wed Jul 02 12:18:27.021363 2025] [mpm_winnt:notice] [pid 3760:tid 288] AH00456: Server built: Aug 18 2012 12:41:37
[Wed Jul 02 12:18:27.021363 2025] [core:notice] [pid 3760:tid 288] AH00094: Command line: 'apache\\bin\\httpd.exe -d C:/SYSME/SGC/xampp/apache'
[Wed Jul 02 12:18:27.021363 2025] [mpm_winnt:notice] [pid 3760:tid 288] AH00418: Parent: Created child process 6052
[Wed Jul 02 12:18:28.052664 2025] [ssl:warn] [pid 6052:tid 304] AH01873: Init: Session Cache is not configured [hint: SSLSessionCache]
[Wed Jul 02 12:18:28.099542 2025] [mpm_winnt:notice] [pid 6052:tid 304] AH00354: Child: Starting 150 worker threads.
[Thu Jul 03 12:23:26.841689 2025] [core:warn] [pid 5216:tid 284] AH00098: pid file C:/SYSME/SGC/xampp/apache/logs/httpd.pid overwritten -- Unclean shutdown of previous Apache run?
[Thu Jul 03 12:23:27.122953 2025] [ssl:warn] [pid 5216:tid 284] AH01873: Init: Session Cache is not configured [hint: SSLSessionCache]
[Thu Jul 03 12:23:27.185458 2025] [mpm_winnt:notice] [pid 5216:tid 284] AH00455: Apache/2.4.3 (Win32) OpenSSL/1.0.1c PHP/5.4.7 configured -- resuming normal operations
[Thu Jul 03 12:23:27.185458 2025] [mpm_winnt:notice] [pid 5216:tid 284] AH00456: Server built: Aug 18 2012 12:41:37
[Thu Jul 03 12:23:27.185458 2025] [core:notice] [pid 5216:tid 284] AH00094: Command line: 'apache\\bin\\httpd.exe -d C:/SYSME/SGC/xampp/apache'
[Thu Jul 03 12:23:27.185458 2025] [mpm_winnt:notice] [pid 5216:tid 284] AH00418: Parent: Created child process 2688
[Thu Jul 03 12:23:28.044874 2025] [ssl:warn] [pid 2688:tid 296] AH01873: Init: Session Cache is not configured [hint: SSLSessionCache]
[Thu Jul 03 12:23:28.091753 2025] [mpm_winnt:notice] [pid 2688:tid 296] AH00354: Child: Starting 150 worker threads.
[Fri Jul 04 12:08:35.951163 2025] [core:warn] [pid 5744:tid 292] AH00098: pid file C:/SYSME/SGC/xampp/apache/logs/httpd.pid overwritten -- Unclean shutdown of previous Apache run?
[Fri Jul 04 12:08:36.560568 2025] [ssl:warn] [pid 5744:tid 292] AH01873: Init: Session Cache is not configured [hint: SSLSessionCache]
[Fri Jul 04 12:08:36.623073 2025] [mpm_winnt:notice] [pid 5744:tid 292] AH00455: Apache/2.4.3 (Win32) OpenSSL/1.0.1c PHP/5.4.7 configured -- resuming normal operations
[Fri Jul 04 12:08:36.623073 2025] [mpm_winnt:notice] [pid 5744:tid 292] AH00456: Server built: Aug 18 2012 12:41:37
[Fri Jul 04 12:08:36.623073 2025] [core:notice] [pid 5744:tid 292] AH00094: Command line: 'apache\\bin\\httpd.exe -d C:/SYSME/SGC/xampp/apache'
[Fri Jul 04 12:08:36.623073 2025] [mpm_winnt:notice] [pid 5744:tid 292] AH00418: Parent: Created child process 3348
[Fri Jul 04 12:08:37.701250 2025] [ssl:warn] [pid 3348:tid 296] AH01873: Init: Session Cache is not configured [hint: SSLSessionCache]
[Fri Jul 04 12:08:37.763755 2025] [mpm_winnt:notice] [pid 3348:tid 296] AH00354: Child: Starting 150 worker threads.
[Sat Jul 05 12:37:46.707921 2025] [core:warn] [pid 4412:tid 284] AH00098: pid file C:/SYSME/SGC/xampp/apache/logs/httpd.pid overwritten -- Unclean shutdown of previous Apache run?
[Sat Jul 05 12:37:47.051683 2025] [ssl:warn] [pid 4412:tid 284] AH01873: Init: Session Cache is not configured [hint: SSLSessionCache]
[Sat Jul 05 12:37:47.129812 2025] [mpm_winnt:notice] [pid 4412:tid 284] AH00455: Apache/2.4.3 (Win32) OpenSSL/1.0.1c PHP/5.4.7 configured -- resuming normal operations
[Sat Jul 05 12:37:47.129812 2025] [mpm_winnt:notice] [pid 4412:tid 284] AH00456: Server built: Aug 18 2012 12:41:37
[Sat Jul 05 12:37:47.129812 2025] [core:notice] [pid 4412:tid 284] AH00094: Command line: 'apache\\bin\\httpd.exe -d C:/SYSME/SGC/xampp/apache'
[Sat Jul 05 12:37:47.129812 2025] [mpm_winnt:notice] [pid 4412:tid 284] AH00418: Parent: Created child process 3164
[Sat Jul 05 12:37:47.911102 2025] [ssl:warn] [pid 3164:tid 296] AH01873: Init: Session Cache is not configured [hint: SSLSessionCache]
[Sat Jul 05 12:37:47.957981 2025] [mpm_winnt:notice] [pid 3164:tid 296] AH00354: Child: Starting 150 worker threads.
[Sun Jul 06 12:40:31.174692 2025] [core:warn] [pid 4456:tid 284] AH00098: pid file C:/SYSME/SGC/xampp/apache/logs/httpd.pid overwritten -- Unclean shutdown of previous Apache run?
[Sun Jul 06 12:40:31.502835 2025] [ssl:warn] [pid 4456:tid 284] AH01873: Init: Session Cache is not configured [hint: SSLSessionCache]
[Sun Jul 06 12:40:31.565337 2025] [mpm_winnt:notice] [pid 4456:tid 284] AH00455: Apache/2.4.3 (Win32) OpenSSL/1.0.1c PHP/5.4.7 configured -- resuming normal operations
[Sun Jul 06 12:40:31.565337 2025] [mpm_winnt:notice] [pid 4456:tid 284] AH00456: Server built: Aug 18 2012 12:41:37
[Sun Jul 06 12:40:31.565337 2025] [core:notice] [pid 4456:tid 284] AH00094: Command line: 'apache\\bin\\httpd.exe -d C:/SYSME/SGC/xampp/apache'
[Sun Jul 06 12:40:31.565337 2025] [mpm_winnt:notice] [pid 4456:tid 284] AH00418: Parent: Created child process 4136
[Sun Jul 06 12:40:32.362253 2025] [ssl:warn] [pid 4136:tid 296] AH01873: Init: Session Cache is not configured [hint: SSLSessionCache]
[Sun Jul 06 12:40:32.409132 2025] [mpm_winnt:notice] [pid 4136:tid 296] AH00354: Child: Starting 150 worker threads.
[Tue Jul 08 12:33:29.097302 2025] [core:warn] [pid 1728:tid 288] AH00098: pid file C:/SYSME/SGC/xampp/apache/logs/httpd.pid overwritten -- Unclean shutdown of previous Apache run?
[Tue Jul 08 12:33:29.456693 2025] [ssl:warn] [pid 1728:tid 288] AH01873: Init: Session Cache is not configured [hint: SSLSessionCache]
[Tue Jul 08 12:33:29.519197 2025] [mpm_winnt:notice] [pid 1728:tid 288] AH00455: Apache/2.4.3 (Win32) OpenSSL/1.0.1c PHP/5.4.7 configured -- resuming normal operations
[Tue Jul 08 12:33:29.519197 2025] [mpm_winnt:notice] [pid 1728:tid 288] AH00456: Server built: Aug 18 2012 12:41:37
[Tue Jul 08 12:33:29.519197 2025] [core:notice] [pid 1728:tid 288] AH00094: Command line: 'apache\\bin\\httpd.exe -d C:/SYSME/SGC/xampp/apache'
[Tue Jul 08 12:33:29.519197 2025] [mpm_winnt:notice] [pid 1728:tid 288] AH00418: Parent: Created child process 4760
[Tue Jul 08 12:33:30.441117 2025] [ssl:warn] [pid 4760:tid 296] AH01873: Init: Session Cache is not configured [hint: SSLSessionCache]
[Tue Jul 08 12:33:30.487998 2025] [mpm_winnt:notice] [pid 4760:tid 296] AH00354: Child: Starting 150 worker threads.
[Wed Jul 09 12:16:35.560894 2025] [core:warn] [pid 2120:tid 284] AH00098: pid file C:/SYSME/SGC/xampp/apache/logs/httpd.pid overwritten -- Unclean shutdown of previous Apache run?
[Wed Jul 09 12:16:35.920287 2025] [ssl:warn] [pid 2120:tid 284] AH01873: Init: Session Cache is not configured [hint: SSLSessionCache]
[Wed Jul 09 12:16:35.967164 2025] [mpm_winnt:notice] [pid 2120:tid 284] AH00455: Apache/2.4.3 (Win32) OpenSSL/1.0.1c PHP/5.4.7 configured -- resuming normal operations
[Wed Jul 09 12:16:35.967164 2025] [mpm_winnt:notice] [pid 2120:tid 284] AH00456: Server built: Aug 18 2012 12:41:37
[Wed Jul 09 12:16:35.967164 2025] [core:notice] [pid 2120:tid 284] AH00094: Command line: 'apache\\bin\\httpd.exe -d C:/SYSME/SGC/xampp/apache'
[Wed Jul 09 12:16:35.967164 2025] [mpm_winnt:notice] [pid 2120:tid 284] AH00418: Parent: Created child process 2912
[Wed Jul 09 12:16:36.935962 2025] [ssl:warn] [pid 2912:tid 292] AH01873: Init: Session Cache is not configured [hint: SSLSessionCache]
[Wed Jul 09 12:16:36.982840 2025] [mpm_winnt:notice] [pid 2912:tid 292] AH00354: Child: Starting 150 worker threads.
[Thu Jul 10 13:45:18.216303 2025] [core:warn] [pid 3868:tid 296] AH00098: pid file C:/SYSME/SGC/xampp/apache/logs/httpd.pid overwritten -- Unclean shutdown of previous Apache run?
[Thu Jul 10 13:45:18.553528 2025] [ssl:warn] [pid 3868:tid 296] AH01873: Init: Session Cache is not configured [hint: SSLSessionCache]
[Thu Jul 10 13:45:18.611565 2025] [mpm_winnt:notice] [pid 3868:tid 296] AH00455: Apache/2.4.3 (Win32) OpenSSL/1.0.1c PHP/5.4.7 configured -- resuming normal operations
[Thu Jul 10 13:45:18.611565 2025] [mpm_winnt:notice] [pid 3868:tid 296] AH00456: Server built: Aug 18 2012 12:41:37
[Thu Jul 10 13:45:18.611565 2025] [core:notice] [pid 3868:tid 296] AH00094: Command line: 'apache\\bin\\httpd.exe -d C:/SYSME/SGC/xampp/apache'
[Thu Jul 10 13:45:18.612566 2025] [mpm_winnt:notice] [pid 3868:tid 296] AH00418: Parent: Created child process 5624
[Thu Jul 10 13:45:19.533179 2025] [ssl:warn] [pid 5624:tid 292] AH01873: Init: Session Cache is not configured [hint: SSLSessionCache]
[Thu Jul 10 13:45:19.578209 2025] [mpm_winnt:notice] [pid 5624:tid 292] AH00354: Child: Starting 150 worker threads.
[Fri Jul 11 12:25:40.634856 2025] [core:warn] [pid 1204:tid 288] AH00098: pid file C:/SYSME/SGC/xampp/apache/logs/httpd.pid overwritten -- Unclean shutdown of previous Apache run?
[Fri Jul 11 12:25:40.947359 2025] [ssl:warn] [pid 1204:tid 288] AH01873: Init: Session Cache is not configured [hint: SSLSessionCache]
[Fri Jul 11 12:25:41.009862 2025] [mpm_winnt:notice] [pid 1204:tid 288] AH00455: Apache/2.4.3 (Win32) OpenSSL/1.0.1c PHP/5.4.7 configured -- resuming normal operations
[Fri Jul 11 12:25:41.009862 2025] [mpm_winnt:notice] [pid 1204:tid 288] AH00456: Server built: Aug 18 2012 12:41:37
[Fri Jul 11 12:25:41.009862 2025] [core:notice] [pid 1204:tid 288] AH00094: Command line: 'apache\\bin\\httpd.exe -d C:/SYSME/SGC/xampp/apache'
[Fri Jul 11 12:25:41.009862 2025] [mpm_winnt:notice] [pid 1204:tid 288] AH00418: Parent: Created child process 5792
[Fri Jul 11 12:25:41.947410 2025] [ssl:warn] [pid 5792:tid 292] AH01873: Init: Session Cache is not configured [hint: SSLSessionCache]
[Fri Jul 11 12:25:41.994288 2025] [mpm_winnt:notice] [pid 5792:tid 292] AH00354: Child: Starting 150 worker threads.
[Sat Jul 12 13:05:51.818502 2025] [core:warn] [pid 676:tid 292] AH00098: pid file C:/SYSME/SGC/xampp/apache/logs/httpd.pid overwritten -- Unclean shutdown of previous Apache run?
[Sat Jul 12 13:05:52.131007 2025] [ssl:warn] [pid 676:tid 292] AH01873: Init: Session Cache is not configured [hint: SSLSessionCache]
[Sat Jul 12 13:05:52.193511 2025] [mpm_winnt:notice] [pid 676:tid 292] AH00455: Apache/2.4.3 (Win32) OpenSSL/1.0.1c PHP/5.4.7 configured -- resuming normal operations
[Sat Jul 12 13:05:52.193511 2025] [mpm_winnt:notice] [pid 676:tid 292] AH00456: Server built: Aug 18 2012 12:41:37
[Sat Jul 12 13:05:52.193511 2025] [core:notice] [pid 676:tid 292] AH00094: Command line: 'apache\\bin\\httpd.exe -d C:/SYSME/SGC/xampp/apache'
[Sat Jul 12 13:05:52.193511 2025] [mpm_winnt:notice] [pid 676:tid 292] AH00418: Parent: Created child process 2916
[Sat Jul 12 13:05:53.021677 2025] [ssl:warn] [pid 2916:tid 292] AH01873: Init: Session Cache is not configured [hint: SSLSessionCache]
[Sat Jul 12 13:05:53.068555 2025] [mpm_winnt:notice] [pid 2916:tid 292] AH00354: Child: Starting 150 worker threads.
[Sun Jul 13 12:39:51.936393 2025] [core:warn] [pid 4720:tid 288] AH00098: pid file C:/SYSME/SGC/xampp/apache/logs/httpd.pid overwritten -- Unclean shutdown of previous Apache run?
[Sun Jul 13 12:39:52.373910 2025] [ssl:warn] [pid 4720:tid 288] AH01873: Init: Session Cache is not configured [hint: SSLSessionCache]
[Sun Jul 13 12:39:52.436413 2025] [mpm_winnt:notice] [pid 4720:tid 288] AH00455: Apache/2.4.3 (Win32) OpenSSL/1.0.1c PHP/5.4.7 configured -- resuming normal operations
[Sun Jul 13 12:39:52.436413 2025] [mpm_winnt:notice] [pid 4720:tid 288] AH00456: Server built: Aug 18 2012 12:41:37
[Sun Jul 13 12:39:52.436413 2025] [core:notice] [pid 4720:tid 288] AH00094: Command line: 'apache\\bin\\httpd.exe -d C:/SYSME/SGC/xampp/apache'
[Sun Jul 13 12:39:52.436413 2025] [mpm_winnt:notice] [pid 4720:tid 288] AH00418: Parent: Created child process 3144
[Sun Jul 13 12:39:53.233327 2025] [ssl:warn] [pid 3144:tid 292] AH01873: Init: Session Cache is not configured [hint: SSLSessionCache]
[Sun Jul 13 12:39:53.280206 2025] [mpm_winnt:notice] [pid 3144:tid 292] AH00354: Child: Starting 150 worker threads.
[Mon Jul 14 12:33:33.287183 2025] [core:warn] [pid 5984:tid 296] AH00098: pid file C:/SYSME/SGC/xampp/apache/logs/httpd.pid overwritten -- Unclean shutdown of previous Apache run?
[Mon Jul 14 12:33:33.677826 2025] [ssl:warn] [pid 5984:tid 296] AH01873: Init: Session Cache is not configured [hint: SSLSessionCache]
[Mon Jul 14 12:33:33.740329 2025] [mpm_winnt:notice] [pid 5984:tid 296] AH00455: Apache/2.4.3 (Win32) OpenSSL/1.0.1c PHP/5.4.7 configured -- resuming normal operations
[Mon Jul 14 12:33:33.740329 2025] [mpm_winnt:notice] [pid 5984:tid 296] AH00456: Server built: Aug 18 2012 12:41:37
[Mon Jul 14 12:33:33.740329 2025] [core:notice] [pid 5984:tid 296] AH00094: Command line: 'apache\\bin\\httpd.exe -d C:/SYSME/SGC/xampp/apache'
[Mon Jul 14 12:33:33.740329 2025] [mpm_winnt:notice] [pid 5984:tid 296] AH00418: Parent: Created child process 5060
[Mon Jul 14 12:33:34.771631 2025] [ssl:warn] [pid 5060:tid 292] AH01873: Init: Session Cache is not configured [hint: SSLSessionCache]
[Mon Jul 14 12:33:34.818509 2025] [mpm_winnt:notice] [pid 5060:tid 292] AH00354: Child: Starting 150 worker threads.
[Tue Jul 15 12:33:48.801871 2025] [core:warn] [pid 4180:tid 292] AH00098: pid file C:/SYSME/SGC/xampp/apache/logs/httpd.pid overwritten -- Unclean shutdown of previous Apache run?
[Tue Jul 15 12:33:49.098761 2025] [ssl:warn] [pid 4180:tid 292] AH01873: Init: Session Cache is not configured [hint: SSLSessionCache]
[Tue Jul 15 12:33:49.161265 2025] [mpm_winnt:notice] [pid 4180:tid 292] AH00455: Apache/2.4.3 (Win32) OpenSSL/1.0.1c PHP/5.4.7 configured -- resuming normal operations
[Tue Jul 15 12:33:49.161265 2025] [mpm_winnt:notice] [pid 4180:tid 292] AH00456: Server built: Aug 18 2012 12:41:37
[Tue Jul 15 12:33:49.161265 2025] [core:notice] [pid 4180:tid 292] AH00094: Command line: 'apache\\bin\\httpd.exe -d C:/SYSME/SGC/xampp/apache'
[Tue Jul 15 12:33:49.161265 2025] [mpm_winnt:notice] [pid 4180:tid 292] AH00418: Parent: Created child process 992
[Tue Jul 15 12:33:50.208192 2025] [ssl:warn] [pid 992:tid 292] AH01873: Init: Session Cache is not configured [hint: SSLSessionCache]
[Tue Jul 15 12:33:50.255073 2025] [mpm_winnt:notice] [pid 992:tid 292] AH00354: Child: Starting 150 worker threads.
[Wed Jul 16 12:26:04.364073 2025] [core:warn] [pid 2708:tid 288] AH00098: pid file C:/SYSME/SGC/xampp/apache/logs/httpd.pid overwritten -- Unclean shutdown of previous Apache run?
[Wed Jul 16 12:26:04.692207 2025] [ssl:warn] [pid 2708:tid 288] AH01873: Init: Session Cache is not configured [hint: SSLSessionCache]
[Wed Jul 16 12:26:04.754708 2025] [mpm_winnt:notice] [pid 2708:tid 288] AH00455: Apache/2.4.3 (Win32) OpenSSL/1.0.1c PHP/5.4.7 configured -- resuming normal operations
[Wed Jul 16 12:26:04.754708 2025] [mpm_winnt:notice] [pid 2708:tid 288] AH00456: Server built: Aug 18 2012 12:41:37
[Wed Jul 16 12:26:04.754708 2025] [core:notice] [pid 2708:tid 288] AH00094: Command line: 'apache\\bin\\httpd.exe -d C:/SYSME/SGC/xampp/apache'
[Wed Jul 16 12:26:04.754708 2025] [mpm_winnt:notice] [pid 2708:tid 288] AH00418: Parent: Created child process 2388
[Wed Jul 16 12:26:05.567249 2025] [ssl:warn] [pid 2388:tid 292] AH01873: Init: Session Cache is not configured [hint: SSLSessionCache]
[Wed Jul 16 12:26:05.614127 2025] [mpm_winnt:notice] [pid 2388:tid 292] AH00354: Child: Starting 150 worker threads.
[Thu Jul 17 12:01:29.625746 2025] [core:warn] [pid 4272:tid 312] AH00098: pid file C:/SYSME/SGC/xampp/apache/logs/httpd.pid overwritten -- Unclean shutdown of previous Apache run?
[Thu Jul 17 12:01:30.016390 2025] [ssl:warn] [pid 4272:tid 312] AH01873: Init: Session Cache is not configured [hint: SSLSessionCache]
[Thu Jul 17 12:01:30.625796 2025] [mpm_winnt:notice] [pid 4272:tid 312] AH00455: Apache/2.4.3 (Win32) OpenSSL/1.0.1c PHP/5.4.7 configured -- resuming normal operations
[Thu Jul 17 12:01:30.641422 2025] [mpm_winnt:notice] [pid 4272:tid 312] AH00456: Server built: Aug 18 2012 12:41:37
[Thu Jul 17 12:01:30.641422 2025] [core:notice] [pid 4272:tid 312] AH00094: Command line: 'apache\\bin\\httpd.exe -d C:/SYSME/SGC/xampp/apache'
[Thu Jul 17 12:01:30.641422 2025] [mpm_winnt:notice] [pid 4272:tid 312] AH00418: Parent: Created child process 3076
[Thu Jul 17 12:01:32.360258 2025] [ssl:warn] [pid 3076:tid 268] AH01873: Init: Session Cache is not configured [hint: SSLSessionCache]
[Thu Jul 17 12:01:32.407136 2025] [mpm_winnt:notice] [pid 3076:tid 268] AH00354: Child: Starting 150 worker threads.
[Fri Jul 18 12:30:28.876097 2025] [core:warn] [pid 4308:tid 296] AH00098: pid file C:/SYSME/SGC/xampp/apache/logs/httpd.pid overwritten -- Unclean shutdown of previous Apache run?
[Fri Jul 18 12:30:29.188598 2025] [ssl:warn] [pid 4308:tid 296] AH01873: Init: Session Cache is not configured [hint: SSLSessionCache]
[Fri Jul 18 12:30:29.235476 2025] [mpm_winnt:notice] [pid 4308:tid 296] AH00455: Apache/2.4.3 (Win32) OpenSSL/1.0.1c PHP/5.4.7 configured -- resuming normal operations
[Fri Jul 18 12:30:29.235476 2025] [mpm_winnt:notice] [pid 4308:tid 296] AH00456: Server built: Aug 18 2012 12:41:37
[Fri Jul 18 12:30:29.235476 2025] [core:notice] [pid 4308:tid 296] AH00094: Command line: 'apache\\bin\\httpd.exe -d C:/SYSME/SGC/xampp/apache'
[Fri Jul 18 12:30:29.235476 2025] [mpm_winnt:notice] [pid 4308:tid 296] AH00418: Parent: Created child process 5576
[Fri Jul 18 12:30:30.141769 2025] [ssl:warn] [pid 5576:tid 292] AH01873: Init: Session Cache is not configured [hint: SSLSessionCache]
[Fri Jul 18 12:30:30.188649 2025] [mpm_winnt:notice] [pid 5576:tid 292] AH00354: Child: Starting 150 worker threads.
[Fri Jul 18 13:19:20.331558 2025] [core:warn] [pid 3568:tid 284] AH00098: pid file C:/SYSME/SGC/xampp/apache/logs/httpd.pid overwritten -- Unclean shutdown of previous Apache run?
[Fri Jul 18 13:19:20.659700 2025] [ssl:warn] [pid 3568:tid 284] AH01873: Init: Session Cache is not configured [hint: SSLSessionCache]
[Fri Jul 18 13:19:20.737830 2025] [mpm_winnt:notice] [pid 3568:tid 284] AH00455: Apache/2.4.3 (Win32) OpenSSL/1.0.1c PHP/5.4.7 configured -- resuming normal operations
[Fri Jul 18 13:19:20.737830 2025] [mpm_winnt:notice] [pid 3568:tid 284] AH00456: Server built: Aug 18 2012 12:41:37
[Fri Jul 18 13:19:20.737830 2025] [core:notice] [pid 3568:tid 284] AH00094: Command line: 'apache\\bin\\httpd.exe -d C:/SYSME/SGC/xampp/apache'
[Fri Jul 18 13:19:20.737830 2025] [mpm_winnt:notice] [pid 3568:tid 284] AH00418: Parent: Created child process 3600
[Fri Jul 18 13:19:21.722256 2025] [ssl:warn] [pid 3600:tid 304] AH01873: Init: Session Cache is not configured [hint: SSLSessionCache]
[Fri Jul 18 13:19:21.769135 2025] [mpm_winnt:notice] [pid 3600:tid 304] AH00354: Child: Starting 150 worker threads.
[Fri Jul 18 18:13:44.324800 2025] [core:warn] [pid 3388:tid 296] AH00098: pid file C:/SYSME/SGC/xampp/apache/logs/httpd.pid overwritten -- Unclean shutdown of previous Apache run?
[Fri Jul 18 18:13:44.637302 2025] [ssl:warn] [pid 3388:tid 296] AH01873: Init: Session Cache is not configured [hint: SSLSessionCache]
[Fri Jul 18 18:13:44.699807 2025] [mpm_winnt:notice] [pid 3388:tid 296] AH00455: Apache/2.4.3 (Win32) OpenSSL/1.0.1c PHP/5.4.7 configured -- resuming normal operations
[Fri Jul 18 18:13:44.699807 2025] [mpm_winnt:notice] [pid 3388:tid 296] AH00456: Server built: Aug 18 2012 12:41:37
[Fri Jul 18 18:13:44.699807 2025] [core:notice] [pid 3388:tid 296] AH00094: Command line: 'apache\\bin\\httpd.exe -d C:/SYSME/SGC/xampp/apache'
[Fri Jul 18 18:13:44.699807 2025] [mpm_winnt:notice] [pid 3388:tid 296] AH00418: Parent: Created child process 3452
[Fri Jul 18 18:13:45.637354 2025] [ssl:warn] [pid 3452:tid 296] AH01873: Init: Session Cache is not configured [hint: SSLSessionCache]
[Fri Jul 18 18:13:45.684231 2025] [mpm_winnt:notice] [pid 3452:tid 296] AH00354: Child: Starting 150 worker threads.
[Sat Jul 19 12:09:53.735803 2025] [core:warn] [pid 3228:tid 288] AH00098: pid file C:/SYSME/SGC/xampp/apache/logs/httpd.pid overwritten -- Unclean shutdown of previous Apache run?
[Sat Jul 19 12:09:54.110823 2025] [ssl:warn] [pid 3228:tid 288] AH01873: Init: Session Cache is not configured [hint: SSLSessionCache]
[Sat Jul 19 12:09:54.173326 2025] [mpm_winnt:notice] [pid 3228:tid 288] AH00455: Apache/2.4.3 (Win32) OpenSSL/1.0.1c PHP/5.4.7 configured -- resuming normal operations
[Sat Jul 19 12:09:54.173326 2025] [mpm_winnt:notice] [pid 3228:tid 288] AH00456: Server built: Aug 18 2012 12:41:37
[Sat Jul 19 12:09:54.173326 2025] [core:notice] [pid 3228:tid 288] AH00094: Command line: 'apache\\bin\\httpd.exe -d C:/SYSME/SGC/xampp/apache'
[Sat Jul 19 12:09:54.173326 2025] [mpm_winnt:notice] [pid 3228:tid 288] AH00418: Parent: Created child process 2328
[Sat Jul 19 12:09:55.235880 2025] [ssl:warn] [pid 2328:tid 292] AH01873: Init: Session Cache is not configured [hint: SSLSessionCache]
[Sat Jul 19 12:09:55.282757 2025] [mpm_winnt:notice] [pid 2328:tid 292] AH00354: Child: Starting 150 worker threads.
[Sun Jul 20 12:00:53.278922 2025] [core:warn] [pid 2592:tid 288] AH00098: pid file C:/SYSME/SGC/xampp/apache/logs/httpd.pid overwritten -- Unclean shutdown of previous Apache run?
[Sun Jul 20 12:00:53.653941 2025] [ssl:warn] [pid 2592:tid 288] AH01873: Init: Session Cache is not configured [hint: SSLSessionCache]
[Sun Jul 20 12:00:53.716445 2025] [mpm_winnt:notice] [pid 2592:tid 288] AH00455: Apache/2.4.3 (Win32) OpenSSL/1.0.1c PHP/5.4.7 configured -- resuming normal operations
[Sun Jul 20 12:00:53.716445 2025] [mpm_winnt:notice] [pid 2592:tid 288] AH00456: Server built: Aug 18 2012 12:41:37
[Sun Jul 20 12:00:53.716445 2025] [core:notice] [pid 2592:tid 288] AH00094: Command line: 'apache\\bin\\httpd.exe -d C:/SYSME/SGC/xampp/apache'
[Sun Jul 20 12:00:53.716445 2025] [mpm_winnt:notice] [pid 2592:tid 288] AH00418: Parent: Created child process 944
[Sun Jul 20 12:00:54.700871 2025] [ssl:warn] [pid 944:tid 292] AH01873: Init: Session Cache is not configured [hint: SSLSessionCache]
[Sun Jul 20 12:00:54.763372 2025] [mpm_winnt:notice] [pid 944:tid 292] AH00354: Child: Starting 150 worker threads.
[Tue Jul 22 12:27:30.865390 2025] [core:warn] [pid 5464:tid 292] AH00098: pid file C:/SYSME/SGC/xampp/apache/logs/httpd.pid overwritten -- Unclean shutdown of previous Apache run?
[Tue Jul 22 12:27:31.200613 2025] [ssl:warn] [pid 5464:tid 292] AH01873: Init: Session Cache is not configured [hint: SSLSessionCache]
[Tue Jul 22 12:27:31.261653 2025] [mpm_winnt:notice] [pid 5464:tid 292] AH00455: Apache/2.4.3 (Win32) OpenSSL/1.0.1c PHP/5.4.7 configured -- resuming normal operations
[Tue Jul 22 12:27:31.261653 2025] [mpm_winnt:notice] [pid 5464:tid 292] AH00456: Server built: Aug 18 2012 12:41:37
[Tue Jul 22 12:27:31.261653 2025] [core:notice] [pid 5464:tid 292] AH00094: Command line: 'apache\\bin\\httpd.exe -d C:/SYSME/SGC/xampp/apache'
[Tue Jul 22 12:27:31.261653 2025] [mpm_winnt:notice] [pid 5464:tid 292] AH00418: Parent: Created child process 3348
[Tue Jul 22 12:27:32.322781 2025] [ssl:warn] [pid 3348:tid 292] AH01873: Init: Session Cache is not configured [hint: SSLSessionCache]
[Tue Jul 22 12:27:32.368811 2025] [mpm_winnt:notice] [pid 3348:tid 292] AH00354: Child: Starting 150 worker threads.
[Wed Jul 23 12:50:13.087364 2025] [core:warn] [pid 4200:tid 284] AH00098: pid file C:/SYSME/SGC/xampp/apache/logs/httpd.pid overwritten -- Unclean shutdown of previous Apache run?
[Wed Jul 23 12:50:13.399852 2025] [ssl:warn] [pid 4200:tid 284] AH01873: Init: Session Cache is not configured [hint: SSLSessionCache]
[Wed Jul 23 12:50:13.462356 2025] [mpm_winnt:notice] [pid 4200:tid 284] AH00455: Apache/2.4.3 (Win32) OpenSSL/1.0.1c PHP/5.4.7 configured -- resuming normal operations
[Wed Jul 23 12:50:13.462356 2025] [mpm_winnt:notice] [pid 4200:tid 284] AH00456: Server built: Aug 18 2012 12:41:37
[Wed Jul 23 12:50:13.462356 2025] [core:notice] [pid 4200:tid 284] AH00094: Command line: 'apache\\bin\\httpd.exe -d C:/SYSME/SGC/xampp/apache'
[Wed Jul 23 12:50:13.462356 2025] [mpm_winnt:notice] [pid 4200:tid 284] AH00418: Parent: Created child process 128
[Wed Jul 23 12:50:14.259270 2025] [ssl:warn] [pid 128:tid 292] AH01873: Init: Session Cache is not configured [hint: SSLSessionCache]
[Wed Jul 23 12:50:14.306148 2025] [mpm_winnt:notice] [pid 128:tid 292] AH00354: Child: Starting 150 worker threads.
[Wed Jul 23 13:38:26.715002 2025] [core:warn] [pid 3628:tid 288] AH00098: pid file C:/SYSME/SGC/xampp/apache/logs/httpd.pid overwritten -- Unclean shutdown of previous Apache run?
[Wed Jul 23 13:38:27.105646 2025] [ssl:warn] [pid 3628:tid 288] AH01873: Init: Session Cache is not configured [hint: SSLSessionCache]
[Wed Jul 23 13:38:27.168149 2025] [mpm_winnt:notice] [pid 3628:tid 288] AH00455: Apache/2.4.3 (Win32) OpenSSL/1.0.1c PHP/5.4.7 configured -- resuming normal operations
[Wed Jul 23 13:38:27.168149 2025] [mpm_winnt:notice] [pid 3628:tid 288] AH00456: Server built: Aug 18 2012 12:41:37
[Wed Jul 23 13:38:27.168149 2025] [core:notice] [pid 3628:tid 288] AH00094: Command line: 'apache\\bin\\httpd.exe -d C:/SYSME/SGC/xampp/apache'
[Wed Jul 23 13:38:27.168149 2025] [mpm_winnt:notice] [pid 3628:tid 288] AH00418: Parent: Created child process 3640
[Wed Jul 23 13:38:28.152576 2025] [ssl:warn] [pid 3640:tid 292] AH01873: Init: Session Cache is not configured [hint: SSLSessionCache]
[Wed Jul 23 13:38:28.199454 2025] [mpm_winnt:notice] [pid 3640:tid 292] AH00354: Child: Starting 150 worker threads.
[Wed Jul 23 16:40:45.136047 2025] [core:warn] [pid 708:tid 312] AH00098: pid file C:/SYSME/SGC/xampp/apache/logs/httpd.pid overwritten -- Unclean shutdown of previous Apache run?
[Wed Jul 23 16:40:45.464188 2025] [ssl:warn] [pid 708:tid 312] AH01873: Init: Session Cache is not configured [hint: SSLSessionCache]
[Wed Jul 23 16:40:45.526692 2025] [mpm_winnt:notice] [pid 708:tid 312] AH00455: Apache/2.4.3 (Win32) OpenSSL/1.0.1c PHP/5.4.7 configured -- resuming normal operations
[Wed Jul 23 16:40:45.526692 2025] [mpm_winnt:notice] [pid 708:tid 312] AH00456: Server built: Aug 18 2012 12:41:37
[Wed Jul 23 16:40:45.526692 2025] [core:notice] [pid 708:tid 312] AH00094: Command line: 'apache\\bin\\httpd.exe -d C:/SYSME/SGC/xampp/apache'
[Wed Jul 23 16:40:45.526692 2025] [mpm_winnt:notice] [pid 708:tid 312] AH00418: Parent: Created child process 2104
[Wed Jul 23 16:40:46.495491 2025] [ssl:warn] [pid 2104:tid 292] AH01873: Init: Session Cache is not configured [hint: SSLSessionCache]
[Wed Jul 23 16:40:46.542368 2025] [mpm_winnt:notice] [pid 2104:tid 292] AH00354: Child: Starting 150 worker threads.
[Thu Jul 24 12:32:01.632341 2025] [core:warn] [pid 608:tid 284] AH00098: pid file C:/SYSME/SGC/xampp/apache/logs/httpd.pid overwritten -- Unclean shutdown of previous Apache run?
[Thu Jul 24 12:32:01.929229 2025] [ssl:warn] [pid 608:tid 284] AH01873: Init: Session Cache is not configured [hint: SSLSessionCache]
[Thu Jul 24 12:32:02.413628 2025] [mpm_winnt:notice] [pid 608:tid 284] AH00455: Apache/2.4.3 (Win32) OpenSSL/1.0.1c PHP/5.4.7 configured -- resuming normal operations
[Thu Jul 24 12:32:02.429255 2025] [mpm_winnt:notice] [pid 608:tid 284] AH00456: Server built: Aug 18 2012 12:41:37
[Thu Jul 24 12:32:02.429255 2025] [core:notice] [pid 608:tid 284] AH00094: Command line: 'apache\\bin\\httpd.exe -d C:/SYSME/SGC/xampp/apache'
[Thu Jul 24 12:32:02.444880 2025] [mpm_winnt:notice] [pid 608:tid 284] AH00418: Parent: Created child process 824
[Thu Jul 24 12:32:03.460557 2025] [ssl:warn] [pid 824:tid 304] AH01873: Init: Session Cache is not configured [hint: SSLSessionCache]
[Thu Jul 24 12:32:03.538687 2025] [mpm_winnt:notice] [pid 824:tid 304] AH00354: Child: Starting 150 worker threads.
[Fri Jul 25 13:09:18.357250 2025] [core:warn] [pid 2552:tid 288] AH00098: pid file C:/SYSME/SGC/xampp/apache/logs/httpd.pid overwritten -- Unclean shutdown of previous Apache run?
[Fri Jul 25 13:09:18.669746 2025] [ssl:warn] [pid 2552:tid 288] AH01873: Init: Session Cache is not configured [hint: SSLSessionCache]
[Fri Jul 25 13:09:18.716623 2025] [mpm_winnt:notice] [pid 2552:tid 288] AH00455: Apache/2.4.3 (Win32) OpenSSL/1.0.1c PHP/5.4.7 configured -- resuming normal operations
[Fri Jul 25 13:09:18.716623 2025] [mpm_winnt:notice] [pid 2552:tid 288] AH00456: Server built: Aug 18 2012 12:41:37
[Fri Jul 25 13:09:18.716623 2025] [core:notice] [pid 2552:tid 288] AH00094: Command line: 'apache\\bin\\httpd.exe -d C:/SYSME/SGC/xampp/apache'
[Fri Jul 25 13:09:18.716623 2025] [mpm_winnt:notice] [pid 2552:tid 288] AH00418: Parent: Created child process 3764
[Fri Jul 25 13:09:19.591670 2025] [ssl:warn] [pid 3764:tid 300] AH01873: Init: Session Cache is not configured [hint: SSLSessionCache]
[Fri Jul 25 13:09:19.638547 2025] [mpm_winnt:notice] [pid 3764:tid 300] AH00354: Child: Starting 150 worker threads.
[Sat Jul 26 12:51:39.601891 2025] [core:warn] [pid 720:tid 284] AH00098: pid file C:/SYSME/SGC/xampp/apache/logs/httpd.pid overwritten -- Unclean shutdown of previous Apache run?
[Sat Jul 26 12:51:39.914406 2025] [ssl:warn] [pid 720:tid 284] AH01873: Init: Session Cache is not configured [hint: SSLSessionCache]
[Sat Jul 26 12:51:39.961285 2025] [mpm_winnt:notice] [pid 720:tid 284] AH00455: Apache/2.4.3 (Win32) OpenSSL/1.0.1c PHP/5.4.7 configured -- resuming normal operations
[Sat Jul 26 12:51:39.961285 2025] [mpm_winnt:notice] [pid 720:tid 284] AH00456: Server built: Aug 18 2012 12:41:37
[Sat Jul 26 12:51:39.961285 2025] [core:notice] [pid 720:tid 284] AH00094: Command line: 'apache\\bin\\httpd.exe -d C:/SYSME/SGC/xampp/apache'
[Sat Jul 26 12:51:39.976910 2025] [mpm_winnt:notice] [pid 720:tid 284] AH00418: Parent: Created child process 2136
[Sat Jul 26 12:51:41.102211 2025] [ssl:warn] [pid 2136:tid 292] AH01873: Init: Session Cache is not configured [hint: SSLSessionCache]
[Sat Jul 26 12:51:41.149090 2025] [mpm_winnt:notice] [pid 2136:tid 292] AH00354: Child: Starting 150 worker threads.
[Sun Jul 27 12:20:02.144201 2025] [core:warn] [pid 3440:tid 288] AH00098: pid file C:/SYSME/SGC/xampp/apache/logs/httpd.pid overwritten -- Unclean shutdown of previous Apache run?
[Sun Jul 27 12:20:02.456717 2025] [ssl:warn] [pid 3440:tid 288] AH01873: Init: Session Cache is not configured [hint: SSLSessionCache]
[Sun Jul 27 12:20:02.519221 2025] [mpm_winnt:notice] [pid 3440:tid 288] AH00455: Apache/2.4.3 (Win32) OpenSSL/1.0.1c PHP/5.4.7 configured -- resuming normal operations
[Sun Jul 27 12:20:02.519221 2025] [mpm_winnt:notice] [pid 3440:tid 288] AH00456: Server built: Aug 18 2012 12:41:37
[Sun Jul 27 12:20:02.519221 2025] [core:notice] [pid 3440:tid 288] AH00094: Command line: 'apache\\bin\\httpd.exe -d C:/SYSME/SGC/xampp/apache'
[Sun Jul 27 12:20:02.519221 2025] [mpm_winnt:notice] [pid 3440:tid 288] AH00418: Parent: Created child process 764
[Sun Jul 27 12:20:03.534897 2025] [ssl:warn] [pid 764:tid 296] AH01873: Init: Session Cache is not configured [hint: SSLSessionCache]
[Sun Jul 27 12:20:03.581775 2025] [mpm_winnt:notice] [pid 764:tid 296] AH00354: Child: Starting 150 worker threads.
[Mon Jul 28 13:36:04.169784 2025] [core:warn] [pid 1512:tid 292] AH00098: pid file C:/SYSME/SGC/xampp/apache/logs/httpd.pid overwritten -- Unclean shutdown of previous Apache run?
[Mon Jul 28 13:36:04.451048 2025] [ssl:warn] [pid 1512:tid 292] AH01873: Init: Session Cache is not configured [hint: SSLSessionCache]
[Mon Jul 28 13:36:04.513551 2025] [mpm_winnt:notice] [pid 1512:tid 292] AH00455: Apache/2.4.3 (Win32) OpenSSL/1.0.1c PHP/5.4.7 configured -- resuming normal operations
[Mon Jul 28 13:36:04.513551 2025] [mpm_winnt:notice] [pid 1512:tid 292] AH00456: Server built: Aug 18 2012 12:41:37
[Mon Jul 28 13:36:04.513551 2025] [core:notice] [pid 1512:tid 292] AH00094: Command line: 'apache\\bin\\httpd.exe -d C:/SYSME/SGC/xampp/apache'
[Mon Jul 28 13:36:04.513551 2025] [mpm_winnt:notice] [pid 1512:tid 292] AH00418: Parent: Created child process 5856
[Mon Jul 28 13:36:05.466724 2025] [ssl:warn] [pid 5856:tid 296] AH01873: Init: Session Cache is not configured [hint: SSLSessionCache]
[Mon Jul 28 13:36:05.513601 2025] [mpm_winnt:notice] [pid 5856:tid 296] AH00354: Child: Starting 150 worker threads.
[Tue Jul 29 13:19:10.343806 2025] [core:warn] [pid 5888:tid 292] AH00098: pid file C:/SYSME/SGC/xampp/apache/logs/httpd.pid overwritten -- Unclean shutdown of previous Apache run?
[Tue Jul 29 13:19:10.609433 2025] [ssl:warn] [pid 5888:tid 292] AH01873: Init: Session Cache is not configured [hint: SSLSessionCache]
[Tue Jul 29 13:19:10.671937 2025] [mpm_winnt:notice] [pid 5888:tid 292] AH00455: Apache/2.4.3 (Win32) OpenSSL/1.0.1c PHP/5.4.7 configured -- resuming normal operations
[Tue Jul 29 13:19:10.671937 2025] [mpm_winnt:notice] [pid 5888:tid 292] AH00456: Server built: Aug 18 2012 12:41:37
[Tue Jul 29 13:19:10.671937 2025] [core:notice] [pid 5888:tid 292] AH00094: Command line: 'apache\\bin\\httpd.exe -d C:/SYSME/SGC/xampp/apache'
[Tue Jul 29 13:19:10.671937 2025] [mpm_winnt:notice] [pid 5888:tid 292] AH00418: Parent: Created child process 1852
[Tue Jul 29 13:19:11.593858 2025] [ssl:warn] [pid 1852:tid 296] AH01873: Init: Session Cache is not configured [hint: SSLSessionCache]
[Tue Jul 29 13:19:11.640736 2025] [mpm_winnt:notice] [pid 1852:tid 296] AH00354: Child: Starting 150 worker threads.
[Wed Jul 30 12:25:39.677287 2025] [core:warn] [pid 428:tid 288] AH00098: pid file C:/SYSME/SGC/xampp/apache/logs/httpd.pid overwritten -- Unclean shutdown of previous Apache run?
[Wed Jul 30 12:25:39.958550 2025] [ssl:warn] [pid 428:tid 288] AH01873: Init: Session Cache is not configured [hint: SSLSessionCache]
[Wed Jul 30 12:25:40.021052 2025] [mpm_winnt:notice] [pid 428:tid 288] AH00455: Apache/2.4.3 (Win32) OpenSSL/1.0.1c PHP/5.4.7 configured -- resuming normal operations
[Wed Jul 30 12:25:40.021052 2025] [mpm_winnt:notice] [pid 428:tid 288] AH00456: Server built: Aug 18 2012 12:41:37
[Wed Jul 30 12:25:40.021052 2025] [core:notice] [pid 428:tid 288] AH00094: Command line: 'apache\\bin\\httpd.exe -d C:/SYSME/SGC/xampp/apache'
[Wed Jul 30 12:25:40.021052 2025] [mpm_winnt:notice] [pid 428:tid 288] AH00418: Parent: Created child process 4880
[Wed Jul 30 12:25:40.927349 2025] [ssl:warn] [pid 4880:tid 296] AH01873: Init: Session Cache is not configured [hint: SSLSessionCache]
[Wed Jul 30 12:25:40.974227 2025] [mpm_winnt:notice] [pid 4880:tid 296] AH00354: Child: Starting 150 worker threads.
[Thu Jul 31 12:26:47.804354 2025] [core:warn] [pid 964:tid 284] AH00098: pid file C:/SYSME/SGC/xampp/apache/logs/httpd.pid overwritten -- Unclean shutdown of previous Apache run?
[Thu Jul 31 12:26:48.257501 2025] [ssl:warn] [pid 964:tid 284] AH01873: Init: Session Cache is not configured [hint: SSLSessionCache]
[Thu Jul 31 12:26:48.320004 2025] [mpm_winnt:notice] [pid 964:tid 284] AH00455: Apache/2.4.3 (Win32) OpenSSL/1.0.1c PHP/5.4.7 configured -- resuming normal operations
[Thu Jul 31 12:26:48.320004 2025] [mpm_winnt:notice] [pid 964:tid 284] AH00456: Server built: Aug 18 2012 12:41:37
[Thu Jul 31 12:26:48.320004 2025] [core:notice] [pid 964:tid 284] AH00094: Command line: 'apache\\bin\\httpd.exe -d C:/SYSME/SGC/xampp/apache'
[Thu Jul 31 12:26:48.320004 2025] [mpm_winnt:notice] [pid 964:tid 284] AH00418: Parent: Created child process 4792
[Thu Jul 31 12:26:49.288804 2025] [ssl:warn] [pid 4792:tid 292] AH01873: Init: Session Cache is not configured [hint: SSLSessionCache]
[Thu Jul 31 12:26:49.335681 2025] [mpm_winnt:notice] [pid 4792:tid 292] AH00354: Child: Starting 150 worker threads.
[Fri Aug 01 12:22:18.478449 2025] [core:warn] [pid 4028:tid 284] AH00098: pid file C:/SYSME/SGC/xampp/apache/logs/httpd.pid overwritten -- Unclean shutdown of previous Apache run?
[Fri Aug 01 12:22:18.806591 2025] [ssl:warn] [pid 4028:tid 284] AH01873: Init: Session Cache is not configured [hint: SSLSessionCache]
[Fri Aug 01 12:22:18.884720 2025] [mpm_winnt:notice] [pid 4028:tid 284] AH00455: Apache/2.4.3 (Win32) OpenSSL/1.0.1c PHP/5.4.7 configured -- resuming normal operations
[Fri Aug 01 12:22:18.884720 2025] [mpm_winnt:notice] [pid 4028:tid 284] AH00456: Server built: Aug 18 2012 12:41:37
[Fri Aug 01 12:22:18.884720 2025] [core:notice] [pid 4028:tid 284] AH00094: Command line: 'apache\\bin\\httpd.exe -d C:/SYSME/SGC/xampp/apache'
[Fri Aug 01 12:22:18.884720 2025] [mpm_winnt:notice] [pid 4028:tid 284] AH00418: Parent: Created child process 4840
[Fri Aug 01 12:22:19.806642 2025] [ssl:warn] [pid 4840:tid 292] AH01873: Init: Session Cache is not configured [hint: SSLSessionCache]
[Fri Aug 01 12:22:19.853522 2025] [mpm_winnt:notice] [pid 4840:tid 292] AH00354: Child: Starting 150 worker threads.
[Sat Aug 02 12:02:16.103769 2025] [core:warn] [pid 4936:tid 288] AH00098: pid file C:/SYSME/SGC/xampp/apache/logs/httpd.pid overwritten -- Unclean shutdown of previous Apache run?
[Sat Aug 02 12:02:16.603778 2025] [ssl:warn] [pid 4936:tid 288] AH01873: Init: Session Cache is not configured [hint: SSLSessionCache]
[Sat Aug 02 12:02:16.666282 2025] [mpm_winnt:notice] [pid 4936:tid 288] AH00455: Apache/2.4.3 (Win32) OpenSSL/1.0.1c PHP/5.4.7 configured -- resuming normal operations
[Sat Aug 02 12:02:16.666282 2025] [mpm_winnt:notice] [pid 4936:tid 288] AH00456: Server built: Aug 18 2012 12:41:37
[Sat Aug 02 12:02:16.666282 2025] [core:notice] [pid 4936:tid 288] AH00094: Command line: 'apache\\bin\\httpd.exe -d C:/SYSME/SGC/xampp/apache'
[Sat Aug 02 12:02:16.666282 2025] [mpm_winnt:notice] [pid 4936:tid 288] AH00418: Parent: Created child process 3228
[Sat Aug 02 12:02:17.588202 2025] [ssl:warn] [pid 3228:tid 296] AH01873: Init: Session Cache is not configured [hint: SSLSessionCache]
[Sat Aug 02 12:02:17.635082 2025] [mpm_winnt:notice] [pid 3228:tid 296] AH00354: Child: Starting 150 worker threads.
[Sun Aug 03 12:04:28.395954 2025] [core:warn] [pid 4732:tid 292] AH00098: pid file C:/SYSME/SGC/xampp/apache/logs/httpd.pid overwritten -- Unclean shutdown of previous Apache run?
[Sun Aug 03 12:04:28.817850 2025] [ssl:warn] [pid 4732:tid 292] AH01873: Init: Session Cache is not configured [hint: SSLSessionCache]
[Sun Aug 03 12:04:29.302251 2025] [mpm_winnt:notice] [pid 4732:tid 292] AH00455: Apache/2.4.3 (Win32) OpenSSL/1.0.1c PHP/5.4.7 configured -- resuming normal operations
[Sun Aug 03 12:04:29.317878 2025] [mpm_winnt:notice] [pid 4732:tid 292] AH00456: Server built: Aug 18 2012 12:41:37
[Sun Aug 03 12:04:29.317878 2025] [core:notice] [pid 4732:tid 292] AH00094: Command line: 'apache\\bin\\httpd.exe -d C:/SYSME/SGC/xampp/apache'
[Sun Aug 03 12:04:29.317878 2025] [mpm_winnt:notice] [pid 4732:tid 292] AH00418: Parent: Created child process 3348
[Sun Aug 03 12:04:30.239798 2025] [ssl:warn] [pid 3348:tid 300] AH01873: Init: Session Cache is not configured [hint: SSLSessionCache]
[Sun Aug 03 12:04:30.333553 2025] [mpm_winnt:notice] [pid 3348:tid 300] AH00354: Child: Starting 150 worker threads.
[Mon Aug 04 12:29:25.227636 2025] [core:warn] [pid 3768:tid 288] AH00098: pid file C:/SYSME/SGC/xampp/apache/logs/httpd.pid overwritten -- Unclean shutdown of previous Apache run?
[Mon Aug 04 12:29:25.649531 2025] [ssl:warn] [pid 3768:tid 288] AH01873: Init: Session Cache is not configured [hint: SSLSessionCache]
[Mon Aug 04 12:29:25.712034 2025] [mpm_winnt:notice] [pid 3768:tid 288] AH00455: Apache/2.4.3 (Win32) OpenSSL/1.0.1c PHP/5.4.7 configured -- resuming normal operations
[Mon Aug 04 12:29:25.712034 2025] [mpm_winnt:notice] [pid 3768:tid 288] AH00456: Server built: Aug 18 2012 12:41:37
[Mon Aug 04 12:29:25.712034 2025] [core:notice] [pid 3768:tid 288] AH00094: Command line: 'apache\\bin\\httpd.exe -d C:/SYSME/SGC/xampp/apache'
[Mon Aug 04 12:29:25.712034 2025] [mpm_winnt:notice] [pid 3768:tid 288] AH00418: Parent: Created child process 2396
[Mon Aug 04 12:29:26.680835 2025] [ssl:warn] [pid 2396:tid 296] AH01873: Init: Session Cache is not configured [hint: SSLSessionCache]
[Mon Aug 04 12:29:26.727713 2025] [mpm_winnt:notice] [pid 2396:tid 296] AH00354: Child: Starting 150 worker threads.
[Tue Aug 05 12:39:43.347039 2025] [core:warn] [pid 1776:tid 288] AH00098: pid file C:/SYSME/SGC/xampp/apache/logs/httpd.pid overwritten -- Unclean shutdown of previous Apache run?
[Tue Aug 05 12:39:43.753309 2025] [ssl:warn] [pid 1776:tid 288] AH01873: Init: Session Cache is not configured [hint: SSLSessionCache]
[Tue Aug 05 12:39:43.800189 2025] [mpm_winnt:notice] [pid 1776:tid 288] AH00455: Apache/2.4.3 (Win32) OpenSSL/1.0.1c PHP/5.4.7 configured -- resuming normal operations
[Tue Aug 05 12:39:43.800189 2025] [mpm_winnt:notice] [pid 1776:tid 288] AH00456: Server built: Aug 18 2012 12:41:37
[Tue Aug 05 12:39:43.800189 2025] [core:notice] [pid 1776:tid 288] AH00094: Command line: 'apache\\bin\\httpd.exe -d C:/SYSME/SGC/xampp/apache'
[Tue Aug 05 12:39:43.800189 2025] [mpm_winnt:notice] [pid 1776:tid 288] AH00418: Parent: Created child process 4992
[Tue Aug 05 12:39:45.222134 2025] [ssl:warn] [pid 4992:tid 292] AH01873: Init: Session Cache is not configured [hint: SSLSessionCache]
[Tue Aug 05 12:39:45.253387 2025] [mpm_winnt:notice] [pid 4992:tid 292] AH00354: Child: Starting 150 worker threads.
[Wed Aug 06 12:02:39.281745 2025] [core:warn] [pid 1876:tid 288] AH00098: pid file C:/SYSME/SGC/xampp/apache/logs/httpd.pid overwritten -- Unclean shutdown of previous Apache run?
[Wed Aug 06 12:02:39.656748 2025] [ssl:warn] [pid 1876:tid 288] AH01873: Init: Session Cache is not configured [hint: SSLSessionCache]
[Wed Aug 06 12:02:39.719252 2025] [mpm_winnt:notice] [pid 1876:tid 288] AH00455: Apache/2.4.3 (Win32) OpenSSL/1.0.1c PHP/5.4.7 configured -- resuming normal operations
[Wed Aug 06 12:02:39.719252 2025] [mpm_winnt:notice] [pid 1876:tid 288] AH00456: Server built: Aug 18 2012 12:41:37
[Wed Aug 06 12:02:39.719252 2025] [core:notice] [pid 1876:tid 288] AH00094: Command line: 'apache\\bin\\httpd.exe -d C:/SYSME/SGC/xampp/apache'
[Wed Aug 06 12:02:39.719252 2025] [mpm_winnt:notice] [pid 1876:tid 288] AH00418: Parent: Created child process 3128
[Wed Aug 06 12:02:40.625706 2025] [ssl:warn] [pid 3128:tid 296] AH01873: Init: Session Cache is not configured [hint: SSLSessionCache]
[Wed Aug 06 12:02:40.672586 2025] [mpm_winnt:notice] [pid 3128:tid 296] AH00354: Child: Starting 150 worker threads.
[Thu Aug 07 12:27:37.219343 2025] [core:warn] [pid 4008:tid 292] AH00098: pid file C:/SYSME/SGC/xampp/apache/logs/httpd.pid overwritten -- Unclean shutdown of previous Apache run?
[Thu Aug 07 12:27:37.500607 2025] [ssl:warn] [pid 4008:tid 292] AH01873: Init: Session Cache is not configured [hint: SSLSessionCache]
[Thu Aug 07 12:27:37.547485 2025] [mpm_winnt:notice] [pid 4008:tid 292] AH00455: Apache/2.4.3 (Win32) OpenSSL/1.0.1c PHP/5.4.7 configured -- resuming normal operations
[Thu Aug 07 12:27:37.547485 2025] [mpm_winnt:notice] [pid 4008:tid 292] AH00456: Server built: Aug 18 2012 12:41:37
[Thu Aug 07 12:27:37.547485 2025] [core:notice] [pid 4008:tid 292] AH00094: Command line: 'apache\\bin\\httpd.exe -d C:/SYSME/SGC/xampp/apache'
[Thu Aug 07 12:27:37.547485 2025] [mpm_winnt:notice] [pid 4008:tid 292] AH00418: Parent: Created child process 3584
[Thu Aug 07 12:27:38.594415 2025] [ssl:warn] [pid 3584:tid 292] AH01873: Init: Session Cache is not configured [hint: SSLSessionCache]
[Thu Aug 07 12:27:38.641293 2025] [mpm_winnt:notice] [pid 3584:tid 292] AH00354: Child: Starting 150 worker threads.
[Fri Aug 08 12:29:23.960289 2025] [core:warn] [pid 6048:tid 292] AH00098: pid file C:/SYSME/SGC/xampp/apache/logs/httpd.pid overwritten -- Unclean shutdown of previous Apache run?
[Fri Aug 08 12:29:24.288431 2025] [ssl:warn] [pid 6048:tid 292] AH01873: Init: Session Cache is not configured [hint: SSLSessionCache]
[Fri Aug 08 12:29:24.350935 2025] [mpm_winnt:notice] [pid 6048:tid 292] AH00455: Apache/2.4.3 (Win32) OpenSSL/1.0.1c PHP/5.4.7 configured -- resuming normal operations
[Fri Aug 08 12:29:24.350935 2025] [mpm_winnt:notice] [pid 6048:tid 292] AH00456: Server built: Aug 18 2012 12:41:37
[Fri Aug 08 12:29:24.350935 2025] [core:notice] [pid 6048:tid 292] AH00094: Command line: 'apache\\bin\\httpd.exe -d C:/SYSME/SGC/xampp/apache'
[Fri Aug 08 12:29:24.350935 2025] [mpm_winnt:notice] [pid 6048:tid 292] AH00418: Parent: Created child process 4684
[Fri Aug 08 12:29:25.350986 2025] [ssl:warn] [pid 4684:tid 296] AH01873: Init: Session Cache is not configured [hint: SSLSessionCache]
[Fri Aug 08 12:29:25.397863 2025] [mpm_winnt:notice] [pid 4684:tid 296] AH00354: Child: Starting 150 worker threads.
[Sat Aug 09 12:22:17.282205 2025] [core:warn] [pid 3436:tid 300] AH00098: pid file C:/SYSME/SGC/xampp/apache/logs/httpd.pid overwritten -- Unclean shutdown of previous Apache run?
[Sat Aug 09 12:22:17.563469 2025] [ssl:warn] [pid 3436:tid 300] AH01873: Init: Session Cache is not configured [hint: SSLSessionCache]
[Sat Aug 09 12:22:17.625971 2025] [mpm_winnt:notice] [pid 3436:tid 300] AH00455: Apache/2.4.3 (Win32) OpenSSL/1.0.1c PHP/5.4.7 configured -- resuming normal operations
[Sat Aug 09 12:22:17.625971 2025] [mpm_winnt:notice] [pid 3436:tid 300] AH00456: Server built: Aug 18 2012 12:41:37
[Sat Aug 09 12:22:17.625971 2025] [core:notice] [pid 3436:tid 300] AH00094: Command line: 'apache\\bin\\httpd.exe -d C:/SYSME/SGC/xampp/apache'
[Sat Aug 09 12:22:17.625971 2025] [mpm_winnt:notice] [pid 3436:tid 300] AH00418: Parent: Created child process 6392
[Sat Aug 09 12:22:18.563519 2025] [ssl:warn] [pid 6392:tid 300] AH01873: Init: Session Cache is not configured [hint: SSLSessionCache]
[Sat Aug 09 12:22:18.610396 2025] [mpm_winnt:notice] [pid 6392:tid 300] AH00354: Child: Starting 150 worker threads.
[Sun Aug 10 12:41:35.385251 2025] [core:warn] [pid 7640:tid 292] AH00098: pid file C:/SYSME/SGC/xampp/apache/logs/httpd.pid overwritten -- Unclean shutdown of previous Apache run?
[Sun Aug 10 12:41:35.729009 2025] [ssl:warn] [pid 7640:tid 292] AH01873: Init: Session Cache is not configured [hint: SSLSessionCache]
[Sun Aug 10 12:41:35.791513 2025] [mpm_winnt:notice] [pid 7640:tid 292] AH00455: Apache/2.4.3 (Win32) OpenSSL/1.0.1c PHP/5.4.7 configured -- resuming normal operations
[Sun Aug 10 12:41:35.791513 2025] [mpm_winnt:notice] [pid 7640:tid 292] AH00456: Server built: Aug 18 2012 12:41:37
[Sun Aug 10 12:41:35.791513 2025] [core:notice] [pid 7640:tid 292] AH00094: Command line: 'apache\\bin\\httpd.exe -d C:/SYSME/SGC/xampp/apache'
[Sun Aug 10 12:41:35.791513 2025] [mpm_winnt:notice] [pid 7640:tid 292] AH00418: Parent: Created child process 3632
[Sun Aug 10 12:41:36.713434 2025] [ssl:warn] [pid 3632:tid 296] AH01873: Init: Session Cache is not configured [hint: SSLSessionCache]
[Sun Aug 10 12:41:36.760311 2025] [mpm_winnt:notice] [pid 3632:tid 296] AH00354: Child: Starting 150 worker threads.
[Mon Aug 11 15:00:05.798360 2025] [core:warn] [pid 604:tid 232] AH00098: pid file C:/SYSME/SGC/xampp/apache/logs/httpd.pid overwritten -- Unclean shutdown of previous Apache run?
[Mon Aug 11 15:00:06.142125 2025] [ssl:warn] [pid 604:tid 232] AH01873: Init: Session Cache is not configured [hint: SSLSessionCache]
[Mon Aug 11 15:00:06.204630 2025] [mpm_winnt:notice] [pid 604:tid 232] AH00455: Apache/2.4.3 (Win32) OpenSSL/1.0.1c PHP/5.4.7 configured -- resuming normal operations
[Mon Aug 11 15:00:06.204630 2025] [mpm_winnt:notice] [pid 604:tid 232] AH00456: Server built: Aug 18 2012 12:41:37
[Mon Aug 11 15:00:06.204630 2025] [core:notice] [pid 604:tid 232] AH00094: Command line: 'apache\\bin\\httpd.exe -d C:/SYSME/SGC/xampp/apache'
[Mon Aug 11 15:00:06.204630 2025] [mpm_winnt:notice] [pid 604:tid 232] AH00418: Parent: Created child process 7164
[Mon Aug 11 15:00:07.251559 2025] [ssl:warn] [pid 7164:tid 292] AH01873: Init: Session Cache is not configured [hint: SSLSessionCache]
[Mon Aug 11 15:00:07.298437 2025] [mpm_winnt:notice] [pid 7164:tid 292] AH00354: Child: Starting 150 worker threads.
[Tue Aug 12 12:19:47.750408 2025] [core:warn] [pid 3376:tid 284] AH00098: pid file C:/SYSME/SGC/xampp/apache/logs/httpd.pid overwritten -- Unclean shutdown of previous Apache run?
[Tue Aug 12 12:19:48.094175 2025] [ssl:warn] [pid 3376:tid 284] AH01873: Init: Session Cache is not configured [hint: SSLSessionCache]
[Tue Aug 12 12:19:48.156679 2025] [mpm_winnt:notice] [pid 3376:tid 284] AH00455: Apache/2.4.3 (Win32) OpenSSL/1.0.1c PHP/5.4.7 configured -- resuming normal operations
[Tue Aug 12 12:19:48.156679 2025] [mpm_winnt:notice] [pid 3376:tid 284] AH00456: Server built: Aug 18 2012 12:41:37
[Tue Aug 12 12:19:48.156679 2025] [core:notice] [pid 3376:tid 284] AH00094: Command line: 'apache\\bin\\httpd.exe -d C:/SYSME/SGC/xampp/apache'
[Tue Aug 12 12:19:48.156679 2025] [mpm_winnt:notice] [pid 3376:tid 284] AH00418: Parent: Created child process 3388
[Tue Aug 12 12:19:49.078601 2025] [ssl:warn] [pid 3388:tid 296] AH01873: Init: Session Cache is not configured [hint: SSLSessionCache]
[Tue Aug 12 12:19:49.125478 2025] [mpm_winnt:notice] [pid 3388:tid 296] AH00354: Child: Starting 150 worker threads.
[Wed Aug 13 12:13:50.690608 2025] [core:warn] [pid 644:tid 284] AH00098: pid file C:/SYSME/SGC/xampp/apache/logs/httpd.pid overwritten -- Unclean shutdown of previous Apache run?
[Wed Aug 13 12:13:51.065612 2025] [ssl:warn] [pid 644:tid 284] AH01873: Init: Session Cache is not configured [hint: SSLSessionCache]
[Wed Aug 13 12:13:51.112488 2025] [mpm_winnt:notice] [pid 644:tid 284] AH00455: Apache/2.4.3 (Win32) OpenSSL/1.0.1c PHP/5.4.7 configured -- resuming normal operations
[Wed Aug 13 12:13:51.112488 2025] [mpm_winnt:notice] [pid 644:tid 284] AH00456: Server built: Aug 18 2012 12:41:37
[Wed Aug 13 12:13:51.112488 2025] [core:notice] [pid 644:tid 284] AH00094: Command line: 'apache\\bin\\httpd.exe -d C:/SYSME/SGC/xampp/apache'
[Wed Aug 13 12:13:51.112488 2025] [mpm_winnt:notice] [pid 644:tid 284] AH00418: Parent: Created child process 5928
[Wed Aug 13 12:13:52.034411 2025] [ssl:warn] [pid 5928:tid 292] AH01873: Init: Session Cache is not configured [hint: SSLSessionCache]
[Wed Aug 13 12:13:52.096914 2025] [mpm_winnt:notice] [pid 5928:tid 292] AH00354: Child: Starting 150 worker threads.
[Wed Aug 13 15:19:51.348897 2025] [core:warn] [pid 1828:tid 284] AH00098: pid file C:/SYSME/SGC/xampp/apache/logs/httpd.pid overwritten -- Unclean shutdown of previous Apache run?
[Wed Aug 13 15:19:51.661413 2025] [ssl:warn] [pid 1828:tid 284] AH01873: Init: Session Cache is not configured [hint: SSLSessionCache]
[Wed Aug 13 15:19:51.723918 2025] [mpm_winnt:notice] [pid 1828:tid 284] AH00455: Apache/2.4.3 (Win32) OpenSSL/1.0.1c PHP/5.4.7 configured -- resuming normal operations
[Wed Aug 13 15:19:51.723918 2025] [mpm_winnt:notice] [pid 1828:tid 284] AH00456: Server built: Aug 18 2012 12:41:37
[Wed Aug 13 15:19:51.723918 2025] [core:notice] [pid 1828:tid 284] AH00094: Command line: 'apache\\bin\\httpd.exe -d C:/SYSME/SGC/xampp/apache'
[Wed Aug 13 15:19:51.723918 2025] [mpm_winnt:notice] [pid 1828:tid 284] AH00418: Parent: Created child process 1824
[Wed Aug 13 15:19:52.708344 2025] [ssl:warn] [pid 1824:tid 292] AH01873: Init: Session Cache is not configured [hint: SSLSessionCache]
[Wed Aug 13 15:19:52.755222 2025] [mpm_winnt:notice] [pid 1824:tid 292] AH00354: Child: Starting 150 worker threads.
[Thu Aug 14 12:34:05.383629 2025] [core:warn] [pid 1052:tid 292] AH00098: pid file C:/SYSME/SGC/xampp/apache/logs/httpd.pid overwritten -- Unclean shutdown of previous Apache run?
[Thu Aug 14 12:34:05.696144 2025] [ssl:warn] [pid 1052:tid 292] AH01873: Init: Session Cache is not configured [hint: SSLSessionCache]
[Thu Aug 14 12:34:05.743022 2025] [mpm_winnt:notice] [pid 1052:tid 292] AH00455: Apache/2.4.3 (Win32) OpenSSL/1.0.1c PHP/5.4.7 configured -- resuming normal operations
[Thu Aug 14 12:34:05.743022 2025] [mpm_winnt:notice] [pid 1052:tid 292] AH00456: Server built: Aug 18 2012 12:41:37
[Thu Aug 14 12:34:05.743022 2025] [core:notice] [pid 1052:tid 292] AH00094: Command line: 'apache\\bin\\httpd.exe -d C:/SYSME/SGC/xampp/apache'
[Thu Aug 14 12:34:05.743022 2025] [mpm_winnt:notice] [pid 1052:tid 292] AH00418: Parent: Created child process 1668
[Thu Aug 14 12:34:06.602442 2025] [ssl:warn] [pid 1668:tid 296] AH01873: Init: Session Cache is not configured [hint: SSLSessionCache]
[Thu Aug 14 12:34:06.649320 2025] [mpm_winnt:notice] [pid 1668:tid 296] AH00354: Child: Starting 150 worker threads.
[Fri Aug 15 12:09:10.862835 2025] [core:warn] [pid 3992:tid 292] AH00098: pid file C:/SYSME/SGC/xampp/apache/logs/httpd.pid overwritten -- Unclean shutdown of previous Apache run?
[Fri Aug 15 12:09:11.190976 2025] [ssl:warn] [pid 3992:tid 292] AH01873: Init: Session Cache is not configured [hint: SSLSessionCache]
[Fri Aug 15 12:09:11.237854 2025] [mpm_winnt:notice] [pid 3992:tid 292] AH00455: Apache/2.4.3 (Win32) OpenSSL/1.0.1c PHP/5.4.7 configured -- resuming normal operations
[Fri Aug 15 12:09:11.237854 2025] [mpm_winnt:notice] [pid 3992:tid 292] AH00456: Server built: Aug 18 2012 12:41:37
[Fri Aug 15 12:09:11.237854 2025] [core:notice] [pid 3992:tid 292] AH00094: Command line: 'apache\\bin\\httpd.exe -d C:/SYSME/SGC/xampp/apache'
[Fri Aug 15 12:09:11.237854 2025] [mpm_winnt:notice] [pid 3992:tid 292] AH00418: Parent: Created child process 684
[Fri Aug 15 12:09:12.097275 2025] [ssl:warn] [pid 684:tid 292] AH01873: Init: Session Cache is not configured [hint: SSLSessionCache]
[Fri Aug 15 12:09:12.144154 2025] [mpm_winnt:notice] [pid 684:tid 292] AH00354: Child: Starting 150 worker threads.
[Sat Aug 16 12:12:42.481569 2025] [core:warn] [pid 5112:tid 288] AH00098: pid file C:/SYSME/SGC/xampp/apache/logs/httpd.pid overwritten -- Unclean shutdown of previous Apache run?
[Sat Aug 16 12:12:42.840965 2025] [ssl:warn] [pid 5112:tid 288] AH01873: Init: Session Cache is not configured [hint: SSLSessionCache]
[Sat Aug 16 12:12:42.903471 2025] [mpm_winnt:notice] [pid 5112:tid 288] AH00455: Apache/2.4.3 (Win32) OpenSSL/1.0.1c PHP/5.4.7 configured -- resuming normal operations
[Sat Aug 16 12:12:42.903471 2025] [mpm_winnt:notice] [pid 5112:tid 288] AH00456: Server built: Aug 18 2012 12:41:37
[Sat Aug 16 12:12:42.903471 2025] [core:notice] [pid 5112:tid 288] AH00094: Command line: 'apache\\bin\\httpd.exe -d C:/SYSME/SGC/xampp/apache'
[Sat Aug 16 12:12:42.903471 2025] [mpm_winnt:notice] [pid 5112:tid 288] AH00418: Parent: Created child process 4256
[Sat Aug 16 12:12:43.809765 2025] [ssl:warn] [pid 4256:tid 296] AH01873: Init: Session Cache is not configured [hint: SSLSessionCache]
[Sat Aug 16 12:12:43.856646 2025] [mpm_winnt:notice] [pid 4256:tid 296] AH00354: Child: Starting 150 worker threads.
[Sun Aug 17 12:15:46.382838 2025] [core:warn] [pid 2020:tid 288] AH00098: pid file C:/SYSME/SGC/xampp/apache/logs/httpd.pid overwritten -- Unclean shutdown of previous Apache run?
[Sun Aug 17 12:15:46.648475 2025] [ssl:warn] [pid 2020:tid 288] AH01873: Init: Session Cache is not configured [hint: SSLSessionCache]
[Sun Aug 17 12:15:46.710980 2025] [mpm_winnt:notice] [pid 2020:tid 288] AH00455: Apache/2.4.3 (Win32) OpenSSL/1.0.1c PHP/5.4.7 configured -- resuming normal operations
[Sun Aug 17 12:15:46.710980 2025] [mpm_winnt:notice] [pid 2020:tid 288] AH00456: Server built: Aug 18 2012 12:41:37
[Sun Aug 17 12:15:46.710980 2025] [core:notice] [pid 2020:tid 288] AH00094: Command line: 'apache\\bin\\httpd.exe -d C:/SYSME/SGC/xampp/apache'
[Sun Aug 17 12:15:46.710980 2025] [mpm_winnt:notice] [pid 2020:tid 288] AH00418: Parent: Created child process 324
[Sun Aug 17 12:15:47.679955 2025] [ssl:warn] [pid 324:tid 292] AH01873: Init: Session Cache is not configured [hint: SSLSessionCache]
[Sun Aug 17 12:15:47.726833 2025] [mpm_winnt:notice] [pid 324:tid 292] AH00354: Child: Starting 150 worker threads.
[Mon Aug 18 12:16:12.465843 2025] [core:warn] [pid 5232:tid 288] AH00098: pid file C:/SYSME/SGC/xampp/apache/logs/httpd.pid overwritten -- Unclean shutdown of previous Apache run?
[Mon Aug 18 12:16:12.747108 2025] [ssl:warn] [pid 5232:tid 288] AH01873: Init: Session Cache is not configured [hint: SSLSessionCache]
[Mon Aug 18 12:16:12.809612 2025] [mpm_winnt:notice] [pid 5232:tid 288] AH00455: Apache/2.4.3 (Win32) OpenSSL/1.0.1c PHP/5.4.7 configured -- resuming normal operations
[Mon Aug 18 12:16:12.809612 2025] [mpm_winnt:notice] [pid 5232:tid 288] AH00456: Server built: Aug 18 2012 12:41:37
[Mon Aug 18 12:16:12.809612 2025] [core:notice] [pid 5232:tid 288] AH00094: Command line: 'apache\\bin\\httpd.exe -d C:/SYSME/SGC/xampp/apache'
[Mon Aug 18 12:16:12.809612 2025] [mpm_winnt:notice] [pid 5232:tid 288] AH00418: Parent: Created child process 4172
[Mon Aug 18 12:16:13.747163 2025] [ssl:warn] [pid 4172:tid 292] AH01873: Init: Session Cache is not configured [hint: SSLSessionCache]
[Mon Aug 18 12:16:13.794039 2025] [mpm_winnt:notice] [pid 4172:tid 292] AH00354: Child: Starting 150 worker threads.
[Tue Aug 19 12:15:16.289448 2025] [core:warn] [pid 3568:tid 284] AH00098: pid file C:/SYSME/SGC/xampp/apache/logs/httpd.pid overwritten -- Unclean shutdown of previous Apache run?
[Tue Aug 19 12:15:16.664468 2025] [ssl:warn] [pid 3568:tid 284] AH01873: Init: Session Cache is not configured [hint: SSLSessionCache]
[Tue Aug 19 12:15:16.726972 2025] [mpm_winnt:notice] [pid 3568:tid 284] AH00455: Apache/2.4.3 (Win32) OpenSSL/1.0.1c PHP/5.4.7 configured -- resuming normal operations
[Tue Aug 19 12:15:16.726972 2025] [mpm_winnt:notice] [pid 3568:tid 284] AH00456: Server built: Aug 18 2012 12:41:37
[Tue Aug 19 12:15:16.726972 2025] [core:notice] [pid 3568:tid 284] AH00094: Command line: 'apache\\bin\\httpd.exe -d C:/SYSME/SGC/xampp/apache'
[Tue Aug 19 12:15:16.726972 2025] [mpm_winnt:notice] [pid 3568:tid 284] AH00418: Parent: Created child process 5112
[Tue Aug 19 12:15:17.648896 2025] [ssl:warn] [pid 5112:tid 292] AH01873: Init: Session Cache is not configured [hint: SSLSessionCache]
[Tue Aug 19 12:15:17.695775 2025] [mpm_winnt:notice] [pid 5112:tid 292] AH00354: Child: Starting 150 worker threads.
[Wed Aug 20 12:16:11.247016 2025] [core:warn] [pid 2020:tid 288] AH00098: pid file C:/SYSME/SGC/xampp/apache/logs/httpd.pid overwritten -- Unclean shutdown of previous Apache run?
[Wed Aug 20 12:16:11.575158 2025] [ssl:warn] [pid 2020:tid 288] AH01873: Init: Session Cache is not configured [hint: SSLSessionCache]
[Wed Aug 20 12:16:11.637662 2025] [mpm_winnt:notice] [pid 2020:tid 288] AH00455: Apache/2.4.3 (Win32) OpenSSL/1.0.1c PHP/5.4.7 configured -- resuming normal operations
[Wed Aug 20 12:16:11.637662 2025] [mpm_winnt:notice] [pid 2020:tid 288] AH00456: Server built: Aug 18 2012 12:41:37
[Wed Aug 20 12:16:11.637662 2025] [core:notice] [pid 2020:tid 288] AH00094: Command line: 'apache\\bin\\httpd.exe -d C:/SYSME/SGC/xampp/apache'
[Wed Aug 20 12:16:11.637662 2025] [mpm_winnt:notice] [pid 2020:tid 288] AH00418: Parent: Created child process 3288
[Wed Aug 20 12:16:12.497083 2025] [ssl:warn] [pid 3288:tid 292] AH01873: Init: Session Cache is not configured [hint: SSLSessionCache]
[Wed Aug 20 12:16:12.543960 2025] [mpm_winnt:notice] [pid 3288:tid 292] AH00354: Child: Starting 150 worker threads.
[Thu Aug 21 12:19:39.589632 2025] [core:warn] [pid 6648:tid 284] AH00098: pid file C:/SYSME/SGC/xampp/apache/logs/httpd.pid overwritten -- Unclean shutdown of previous Apache run?
[Thu Aug 21 12:19:39.902147 2025] [ssl:warn] [pid 6648:tid 284] AH01873: Init: Session Cache is not configured [hint: SSLSessionCache]
[Thu Aug 21 12:19:39.964651 2025] [mpm_winnt:notice] [pid 6648:tid 284] AH00455: Apache/2.4.3 (Win32) OpenSSL/1.0.1c PHP/5.4.7 configured -- resuming normal operations
[Thu Aug 21 12:19:39.964651 2025] [mpm_winnt:notice] [pid 6648:tid 284] AH00456: Server built: Aug 18 2012 12:41:37
[Thu Aug 21 12:19:39.964651 2025] [core:notice] [pid 6648:tid 284] AH00094: Command line: 'apache\\bin\\httpd.exe -d C:/SYSME/SGC/xampp/apache'
[Thu Aug 21 12:19:39.964651 2025] [mpm_winnt:notice] [pid 6648:tid 284] AH00418: Parent: Created child process 7308
[Thu Aug 21 12:19:40.886741 2025] [ssl:warn] [pid 7308:tid 296] AH01873: Init: Session Cache is not configured [hint: SSLSessionCache]
[Thu Aug 21 12:19:40.933618 2025] [mpm_winnt:notice] [pid 7308:tid 296] AH00354: Child: Starting 150 worker threads.
[Fri Aug 22 12:09:48.861832 2025] [core:warn] [pid 3716:tid 284] AH00098: pid file C:/SYSME/SGC/xampp/apache/logs/httpd.pid overwritten -- Unclean shutdown of previous Apache run?
[Fri Aug 22 12:09:49.205600 2025] [ssl:warn] [pid 3716:tid 284] AH01873: Init: Session Cache is not configured [hint: SSLSessionCache]
[Fri Aug 22 12:09:49.268105 2025] [mpm_winnt:notice] [pid 3716:tid 284] AH00455: Apache/2.4.3 (Win32) OpenSSL/1.0.1c PHP/5.4.7 configured -- resuming normal operations
[Fri Aug 22 12:09:49.268105 2025] [mpm_winnt:notice] [pid 3716:tid 284] AH00456: Server built: Aug 18 2012 12:41:37
[Fri Aug 22 12:09:49.268105 2025] [core:notice] [pid 3716:tid 284] AH00094: Command line: 'apache\\bin\\httpd.exe -d C:/SYSME/SGC/xampp/apache'
[Fri Aug 22 12:09:49.268105 2025] [mpm_winnt:notice] [pid 3716:tid 284] AH00418: Parent: Created child process 1964
[Fri Aug 22 12:09:50.111897 2025] [ssl:warn] [pid 1964:tid 292] AH01873: Init: Session Cache is not configured [hint: SSLSessionCache]
[Fri Aug 22 12:09:50.158775 2025] [mpm_winnt:notice] [pid 1964:tid 292] AH00354: Child: Starting 150 worker threads.
[Sat Aug 23 12:10:00.543797 2025] [core:warn] [pid 6628:tid 288] AH00098: pid file C:/SYSME/SGC/xampp/apache/logs/httpd.pid overwritten -- Unclean shutdown of previous Apache run?
[Sat Aug 23 12:10:00.981320 2025] [ssl:warn] [pid 6628:tid 288] AH01873: Init: Session Cache is not configured [hint: SSLSessionCache]
[Sat Aug 23 12:10:01.043823 2025] [mpm_winnt:notice] [pid 6628:tid 288] AH00455: Apache/2.4.3 (Win32) OpenSSL/1.0.1c PHP/5.4.7 configured -- resuming normal operations
[Sat Aug 23 12:10:01.043823 2025] [mpm_winnt:notice] [pid 6628:tid 288] AH00456: Server built: Aug 18 2012 12:41:37
[Sat Aug 23 12:10:01.043823 2025] [core:notice] [pid 6628:tid 288] AH00094: Command line: 'apache\\bin\\httpd.exe -d C:/SYSME/SGC/xampp/apache'
[Sat Aug 23 12:10:01.043823 2025] [mpm_winnt:notice] [pid 6628:tid 288] AH00418: Parent: Created child process 4952
[Sat Aug 23 12:10:02.012625 2025] [ssl:warn] [pid 4952:tid 296] AH01873: Init: Session Cache is not configured [hint: SSLSessionCache]
[Sat Aug 23 12:10:02.059504 2025] [mpm_winnt:notice] [pid 4952:tid 296] AH00354: Child: Starting 150 worker threads.
[Sun Aug 24 12:04:56.208637 2025] [core:warn] [pid 2664:tid 284] AH00098: pid file C:/SYSME/SGC/xampp/apache/logs/httpd.pid overwritten -- Unclean shutdown of previous Apache run?
[Sun Aug 24 12:04:56.599283 2025] [ssl:warn] [pid 2664:tid 284] AH01873: Init: Session Cache is not configured [hint: SSLSessionCache]
[Sun Aug 24 12:04:56.646161 2025] [mpm_winnt:notice] [pid 2664:tid 284] AH00455: Apache/2.4.3 (Win32) OpenSSL/1.0.1c PHP/5.4.7 configured -- resuming normal operations
[Sun Aug 24 12:04:56.646161 2025] [mpm_winnt:notice] [pid 2664:tid 284] AH00456: Server built: Aug 18 2012 12:41:37
[Sun Aug 24 12:04:56.646161 2025] [core:notice] [pid 2664:tid 284] AH00094: Command line: 'apache\\bin\\httpd.exe -d C:/SYSME/SGC/xampp/apache'
[Sun Aug 24 12:04:56.646161 2025] [mpm_winnt:notice] [pid 2664:tid 284] AH00418: Parent: Created child process 6720
[Sun Aug 24 12:04:57.661840 2025] [ssl:warn] [pid 6720:tid 300] AH01873: Init: Session Cache is not configured [hint: SSLSessionCache]
[Sun Aug 24 12:04:57.708717 2025] [mpm_winnt:notice] [pid 6720:tid 300] AH00354: Child: Starting 150 worker threads.
[Mon Aug 25 12:33:09.189501 2025] [core:warn] [pid 3564:tid 284] AH00098: pid file C:/SYSME/SGC/xampp/apache/logs/httpd.pid overwritten -- Unclean shutdown of previous Apache run?
[Mon Aug 25 12:33:09.486392 2025] [ssl:warn] [pid 3564:tid 284] AH01873: Init: Session Cache is not configured [hint: SSLSessionCache]
[Mon Aug 25 12:33:09.548896 2025] [mpm_winnt:notice] [pid 3564:tid 284] AH00455: Apache/2.4.3 (Win32) OpenSSL/1.0.1c PHP/5.4.7 configured -- resuming normal operations
[Mon Aug 25 12:33:09.548896 2025] [mpm_winnt:notice] [pid 3564:tid 284] AH00456: Server built: Aug 18 2012 12:41:37
[Mon Aug 25 12:33:09.548896 2025] [core:notice] [pid 3564:tid 284] AH00094: Command line: 'apache\\bin\\httpd.exe -d C:/SYSME/SGC/xampp/apache'
[Mon Aug 25 12:33:09.548896 2025] [mpm_winnt:notice] [pid 3564:tid 284] AH00418: Parent: Created child process 7576
[Mon Aug 25 12:33:10.361438 2025] [ssl:warn] [pid 7576:tid 296] AH01873: Init: Session Cache is not configured [hint: SSLSessionCache]
[Mon Aug 25 12:33:10.408317 2025] [mpm_winnt:notice] [pid 7576:tid 296] AH00354: Child: Starting 150 worker threads.
[Tue Aug 26 13:01:20.790895 2025] [core:warn] [pid 680:tid 288] AH00098: pid file C:/SYSME/SGC/xampp/apache/logs/httpd.pid overwritten -- Unclean shutdown of previous Apache run?
[Tue Aug 26 13:01:21.056533 2025] [ssl:warn] [pid 680:tid 288] AH01873: Init: Session Cache is not configured [hint: SSLSessionCache]
[Tue Aug 26 13:01:21.119037 2025] [mpm_winnt:notice] [pid 680:tid 288] AH00455: Apache/2.4.3 (Win32) OpenSSL/1.0.1c PHP/5.4.7 configured -- resuming normal operations
[Tue Aug 26 13:01:21.119037 2025] [mpm_winnt:notice] [pid 680:tid 288] AH00456: Server built: Aug 18 2012 12:41:37
[Tue Aug 26 13:01:21.119037 2025] [core:notice] [pid 680:tid 288] AH00094: Command line: 'apache\\bin\\httpd.exe -d C:/SYSME/SGC/xampp/apache'
[Tue Aug 26 13:01:21.119037 2025] [mpm_winnt:notice] [pid 680:tid 288] AH00418: Parent: Created child process 7964
[Tue Aug 26 13:01:21.978457 2025] [ssl:warn] [pid 7964:tid 292] AH01873: Init: Session Cache is not configured [hint: SSLSessionCache]
[Tue Aug 26 13:01:22.025336 2025] [mpm_winnt:notice] [pid 7964:tid 292] AH00354: Child: Starting 150 worker threads.
[Wed Aug 27 12:15:51.491244 2025] [core:warn] [pid 4840:tid 288] AH00098: pid file C:/SYSME/SGC/xampp/apache/logs/httpd.pid overwritten -- Unclean shutdown of previous Apache run?
[Wed Aug 27 12:15:51.803760 2025] [ssl:warn] [pid 4840:tid 288] AH01873: Init: Session Cache is not configured [hint: SSLSessionCache]
[Wed Aug 27 12:15:51.866263 2025] [mpm_winnt:notice] [pid 4840:tid 288] AH00455: Apache/2.4.3 (Win32) OpenSSL/1.0.1c PHP/5.4.7 configured -- resuming normal operations
[Wed Aug 27 12:15:51.866263 2025] [mpm_winnt:notice] [pid 4840:tid 288] AH00456: Server built: Aug 18 2012 12:41:37
[Wed Aug 27 12:15:51.866263 2025] [core:notice] [pid 4840:tid 288] AH00094: Command line: 'apache\\bin\\httpd.exe -d C:/SYSME/SGC/xampp/apache'
[Wed Aug 27 12:15:51.866263 2025] [mpm_winnt:notice] [pid 4840:tid 288] AH00418: Parent: Created child process 2360
[Wed Aug 27 12:15:52.756934 2025] [ssl:warn] [pid 2360:tid 292] AH01873: Init: Session Cache is not configured [hint: SSLSessionCache]
[Wed Aug 27 12:15:52.803812 2025] [mpm_winnt:notice] [pid 2360:tid 292] AH00354: Child: Starting 150 worker threads.
[Thu Aug 28 12:14:14.810232 2025] [core:warn] [pid 5856:tid 288] AH00098: pid file C:/SYSME/SGC/xampp/apache/logs/httpd.pid overwritten -- Unclean shutdown of previous Apache run?
[Thu Aug 28 12:14:15.185251 2025] [ssl:warn] [pid 5856:tid 288] AH01873: Init: Session Cache is not configured [hint: SSLSessionCache]
[Thu Aug 28 12:14:15.247756 2025] [mpm_winnt:notice] [pid 5856:tid 288] AH00455: Apache/2.4.3 (Win32) OpenSSL/1.0.1c PHP/5.4.7 configured -- resuming normal operations
[Thu Aug 28 12:14:15.247756 2025] [mpm_winnt:notice] [pid 5856:tid 288] AH00456: Server built: Aug 18 2012 12:41:37
[Thu Aug 28 12:14:15.247756 2025] [core:notice] [pid 5856:tid 288] AH00094: Command line: 'apache\\bin\\httpd.exe -d C:/SYSME/SGC/xampp/apache'
[Thu Aug 28 12:14:15.247756 2025] [mpm_winnt:notice] [pid 5856:tid 288] AH00418: Parent: Created child process 1536
[Thu Aug 28 12:14:16.247808 2025] [ssl:warn] [pid 1536:tid 312] AH01873: Init: Session Cache is not configured [hint: SSLSessionCache]
[Thu Aug 28 12:14:16.294689 2025] [mpm_winnt:notice] [pid 1536:tid 312] AH00354: Child: Starting 150 worker threads.
[Fri Aug 29 12:14:15.102438 2025] [core:warn] [pid 5108:tid 284] AH00098: pid file C:/SYSME/SGC/xampp/apache/logs/httpd.pid overwritten -- Unclean shutdown of previous Apache run?
[Fri Aug 29 12:14:15.539961 2025] [ssl:warn] [pid 5108:tid 284] AH01873: Init: Session Cache is not configured [hint: SSLSessionCache]
[Fri Aug 29 12:14:15.602464 2025] [mpm_winnt:notice] [pid 5108:tid 284] AH00455: Apache/2.4.3 (Win32) OpenSSL/1.0.1c PHP/5.4.7 configured -- resuming normal operations
[Fri Aug 29 12:14:15.602464 2025] [mpm_winnt:notice] [pid 5108:tid 284] AH00456: Server built: Aug 18 2012 12:41:37
[Fri Aug 29 12:14:15.602464 2025] [core:notice] [pid 5108:tid 284] AH00094: Command line: 'apache\\bin\\httpd.exe -d C:/SYSME/SGC/xampp/apache'
[Fri Aug 29 12:14:15.602464 2025] [mpm_winnt:notice] [pid 5108:tid 284] AH00418: Parent: Created child process 1368
[Fri Aug 29 12:14:16.477510 2025] [ssl:warn] [pid 1368:tid 300] AH01873: Init: Session Cache is not configured [hint: SSLSessionCache]
[Fri Aug 29 12:14:16.540014 2025] [mpm_winnt:notice] [pid 1368:tid 300] AH00354: Child: Starting 150 worker threads.
[Sat Aug 30 12:25:12.110696 2025] [core:warn] [pid 1676:tid 288] AH00098: pid file C:/SYSME/SGC/xampp/apache/logs/httpd.pid overwritten -- Unclean shutdown of previous Apache run?
[Sat Aug 30 12:25:12.423213 2025] [ssl:warn] [pid 1676:tid 288] AH01873: Init: Session Cache is not configured [hint: SSLSessionCache]
[Sat Aug 30 12:25:12.470091 2025] [mpm_winnt:notice] [pid 1676:tid 288] AH00455: Apache/2.4.3 (Win32) OpenSSL/1.0.1c PHP/5.4.7 configured -- resuming normal operations
[Sat Aug 30 12:25:12.470091 2025] [mpm_winnt:notice] [pid 1676:tid 288] AH00456: Server built: Aug 18 2012 12:41:37
[Sat Aug 30 12:25:12.470091 2025] [core:notice] [pid 1676:tid 288] AH00094: Command line: 'apache\\bin\\httpd.exe -d C:/SYSME/SGC/xampp/apache'
[Sat Aug 30 12:25:12.470091 2025] [mpm_winnt:notice] [pid 1676:tid 288] AH00418: Parent: Created child process 7320
[Sat Aug 30 12:25:13.360761 2025] [ssl:warn] [pid 7320:tid 292] AH01873: Init: Session Cache is not configured [hint: SSLSessionCache]
[Sat Aug 30 12:25:13.407642 2025] [mpm_winnt:notice] [pid 7320:tid 292] AH00354: Child: Starting 150 worker threads.
[Sun Aug 31 12:00:41.970971 2025] [core:warn] [pid 4320:tid 296] AH00098: pid file C:/SYSME/SGC/xampp/apache/logs/httpd.pid overwritten -- Unclean shutdown of previous Apache run?
[Sun Aug 31 12:00:42.267861 2025] [ssl:warn] [pid 4320:tid 296] AH01873: Init: Session Cache is not configured [hint: SSLSessionCache]
[Sun Aug 31 12:00:42.330365 2025] [mpm_winnt:notice] [pid 4320:tid 296] AH00455: Apache/2.4.3 (Win32) OpenSSL/1.0.1c PHP/5.4.7 configured -- resuming normal operations
[Sun Aug 31 12:00:42.330365 2025] [mpm_winnt:notice] [pid 4320:tid 296] AH00456: Server built: Aug 18 2012 12:41:37
[Sun Aug 31 12:00:42.330365 2025] [core:notice] [pid 4320:tid 296] AH00094: Command line: 'apache\\bin\\httpd.exe -d C:/SYSME/SGC/xampp/apache'
[Sun Aug 31 12:00:42.330365 2025] [mpm_winnt:notice] [pid 4320:tid 296] AH00418: Parent: Created child process 6364
[Sun Aug 31 12:00:43.127282 2025] [ssl:warn] [pid 6364:tid 296] AH01873: Init: Session Cache is not configured [hint: SSLSessionCache]
[Sun Aug 31 12:00:43.174159 2025] [mpm_winnt:notice] [pid 6364:tid 296] AH00354: Child: Starting 150 worker threads.
[Mon Sep 01 12:28:46.816937 2025] [core:warn] [pid 2956:tid 288] AH00098: pid file C:/SYSME/SGC/xampp/apache/logs/httpd.pid overwritten -- Unclean shutdown of previous Apache run?
[Mon Sep 01 12:28:47.129451 2025] [ssl:warn] [pid 2956:tid 288] AH01873: Init: Session Cache is not configured [hint: SSLSessionCache]
[Mon Sep 01 12:28:47.191958 2025] [mpm_winnt:notice] [pid 2956:tid 288] AH00455: Apache/2.4.3 (Win32) OpenSSL/1.0.1c PHP/5.4.7 configured -- resuming normal operations
[Mon Sep 01 12:28:47.191958 2025] [mpm_winnt:notice] [pid 2956:tid 288] AH00456: Server built: Aug 18 2012 12:41:37
[Mon Sep 01 12:28:47.191958 2025] [core:notice] [pid 2956:tid 288] AH00094: Command line: 'apache\\bin\\httpd.exe -d C:/SYSME/SGC/xampp/apache'
[Mon Sep 01 12:28:47.191958 2025] [mpm_winnt:notice] [pid 2956:tid 288] AH00418: Parent: Created child process 2732
[Mon Sep 01 12:28:48.192007 2025] [ssl:warn] [pid 2732:tid 296] AH01873: Init: Session Cache is not configured [hint: SSLSessionCache]
[Mon Sep 01 12:28:48.238886 2025] [mpm_winnt:notice] [pid 2732:tid 296] AH00354: Child: Starting 150 worker threads.
[Tue Sep 02 12:09:09.146765 2025] [core:warn] [pid 1356:tid 288] AH00098: pid file C:/SYSME/SGC/xampp/apache/logs/httpd.pid overwritten -- Unclean shutdown of previous Apache run?
[Tue Sep 02 12:09:09.459283 2025] [ssl:warn] [pid 1356:tid 288] AH01873: Init: Session Cache is not configured [hint: SSLSessionCache]
[Tue Sep 02 12:09:09.521787 2025] [mpm_winnt:notice] [pid 1356:tid 288] AH00455: Apache/2.4.3 (Win32) OpenSSL/1.0.1c PHP/5.4.7 configured -- resuming normal operations
[Tue Sep 02 12:09:09.521787 2025] [mpm_winnt:notice] [pid 1356:tid 288] AH00456: Server built: Aug 18 2012 12:41:37
[Tue Sep 02 12:09:09.521787 2025] [core:notice] [pid 1356:tid 288] AH00094: Command line: 'apache\\bin\\httpd.exe -d C:/SYSME/SGC/xampp/apache'
[Tue Sep 02 12:09:09.521787 2025] [mpm_winnt:notice] [pid 1356:tid 288] AH00418: Parent: Created child process 2036
[Tue Sep 02 12:09:10.443709 2025] [ssl:warn] [pid 2036:tid 300] AH01873: Init: Session Cache is not configured [hint: SSLSessionCache]
[Tue Sep 02 12:09:10.490587 2025] [mpm_winnt:notice] [pid 2036:tid 300] AH00354: Child: Starting 150 worker threads.
[Wed Sep 03 12:01:48.371728 2025] [core:warn] [pid 6524:tid 288] AH00098: pid file C:/SYSME/SGC/xampp/apache/logs/httpd.pid overwritten -- Unclean shutdown of previous Apache run?
[Wed Sep 03 12:01:48.777999 2025] [ssl:warn] [pid 6524:tid 288] AH01873: Init: Session Cache is not configured [hint: SSLSessionCache]
[Wed Sep 03 12:01:48.856129 2025] [mpm_winnt:notice] [pid 6524:tid 288] AH00455: Apache/2.4.3 (Win32) OpenSSL/1.0.1c PHP/5.4.7 configured -- resuming normal operations
[Wed Sep 03 12:01:48.856129 2025] [mpm_winnt:notice] [pid 6524:tid 288] AH00456: Server built: Aug 18 2012 12:41:37
[Wed Sep 03 12:01:48.856129 2025] [core:notice] [pid 6524:tid 288] AH00094: Command line: 'apache\\bin\\httpd.exe -d C:/SYSME/SGC/xampp/apache'
[Wed Sep 03 12:01:48.856129 2025] [mpm_winnt:notice] [pid 6524:tid 288] AH00418: Parent: Created child process 712
[Wed Sep 03 12:01:49.762426 2025] [ssl:warn] [pid 712:tid 296] AH01873: Init: Session Cache is not configured [hint: SSLSessionCache]
[Wed Sep 03 12:01:49.809307 2025] [mpm_winnt:notice] [pid 712:tid 296] AH00354: Child: Starting 150 worker threads.
[Thu Sep 04 12:27:50.842433 2025] [core:warn] [pid 5308:tid 292] AH00098: pid file C:/SYSME/SGC/xampp/apache/logs/httpd.pid overwritten -- Unclean shutdown of previous Apache run?
[Thu Sep 04 12:27:51.154933 2025] [ssl:warn] [pid 5308:tid 292] AH01873: Init: Session Cache is not configured [hint: SSLSessionCache]
[Thu Sep 04 12:27:51.201811 2025] [mpm_winnt:notice] [pid 5308:tid 292] AH00455: Apache/2.4.3 (Win32) OpenSSL/1.0.1c PHP/5.4.7 configured -- resuming normal operations
[Thu Sep 04 12:27:51.201811 2025] [mpm_winnt:notice] [pid 5308:tid 292] AH00456: Server built: Aug 18 2012 12:41:37
[Thu Sep 04 12:27:51.201811 2025] [core:notice] [pid 5308:tid 292] AH00094: Command line: 'apache\\bin\\httpd.exe -d C:/SYSME/SGC/xampp/apache'
[Thu Sep 04 12:27:51.201811 2025] [mpm_winnt:notice] [pid 5308:tid 292] AH00418: Parent: Created child process 5732
[Thu Sep 04 12:27:52.092482 2025] [ssl:warn] [pid 5732:tid 292] AH01873: Init: Session Cache is not configured [hint: SSLSessionCache]
[Thu Sep 04 12:27:52.139359 2025] [mpm_winnt:notice] [pid 5732:tid 292] AH00354: Child: Starting 150 worker threads.
[Fri Sep 05 12:24:58.746809 2025] [core:warn] [pid 6732:tid 284] AH00098: pid file C:/SYSME/SGC/xampp/apache/logs/httpd.pid overwritten -- Unclean shutdown of previous Apache run?
[Fri Sep 05 12:24:59.106204 2025] [ssl:warn] [pid 6732:tid 284] AH01873: Init: Session Cache is not configured [hint: SSLSessionCache]
[Fri Sep 05 12:24:59.153083 2025] [mpm_winnt:notice] [pid 6732:tid 284] AH00455: Apache/2.4.3 (Win32) OpenSSL/1.0.1c PHP/5.4.7 configured -- resuming normal operations
[Fri Sep 05 12:24:59.153083 2025] [mpm_winnt:notice] [pid 6732:tid 284] AH00456: Server built: Aug 18 2012 12:41:37
[Fri Sep 05 12:24:59.153083 2025] [core:notice] [pid 6732:tid 284] AH00094: Command line: 'apache\\bin\\httpd.exe -d C:/SYSME/SGC/xampp/apache'
[Fri Sep 05 12:24:59.153083 2025] [mpm_winnt:notice] [pid 6732:tid 284] AH00418: Parent: Created child process 2052
[Fri Sep 05 12:25:00.121882 2025] [ssl:warn] [pid 2052:tid 292] AH01873: Init: Session Cache is not configured [hint: SSLSessionCache]
[Fri Sep 05 12:25:00.168761 2025] [mpm_winnt:notice] [pid 2052:tid 292] AH00354: Child: Starting 150 worker threads.
[Sat Sep 06 12:38:47.387108 2025] [core:warn] [pid 5684:tid 284] AH00098: pid file C:/SYSME/SGC/xampp/apache/logs/httpd.pid overwritten -- Unclean shutdown of previous Apache run?
[Sat Sep 06 12:38:47.809004 2025] [ssl:warn] [pid 5684:tid 284] AH01873: Init: Session Cache is not configured [hint: SSLSessionCache]
[Sat Sep 06 12:38:47.871508 2025] [mpm_winnt:notice] [pid 5684:tid 284] AH00455: Apache/2.4.3 (Win32) OpenSSL/1.0.1c PHP/5.4.7 configured -- resuming normal operations
[Sat Sep 06 12:38:47.871508 2025] [mpm_winnt:notice] [pid 5684:tid 284] AH00456: Server built: Aug 18 2012 12:41:37
[Sat Sep 06 12:38:47.871508 2025] [core:notice] [pid 5684:tid 284] AH00094: Command line: 'apache\\bin\\httpd.exe -d C:/SYSME/SGC/xampp/apache'
[Sat Sep 06 12:38:47.871508 2025] [mpm_winnt:notice] [pid 5684:tid 284] AH00418: Parent: Created child process 4692
[Sat Sep 06 12:38:48.840308 2025] [ssl:warn] [pid 4692:tid 296] AH01873: Init: Session Cache is not configured [hint: SSLSessionCache]
[Sat Sep 06 12:38:48.887186 2025] [mpm_winnt:notice] [pid 4692:tid 296] AH00354: Child: Starting 150 worker threads.
[Sun Sep 07 11:25:47.305940 2025] [core:warn] [pid 6376:tid 288] AH00098: pid file C:/SYSME/SGC/xampp/apache/logs/httpd.pid overwritten -- Unclean shutdown of previous Apache run?
[Sun Sep 07 11:25:47.618439 2025] [ssl:warn] [pid 6376:tid 288] AH01873: Init: Session Cache is not configured [hint: SSLSessionCache]
[Sun Sep 07 11:25:47.665318 2025] [mpm_winnt:notice] [pid 6376:tid 288] AH00455: Apache/2.4.3 (Win32) OpenSSL/1.0.1c PHP/5.4.7 configured -- resuming normal operations
[Sun Sep 07 11:25:47.665318 2025] [mpm_winnt:notice] [pid 6376:tid 288] AH00456: Server built: Aug 18 2012 12:41:37
[Sun Sep 07 11:25:47.665318 2025] [core:notice] [pid 6376:tid 288] AH00094: Command line: 'apache\\bin\\httpd.exe -d C:/SYSME/SGC/xampp/apache'
[Sun Sep 07 11:25:47.665318 2025] [mpm_winnt:notice] [pid 6376:tid 288] AH00418: Parent: Created child process 7040
[Sun Sep 07 11:25:48.712245 2025] [ssl:warn] [pid 7040:tid 296] AH01873: Init: Session Cache is not configured [hint: SSLSessionCache]
[Sun Sep 07 11:25:48.759125 2025] [mpm_winnt:notice] [pid 7040:tid 296] AH00354: Child: Starting 150 worker threads.
[Mon Sep 08 11:23:24.460568 2025] [core:warn] [pid 5120:tid 288] AH00098: pid file C:/SYSME/SGC/xampp/apache/logs/httpd.pid overwritten -- Unclean shutdown of previous Apache run?
[Mon Sep 08 11:23:24.819961 2025] [ssl:warn] [pid 5120:tid 288] AH01873: Init: Session Cache is not configured [hint: SSLSessionCache]
[Mon Sep 08 11:23:24.866840 2025] [mpm_winnt:notice] [pid 5120:tid 288] AH00455: Apache/2.4.3 (Win32) OpenSSL/1.0.1c PHP/5.4.7 configured -- resuming normal operations
[Mon Sep 08 11:23:24.866840 2025] [mpm_winnt:notice] [pid 5120:tid 288] AH00456: Server built: Aug 18 2012 12:41:37
[Mon Sep 08 11:23:24.866840 2025] [core:notice] [pid 5120:tid 288] AH00094: Command line: 'apache\\bin\\httpd.exe -d C:/SYSME/SGC/xampp/apache'
[Mon Sep 08 11:23:24.866840 2025] [mpm_winnt:notice] [pid 5120:tid 288] AH00418: Parent: Created child process 7412
[Mon Sep 08 11:23:25.710634 2025] [ssl:warn] [pid 7412:tid 292] AH01873: Init: Session Cache is not configured [hint: SSLSessionCache]
[Mon Sep 08 11:23:25.741886 2025] [mpm_winnt:notice] [pid 7412:tid 292] AH00354: Child: Starting 150 worker threads.
[Tue Sep 09 11:25:40.115747 2025] [core:warn] [pid 7368:tid 284] AH00098: pid file C:/SYSME/SGC/xampp/apache/logs/httpd.pid overwritten -- Unclean shutdown of previous Apache run?
[Tue Sep 09 11:25:40.412637 2025] [ssl:warn] [pid 7368:tid 284] AH01873: Init: Session Cache is not configured [hint: SSLSessionCache]
[Tue Sep 09 11:25:40.475141 2025] [mpm_winnt:notice] [pid 7368:tid 284] AH00455: Apache/2.4.3 (Win32) OpenSSL/1.0.1c PHP/5.4.7 configured -- resuming normal operations
[Tue Sep 09 11:25:40.475141 2025] [mpm_winnt:notice] [pid 7368:tid 284] AH00456: Server built: Aug 18 2012 12:41:37
[Tue Sep 09 11:25:40.475141 2025] [core:notice] [pid 7368:tid 284] AH00094: Command line: 'apache\\bin\\httpd.exe -d C:/SYSME/SGC/xampp/apache'
[Tue Sep 09 11:25:40.475141 2025] [mpm_winnt:notice] [pid 7368:tid 284] AH00418: Parent: Created child process 3028
[Tue Sep 09 11:25:41.381489 2025] [ssl:warn] [pid 3028:tid 292] AH01873: Init: Session Cache is not configured [hint: SSLSessionCache]
[Tue Sep 09 11:25:41.428367 2025] [mpm_winnt:notice] [pid 3028:tid 292] AH00354: Child: Starting 150 worker threads.
[Tue Sep 09 17:57:57.205445 2025] [core:warn] [pid 3456:tid 288] AH00098: pid file C:/SYSME/SGC/xampp/apache/logs/httpd.pid overwritten -- Unclean shutdown of previous Apache run?
[Tue Sep 09 17:57:57.517960 2025] [ssl:warn] [pid 3456:tid 288] AH01873: Init: Session Cache is not configured [hint: SSLSessionCache]
[Tue Sep 09 17:57:57.580464 2025] [mpm_winnt:notice] [pid 3456:tid 288] AH00455: Apache/2.4.3 (Win32) OpenSSL/1.0.1c PHP/5.4.7 configured -- resuming normal operations
[Tue Sep 09 17:57:57.580464 2025] [mpm_winnt:notice] [pid 3456:tid 288] AH00456: Server built: Aug 18 2012 12:41:37
[Tue Sep 09 17:57:57.580464 2025] [core:notice] [pid 3456:tid 288] AH00094: Command line: 'apache\\bin\\httpd.exe -d C:/SYSME/SGC/xampp/apache'
[Tue Sep 09 17:57:57.580464 2025] [mpm_winnt:notice] [pid 3456:tid 288] AH00418: Parent: Created child process 3468
[Tue Sep 09 17:57:58.549263 2025] [ssl:warn] [pid 3468:tid 312] AH01873: Init: Session Cache is not configured [hint: SSLSessionCache]
[Tue Sep 09 17:57:58.596141 2025] [mpm_winnt:notice] [pid 3468:tid 312] AH00354: Child: Starting 150 worker threads.
[Wed Sep 10 12:09:39.444987 2025] [core:warn] [pid 4756:tid 288] AH00098: pid file C:/SYSME/SGC/xampp/apache/logs/httpd.pid overwritten -- Unclean shutdown of previous Apache run?
[Wed Sep 10 12:09:39.773119 2025] [ssl:warn] [pid 4756:tid 288] AH01873: Init: Session Cache is not configured [hint: SSLSessionCache]
[Wed Sep 10 12:09:39.835621 2025] [mpm_winnt:notice] [pid 4756:tid 288] AH00455: Apache/2.4.3 (Win32) OpenSSL/1.0.1c PHP/5.4.7 configured -- resuming normal operations
[Wed Sep 10 12:09:39.835621 2025] [mpm_winnt:notice] [pid 4756:tid 288] AH00456: Server built: Aug 18 2012 12:41:37
[Wed Sep 10 12:09:39.835621 2025] [core:notice] [pid 4756:tid 288] AH00094: Command line: 'apache\\bin\\httpd.exe -d C:/SYSME/SGC/xampp/apache'
[Wed Sep 10 12:09:39.835621 2025] [mpm_winnt:notice] [pid 4756:tid 288] AH00418: Parent: Created child process 6008
[Wed Sep 10 12:09:40.757544 2025] [ssl:warn] [pid 6008:tid 292] AH01873: Init: Session Cache is not configured [hint: SSLSessionCache]
[Wed Sep 10 12:09:40.804422 2025] [mpm_winnt:notice] [pid 6008:tid 292] AH00354: Child: Starting 150 worker threads.
[Thu Sep 11 12:25:23.427565 2025] [core:warn] [pid 2844:tid 288] AH00098: pid file C:/SYSME/SGC/xampp/apache/logs/httpd.pid overwritten -- Unclean shutdown of previous Apache run?
[Thu Sep 11 12:25:23.771333 2025] [ssl:warn] [pid 2844:tid 288] AH01873: Init: Session Cache is not configured [hint: SSLSessionCache]
[Thu Sep 11 12:25:23.849462 2025] [mpm_winnt:notice] [pid 2844:tid 288] AH00455: Apache/2.4.3 (Win32) OpenSSL/1.0.1c PHP/5.4.7 configured -- resuming normal operations
[Thu Sep 11 12:25:23.849462 2025] [mpm_winnt:notice] [pid 2844:tid 288] AH00456: Server built: Aug 18 2012 12:41:37
[Thu Sep 11 12:25:23.849462 2025] [core:notice] [pid 2844:tid 288] AH00094: Command line: 'apache\\bin\\httpd.exe -d C:/SYSME/SGC/xampp/apache'
[Thu Sep 11 12:25:23.849462 2025] [mpm_winnt:notice] [pid 2844:tid 288] AH00418: Parent: Created child process 3336
[Thu Sep 11 12:25:24.646378 2025] [ssl:warn] [pid 3336:tid 296] AH01873: Init: Session Cache is not configured [hint: SSLSessionCache]
[Thu Sep 11 12:25:24.677630 2025] [mpm_winnt:notice] [pid 3336:tid 296] AH00354: Child: Starting 150 worker threads.
[Fri Sep 12 11:21:47.202759 2025] [core:warn] [pid 3424:tid 284] AH00098: pid file C:/SYSME/SGC/xampp/apache/logs/httpd.pid overwritten -- Unclean shutdown of previous Apache run?
[Fri Sep 12 11:21:47.515275 2025] [ssl:warn] [pid 3424:tid 284] AH01873: Init: Session Cache is not configured [hint: SSLSessionCache]
[Fri Sep 12 11:21:47.577779 2025] [mpm_winnt:notice] [pid 3424:tid 284] AH00455: Apache/2.4.3 (Win32) OpenSSL/1.0.1c PHP/5.4.7 configured -- resuming normal operations
[Fri Sep 12 11:21:47.577779 2025] [mpm_winnt:notice] [pid 3424:tid 284] AH00456: Server built: Aug 18 2012 12:41:37
[Fri Sep 12 11:21:47.577779 2025] [core:notice] [pid 3424:tid 284] AH00094: Command line: 'apache\\bin\\httpd.exe -d C:/SYSME/SGC/xampp/apache'
[Fri Sep 12 11:21:47.577779 2025] [mpm_winnt:notice] [pid 3424:tid 284] AH00418: Parent: Created child process 3672
[Fri Sep 12 11:21:48.515328 2025] [ssl:warn] [pid 3672:tid 296] AH01873: Init: Session Cache is not configured [hint: SSLSessionCache]
[Fri Sep 12 11:21:48.562205 2025] [mpm_winnt:notice] [pid 3672:tid 296] AH00354: Child: Starting 150 worker threads.
[Fri Sep 12 20:01:34.326077 2025] [core:warn] [pid 2708:tid 288] AH00098: pid file C:/SYSME/SGC/xampp/apache/logs/httpd.pid overwritten -- Unclean shutdown of previous Apache run?
[Fri Sep 12 20:01:34.669844 2025] [ssl:warn] [pid 2708:tid 288] AH01873: Init: Session Cache is not configured [hint: SSLSessionCache]
[Fri Sep 12 20:01:34.747974 2025] [mpm_winnt:notice] [pid 2708:tid 288] AH00455: Apache/2.4.3 (Win32) OpenSSL/1.0.1c PHP/5.4.7 configured -- resuming normal operations
[Fri Sep 12 20:01:34.747974 2025] [mpm_winnt:notice] [pid 2708:tid 288] AH00456: Server built: Aug 18 2012 12:41:37
[Fri Sep 12 20:01:34.747974 2025] [core:notice] [pid 2708:tid 288] AH00094: Command line: 'apache\\bin\\httpd.exe -d C:/SYSME/SGC/xampp/apache'
[Fri Sep 12 20:01:34.747974 2025] [mpm_winnt:notice] [pid 2708:tid 288] AH00418: Parent: Created child process 3236
[Fri Sep 12 20:01:35.810528 2025] [ssl:warn] [pid 3236:tid 300] AH01873: Init: Session Cache is not configured [hint: SSLSessionCache]
[Fri Sep 12 20:01:35.857406 2025] [mpm_winnt:notice] [pid 3236:tid 300] AH00354: Child: Starting 150 worker threads.
[Sat Sep 13 12:39:41.267420 2025] [core:warn] [pid 2496:tid 288] AH00098: pid file C:/SYSME/SGC/xampp/apache/logs/httpd.pid overwritten -- Unclean shutdown of previous Apache run?
[Sat Sep 13 12:39:41.611171 2025] [ssl:warn] [pid 2496:tid 288] AH01873: Init: Session Cache is not configured [hint: SSLSessionCache]
[Sat Sep 13 12:39:41.658049 2025] [mpm_winnt:notice] [pid 2496:tid 288] AH00455: Apache/2.4.3 (Win32) OpenSSL/1.0.1c PHP/5.4.7 configured -- resuming normal operations
[Sat Sep 13 12:39:41.658049 2025] [mpm_winnt:notice] [pid 2496:tid 288] AH00456: Server built: Aug 18 2012 12:41:37
[Sat Sep 13 12:39:41.658049 2025] [core:notice] [pid 2496:tid 288] AH00094: Command line: 'apache\\bin\\httpd.exe -d C:/SYSME/SGC/xampp/apache'
[Sat Sep 13 12:39:41.673676 2025] [mpm_winnt:notice] [pid 2496:tid 288] AH00418: Parent: Created child process 684
[Sat Sep 13 12:39:42.501843 2025] [ssl:warn] [pid 684:tid 296] AH01873: Init: Session Cache is not configured [hint: SSLSessionCache]
[Sat Sep 13 12:39:42.548719 2025] [mpm_winnt:notice] [pid 684:tid 296] AH00354: Child: Starting 150 worker threads.
[Sun Sep 14 12:10:17.542240 2025] [core:warn] [pid 6644:tid 288] AH00098: pid file C:/SYSME/SGC/xampp/apache/logs/httpd.pid overwritten -- Unclean shutdown of previous Apache run?
[Sun Sep 14 12:10:17.854756 2025] [ssl:warn] [pid 6644:tid 288] AH01873: Init: Session Cache is not configured [hint: SSLSessionCache]
[Sun Sep 14 12:10:17.917260 2025] [mpm_winnt:notice] [pid 6644:tid 288] AH00455: Apache/2.4.3 (Win32) OpenSSL/1.0.1c PHP/5.4.7 configured -- resuming normal operations
[Sun Sep 14 12:10:17.917260 2025] [mpm_winnt:notice] [pid 6644:tid 288] AH00456: Server built: Aug 18 2012 12:41:37
[Sun Sep 14 12:10:17.917260 2025] [core:notice] [pid 6644:tid 288] AH00094: Command line: 'apache\\bin\\httpd.exe -d C:/SYSME/SGC/xampp/apache'
[Sun Sep 14 12:10:17.917260 2025] [mpm_winnt:notice] [pid 6644:tid 288] AH00418: Parent: Created child process 2816
[Sun Sep 14 12:10:18.901685 2025] [ssl:warn] [pid 2816:tid 292] AH01873: Init: Session Cache is not configured [hint: SSLSessionCache]
[Sun Sep 14 12:10:18.948564 2025] [mpm_winnt:notice] [pid 2816:tid 292] AH00354: Child: Starting 150 worker threads.
[Mon Sep 15 12:16:34.948898 2025] [core:warn] [pid 6060:tid 288] AH00098: pid file C:/SYSME/SGC/xampp/apache/logs/httpd.pid overwritten -- Unclean shutdown of previous Apache run?
[Mon Sep 15 12:16:35.277039 2025] [ssl:warn] [pid 6060:tid 288] AH01873: Init: Session Cache is not configured [hint: SSLSessionCache]
[Mon Sep 15 12:16:35.339547 2025] [mpm_winnt:notice] [pid 6060:tid 288] AH00455: Apache/2.4.3 (Win32) OpenSSL/1.0.1c PHP/5.4.7 configured -- resuming normal operations
[Mon Sep 15 12:16:35.339547 2025] [mpm_winnt:notice] [pid 6060:tid 288] AH00456: Server built: Aug 18 2012 12:41:37
[Mon Sep 15 12:16:35.339547 2025] [core:notice] [pid 6060:tid 288] AH00094: Command line: 'apache\\bin\\httpd.exe -d C:/SYSME/SGC/xampp/apache'
[Mon Sep 15 12:16:35.339547 2025] [mpm_winnt:notice] [pid 6060:tid 288] AH00418: Parent: Created child process 4944
[Mon Sep 15 12:16:36.198961 2025] [ssl:warn] [pid 4944:tid 296] AH01873: Init: Session Cache is not configured [hint: SSLSessionCache]
[Mon Sep 15 12:16:36.261465 2025] [mpm_winnt:notice] [pid 4944:tid 296] AH00354: Child: Starting 150 worker threads.
[Tue Sep 16 12:31:35.296684 2025] [core:warn] [pid 4112:tid 284] AH00098: pid file C:/SYSME/SGC/xampp/apache/logs/httpd.pid overwritten -- Unclean shutdown of previous Apache run?
[Tue Sep 16 12:31:35.624816 2025] [ssl:warn] [pid 4112:tid 284] AH01873: Init: Session Cache is not configured [hint: SSLSessionCache]
[Tue Sep 16 12:31:35.687321 2025] [mpm_winnt:notice] [pid 4112:tid 284] AH00455: Apache/2.4.3 (Win32) OpenSSL/1.0.1c PHP/5.4.7 configured -- resuming normal operations
[Tue Sep 16 12:31:35.687321 2025] [mpm_winnt:notice] [pid 4112:tid 284] AH00456: Server built: Aug 18 2012 12:41:37
[Tue Sep 16 12:31:35.687321 2025] [core:notice] [pid 4112:tid 284] AH00094: Command line: 'apache\\bin\\httpd.exe -d C:/SYSME/SGC/xampp/apache'
[Tue Sep 16 12:31:35.687321 2025] [mpm_winnt:notice] [pid 4112:tid 284] AH00418: Parent: Created child process 4644
[Tue Sep 16 12:31:36.671912 2025] [ssl:warn] [pid 4644:tid 292] AH01873: Init: Session Cache is not configured [hint: SSLSessionCache]
[Tue Sep 16 12:31:36.718787 2025] [mpm_winnt:notice] [pid 4644:tid 292] AH00354: Child: Starting 150 worker threads.
[Wed Sep 17 11:13:25.848334 2025] [core:warn] [pid 5920:tid 292] AH00098: pid file C:/SYSME/SGC/xampp/apache/logs/httpd.pid overwritten -- Unclean shutdown of previous Apache run?
[Wed Sep 17 11:13:26.160848 2025] [ssl:warn] [pid 5920:tid 292] AH01873: Init: Session Cache is not configured [hint: SSLSessionCache]
[Wed Sep 17 11:13:26.223353 2025] [mpm_winnt:notice] [pid 5920:tid 292] AH00455: Apache/2.4.3 (Win32) OpenSSL/1.0.1c PHP/5.4.7 configured -- resuming normal operations
[Wed Sep 17 11:13:26.223353 2025] [mpm_winnt:notice] [pid 5920:tid 292] AH00456: Server built: Aug 18 2012 12:41:37
[Wed Sep 17 11:13:26.223353 2025] [core:notice] [pid 5920:tid 292] AH00094: Command line: 'apache\\bin\\httpd.exe -d C:/SYSME/SGC/xampp/apache'
[Wed Sep 17 11:13:26.223353 2025] [mpm_winnt:notice] [pid 5920:tid 292] AH00418: Parent: Created child process 5404
[Wed Sep 17 11:13:27.129647 2025] [ssl:warn] [pid 5404:tid 292] AH01873: Init: Session Cache is not configured [hint: SSLSessionCache]
[Wed Sep 17 11:13:27.176526 2025] [mpm_winnt:notice] [pid 5404:tid 292] AH00354: Child: Starting 150 worker threads.
[Sat Sep 20 11:26:30.773698 2025] [core:warn] [pid 4876:tid 288] AH00098: pid file C:/SYSME/SGC/xampp/apache/logs/httpd.pid overwritten -- Unclean shutdown of previous Apache run?
[Sat Sep 20 11:26:31.148715 2025] [ssl:warn] [pid 4876:tid 288] AH01873: Init: Session Cache is not configured [hint: SSLSessionCache]
[Sat Sep 20 11:26:31.211219 2025] [mpm_winnt:notice] [pid 4876:tid 288] AH00455: Apache/2.4.3 (Win32) OpenSSL/1.0.1c PHP/5.4.7 configured -- resuming normal operations
[Sat Sep 20 11:26:31.211219 2025] [mpm_winnt:notice] [pid 4876:tid 288] AH00456: Server built: Aug 18 2012 12:41:37
[Sat Sep 20 11:26:31.211219 2025] [core:notice] [pid 4876:tid 288] AH00094: Command line: 'apache\\bin\\httpd.exe -d C:/SYSME/SGC/xampp/apache'
[Sat Sep 20 11:26:31.211219 2025] [mpm_winnt:notice] [pid 4876:tid 288] AH00418: Parent: Created child process 7540
[Sat Sep 20 11:26:32.117515 2025] [ssl:warn] [pid 7540:tid 292] AH01873: Init: Session Cache is not configured [hint: SSLSessionCache]
[Sat Sep 20 11:26:32.164394 2025] [mpm_winnt:notice] [pid 7540:tid 292] AH00354: Child: Starting 150 worker threads.
[Sun Sep 21 11:15:47.616291 2025] [core:warn] [pid 3940:tid 296] AH00098: pid file C:/SYSME/SGC/xampp/apache/logs/httpd.pid overwritten -- Unclean shutdown of previous Apache run?
[Sun Sep 21 11:15:47.975684 2025] [ssl:warn] [pid 3940:tid 296] AH01873: Init: Session Cache is not configured [hint: SSLSessionCache]
[Sun Sep 21 11:15:48.038187 2025] [mpm_winnt:notice] [pid 3940:tid 296] AH00455: Apache/2.4.3 (Win32) OpenSSL/1.0.1c PHP/5.4.7 configured -- resuming normal operations
[Sun Sep 21 11:15:48.038187 2025] [mpm_winnt:notice] [pid 3940:tid 296] AH00456: Server built: Aug 18 2012 12:41:37
[Sun Sep 21 11:15:48.038187 2025] [core:notice] [pid 3940:tid 296] AH00094: Command line: 'apache\\bin\\httpd.exe -d C:/SYSME/SGC/xampp/apache'
[Sun Sep 21 11:15:48.038187 2025] [mpm_winnt:notice] [pid 3940:tid 296] AH00418: Parent: Created child process 8056
[Sun Sep 21 11:15:48.928858 2025] [ssl:warn] [pid 8056:tid 292] AH01873: Init: Session Cache is not configured [hint: SSLSessionCache]
[Sun Sep 21 11:15:48.975736 2025] [mpm_winnt:notice] [pid 8056:tid 292] AH00354: Child: Starting 150 worker threads.
[Mon Sep 22 11:13:16.085719 2025] [core:warn] [pid 5824:tid 292] AH00098: pid file C:/SYSME/SGC/xampp/apache/logs/httpd.pid overwritten -- Unclean shutdown of previous Apache run?
[Mon Sep 22 11:13:16.491991 2025] [ssl:warn] [pid 5824:tid 292] AH01873: Init: Session Cache is not configured [hint: SSLSessionCache]
[Mon Sep 22 11:13:16.554497 2025] [mpm_winnt:notice] [pid 5824:tid 292] AH00455: Apache/2.4.3 (Win32) OpenSSL/1.0.1c PHP/5.4.7 configured -- resuming normal operations
[Mon Sep 22 11:13:16.554497 2025] [mpm_winnt:notice] [pid 5824:tid 292] AH00456: Server built: Aug 18 2012 12:41:37
[Mon Sep 22 11:13:16.554497 2025] [core:notice] [pid 5824:tid 292] AH00094: Command line: 'apache\\bin\\httpd.exe -d C:/SYSME/SGC/xampp/apache'
[Mon Sep 22 11:13:16.554497 2025] [mpm_winnt:notice] [pid 5824:tid 292] AH00418: Parent: Created child process 4116
[Mon Sep 22 11:13:17.413912 2025] [ssl:warn] [pid 4116:tid 292] AH01873: Init: Session Cache is not configured [hint: SSLSessionCache]
[Mon Sep 22 11:13:17.476416 2025] [mpm_winnt:notice] [pid 4116:tid 292] AH00354: Child: Starting 150 worker threads.
[Tue Sep 23 11:37:27.845985 2025] [core:warn] [pid 2416:tid 292] AH00098: pid file C:/SYSME/SGC/xampp/apache/logs/httpd.pid overwritten -- Unclean shutdown of previous Apache run?
[Tue Sep 23 11:37:28.267870 2025] [ssl:warn] [pid 2416:tid 292] AH01873: Init: Session Cache is not configured [hint: SSLSessionCache]
[Tue Sep 23 11:37:28.330375 2025] [mpm_winnt:notice] [pid 2416:tid 292] AH00455: Apache/2.4.3 (Win32) OpenSSL/1.0.1c PHP/5.4.7 configured -- resuming normal operations
[Tue Sep 23 11:37:28.330375 2025] [mpm_winnt:notice] [pid 2416:tid 292] AH00456: Server built: Aug 18 2012 12:41:37
[Tue Sep 23 11:37:28.330375 2025] [core:notice] [pid 2416:tid 292] AH00094: Command line: 'apache\\bin\\httpd.exe -d C:/SYSME/SGC/xampp/apache'
[Tue Sep 23 11:37:28.330375 2025] [mpm_winnt:notice] [pid 2416:tid 292] AH00418: Parent: Created child process 1400
[Tue Sep 23 11:37:29.142917 2025] [ssl:warn] [pid 1400:tid 296] AH01873: Init: Session Cache is not configured [hint: SSLSessionCache]
[Tue Sep 23 11:37:29.189793 2025] [mpm_winnt:notice] [pid 1400:tid 296] AH00354: Child: Starting 150 worker threads.
[Wed Sep 24 11:12:43.813044 2025] [core:warn] [pid 5212:tid 288] AH00098: pid file C:/SYSME/SGC/xampp/apache/logs/httpd.pid overwritten -- Unclean shutdown of previous Apache run?
[Wed Sep 24 11:12:44.156811 2025] [ssl:warn] [pid 5212:tid 288] AH01873: Init: Session Cache is not configured [hint: SSLSessionCache]
[Wed Sep 24 11:12:44.219315 2025] [mpm_winnt:notice] [pid 5212:tid 288] AH00455: Apache/2.4.3 (Win32) OpenSSL/1.0.1c PHP/5.4.7 configured -- resuming normal operations
[Wed Sep 24 11:12:44.219315 2025] [mpm_winnt:notice] [pid 5212:tid 288] AH00456: Server built: Aug 18 2012 12:41:37
[Wed Sep 24 11:12:44.219315 2025] [core:notice] [pid 5212:tid 288] AH00094: Command line: 'apache\\bin\\httpd.exe -d C:/SYSME/SGC/xampp/apache'
[Wed Sep 24 11:12:44.219315 2025] [mpm_winnt:notice] [pid 5212:tid 288] AH00418: Parent: Created child process 3100
[Wed Sep 24 11:12:45.141236 2025] [ssl:warn] [pid 3100:tid 296] AH01873: Init: Session Cache is not configured [hint: SSLSessionCache]
[Wed Sep 24 11:12:45.188115 2025] [mpm_winnt:notice] [pid 3100:tid 296] AH00354: Child: Starting 150 worker threads.
[Fri Sep 26 11:19:38.005934 2025] [core:warn] [pid 7276:tid 288] AH00098: pid file C:/SYSME/SGC/xampp/apache/logs/httpd.pid overwritten -- Unclean shutdown of previous Apache run?
[Fri Sep 26 11:19:38.318451 2025] [ssl:warn] [pid 7276:tid 288] AH01873: Init: Session Cache is not configured [hint: SSLSessionCache]
[Fri Sep 26 11:19:38.380954 2025] [mpm_winnt:notice] [pid 7276:tid 288] AH00455: Apache/2.4.3 (Win32) OpenSSL/1.0.1c PHP/5.4.7 configured -- resuming normal operations
[Fri Sep 26 11:19:38.380954 2025] [mpm_winnt:notice] [pid 7276:tid 288] AH00456: Server built: Aug 18 2012 12:41:37
[Fri Sep 26 11:19:38.380954 2025] [core:notice] [pid 7276:tid 288] AH00094: Command line: 'apache\\bin\\httpd.exe -d C:/SYSME/SGC/xampp/apache'
[Fri Sep 26 11:19:38.380954 2025] [mpm_winnt:notice] [pid 7276:tid 288] AH00418: Parent: Created child process 5984
[Fri Sep 26 11:19:39.318501 2025] [ssl:warn] [pid 5984:tid 296] AH01873: Init: Session Cache is not configured [hint: SSLSessionCache]
[Fri Sep 26 11:19:39.365381 2025] [mpm_winnt:notice] [pid 5984:tid 296] AH00354: Child: Starting 150 worker threads.
[Sat Sep 27 11:18:14.084977 2025] [core:warn] [pid 5568:tid 296] AH00098: pid file C:/SYSME/SGC/xampp/apache/logs/httpd.pid overwritten -- Unclean shutdown of previous Apache run?
[Sat Sep 27 11:18:14.413101 2025] [ssl:warn] [pid 5568:tid 296] AH01873: Init: Session Cache is not configured [hint: SSLSessionCache]
[Sat Sep 27 11:18:14.475605 2025] [mpm_winnt:notice] [pid 5568:tid 296] AH00455: Apache/2.4.3 (Win32) OpenSSL/1.0.1c PHP/5.4.7 configured -- resuming normal operations
[Sat Sep 27 11:18:14.475605 2025] [mpm_winnt:notice] [pid 5568:tid 296] AH00456: Server built: Aug 18 2012 12:41:37
[Sat Sep 27 11:18:14.475605 2025] [core:notice] [pid 5568:tid 296] AH00094: Command line: 'apache\\bin\\httpd.exe -d C:/SYSME/SGC/xampp/apache'
[Sat Sep 27 11:18:14.475605 2025] [mpm_winnt:notice] [pid 5568:tid 296] AH00418: Parent: Created child process 3484
[Sat Sep 27 11:18:15.397687 2025] [ssl:warn] [pid 3484:tid 292] AH01873: Init: Session Cache is not configured [hint: SSLSessionCache]
[Sat Sep 27 11:18:15.444565 2025] [mpm_winnt:notice] [pid 3484:tid 292] AH00354: Child: Starting 150 worker threads.
[Sun Sep 28 12:29:24.643512 2025] [core:warn] [pid 6276:tid 284] AH00098: pid file C:/SYSME/SGC/xampp/apache/logs/httpd.pid overwritten -- Unclean shutdown of previous Apache run?
[Sun Sep 28 12:29:24.975734 2025] [ssl:warn] [pid 6276:tid 284] AH01873: Init: Session Cache is not configured [hint: SSLSessionCache]
[Sun Sep 28 12:29:25.045780 2025] [mpm_winnt:notice] [pid 6276:tid 284] AH00455: Apache/2.4.3 (Win32) OpenSSL/1.0.1c PHP/5.4.7 configured -- resuming normal operations
[Sun Sep 28 12:29:25.045780 2025] [mpm_winnt:notice] [pid 6276:tid 284] AH00456: Server built: Aug 18 2012 12:41:37
[Sun Sep 28 12:29:25.045780 2025] [core:notice] [pid 6276:tid 284] AH00094: Command line: 'apache\\bin\\httpd.exe -d C:/SYSME/SGC/xampp/apache'
[Sun Sep 28 12:29:25.046781 2025] [mpm_winnt:notice] [pid 6276:tid 284] AH00418: Parent: Created child process 6348
[Sun Sep 28 12:29:26.397774 2025] [ssl:warn] [pid 6348:tid 312] AH01873: Init: Session Cache is not configured [hint: SSLSessionCache]
[Sun Sep 28 12:29:26.452811 2025] [mpm_winnt:notice] [pid 6348:tid 312] AH00354: Child: Starting 150 worker threads.
[Mon Sep 29 11:20:07.404313 2025] [core:warn] [pid 7528:tid 288] AH00098: pid file C:/SYSME/SGC/xampp/apache/logs/httpd.pid overwritten -- Unclean shutdown of previous Apache run?
[Mon Sep 29 11:20:07.779331 2025] [ssl:warn] [pid 7528:tid 288] AH01873: Init: Session Cache is not configured [hint: SSLSessionCache]
[Mon Sep 29 11:20:07.841835 2025] [mpm_winnt:notice] [pid 7528:tid 288] AH00455: Apache/2.4.3 (Win32) OpenSSL/1.0.1c PHP/5.4.7 configured -- resuming normal operations
[Mon Sep 29 11:20:07.841835 2025] [mpm_winnt:notice] [pid 7528:tid 288] AH00456: Server built: Aug 18 2012 12:41:37
[Mon Sep 29 11:20:07.841835 2025] [core:notice] [pid 7528:tid 288] AH00094: Command line: 'apache\\bin\\httpd.exe -d C:/SYSME/SGC/xampp/apache'
[Mon Sep 29 11:20:07.841835 2025] [mpm_winnt:notice] [pid 7528:tid 288] AH00418: Parent: Created child process 4000
[Mon Sep 29 11:20:08.685628 2025] [ssl:warn] [pid 4000:tid 296] AH01873: Init: Session Cache is not configured [hint: SSLSessionCache]
[Mon Sep 29 11:20:08.732506 2025] [mpm_winnt:notice] [pid 4000:tid 296] AH00354: Child: Starting 150 worker threads.
[Tue Sep 30 11:29:05.839663 2025] [core:warn] [pid 972:tid 296] AH00098: pid file C:/SYSME/SGC/xampp/apache/logs/httpd.pid overwritten -- Unclean shutdown of previous Apache run?
[Tue Sep 30 11:29:06.167803 2025] [ssl:warn] [pid 972:tid 296] AH01873: Init: Session Cache is not configured [hint: SSLSessionCache]
[Tue Sep 30 11:29:06.230308 2025] [mpm_winnt:notice] [pid 972:tid 296] AH00455: Apache/2.4.3 (Win32) OpenSSL/1.0.1c PHP/5.4.7 configured -- resuming normal operations
[Tue Sep 30 11:29:06.230308 2025] [mpm_winnt:notice] [pid 972:tid 296] AH00456: Server built: Aug 18 2012 12:41:37
[Tue Sep 30 11:29:06.230308 2025] [core:notice] [pid 972:tid 296] AH00094: Command line: 'apache\\bin\\httpd.exe -d C:/SYSME/SGC/xampp/apache'
[Tue Sep 30 11:29:06.230308 2025] [mpm_winnt:notice] [pid 972:tid 296] AH00418: Parent: Created child process 2864
[Tue Sep 30 11:29:07.355365 2025] [ssl:warn] [pid 2864:tid 308] AH01873: Init: Session Cache is not configured [hint: SSLSessionCache]
[Tue Sep 30 11:29:07.402243 2025] [mpm_winnt:notice] [pid 2864:tid 308] AH00354: Child: Starting 150 worker threads.
[Wed Oct 01 11:36:05.991742 2025] [core:warn] [pid 4516:tid 292] AH00098: pid file C:/SYSME/SGC/xampp/apache/logs/httpd.pid overwritten -- Unclean shutdown of previous Apache run?
[Wed Oct 01 11:36:06.319884 2025] [ssl:warn] [pid 4516:tid 292] AH01873: Init: Session Cache is not configured [hint: SSLSessionCache]
[Wed Oct 01 11:36:06.382386 2025] [mpm_winnt:notice] [pid 4516:tid 292] AH00455: Apache/2.4.3 (Win32) OpenSSL/1.0.1c PHP/5.4.7 configured -- resuming normal operations
[Wed Oct 01 11:36:06.382386 2025] [mpm_winnt:notice] [pid 4516:tid 292] AH00456: Server built: Aug 18 2012 12:41:37
[Wed Oct 01 11:36:06.382386 2025] [core:notice] [pid 4516:tid 292] AH00094: Command line: 'apache\\bin\\httpd.exe -d C:/SYSME/SGC/xampp/apache'
[Wed Oct 01 11:36:06.382386 2025] [mpm_winnt:notice] [pid 4516:tid 292] AH00418: Parent: Created child process 6788
[Wed Oct 01 11:36:07.288863 2025] [ssl:warn] [pid 6788:tid 296] AH01873: Init: Session Cache is not configured [hint: SSLSessionCache]
[Wed Oct 01 11:36:07.335741 2025] [mpm_winnt:notice] [pid 6788:tid 296] AH00354: Child: Starting 150 worker threads.
[Thu Oct 02 11:11:04.717278 2025] [core:warn] [pid 7836:tid 288] AH00098: pid file C:/SYSME/SGC/xampp/apache/logs/httpd.pid overwritten -- Unclean shutdown of previous Apache run?
[Thu Oct 02 11:11:05.061046 2025] [ssl:warn] [pid 7836:tid 288] AH01873: Init: Session Cache is not configured [hint: SSLSessionCache]
[Thu Oct 02 11:11:05.107925 2025] [mpm_winnt:notice] [pid 7836:tid 288] AH00455: Apache/2.4.3 (Win32) OpenSSL/1.0.1c PHP/5.4.7 configured -- resuming normal operations
[Thu Oct 02 11:11:05.107925 2025] [mpm_winnt:notice] [pid 7836:tid 288] AH00456: Server built: Aug 18 2012 12:41:37
[Thu Oct 02 11:11:05.107925 2025] [core:notice] [pid 7836:tid 288] AH00094: Command line: 'apache\\bin\\httpd.exe -d C:/SYSME/SGC/xampp/apache'
[Thu Oct 02 11:11:05.123550 2025] [mpm_winnt:notice] [pid 7836:tid 288] AH00418: Parent: Created child process 5340
[Thu Oct 02 11:11:05.951877 2025] [ssl:warn] [pid 5340:tid 296] AH01873: Init: Session Cache is not configured [hint: SSLSessionCache]
[Thu Oct 02 11:11:05.998755 2025] [mpm_winnt:notice] [pid 5340:tid 296] AH00354: Child: Starting 150 worker threads.
[Fri Oct 03 11:25:44.995820 2025] [core:warn] [pid 2936:tid 284] AH00098: pid file C:/SYSME/SGC/xampp/apache/logs/httpd.pid overwritten -- Unclean shutdown of previous Apache run?
[Fri Oct 03 11:25:45.448968 2025] [ssl:warn] [pid 2936:tid 284] AH01873: Init: Session Cache is not configured [hint: SSLSessionCache]
[Fri Oct 03 11:25:45.495846 2025] [mpm_winnt:notice] [pid 2936:tid 284] AH00455: Apache/2.4.3 (Win32) OpenSSL/1.0.1c PHP/5.4.7 configured -- resuming normal operations
[Fri Oct 03 11:25:45.495846 2025] [mpm_winnt:notice] [pid 2936:tid 284] AH00456: Server built: Aug 18 2012 12:41:37
[Fri Oct 03 11:25:45.495846 2025] [core:notice] [pid 2936:tid 284] AH00094: Command line: 'apache\\bin\\httpd.exe -d C:/SYSME/SGC/xampp/apache'
[Fri Oct 03 11:25:45.495846 2025] [mpm_winnt:notice] [pid 2936:tid 284] AH00418: Parent: Created child process 6188
[Fri Oct 03 11:25:46.370890 2025] [ssl:warn] [pid 6188:tid 296] AH01873: Init: Session Cache is not configured [hint: SSLSessionCache]
[Fri Oct 03 11:25:46.417768 2025] [mpm_winnt:notice] [pid 6188:tid 296] AH00354: Child: Starting 150 worker threads.
[Sat Oct 04 11:11:54.714784 2025] [core:warn] [pid 7020:tid 288] AH00098: pid file C:/SYSME/SGC/xampp/apache/logs/httpd.pid overwritten -- Unclean shutdown of previous Apache run?
[Sat Oct 04 11:11:55.011673 2025] [ssl:warn] [pid 7020:tid 288] AH01873: Init: Session Cache is not configured [hint: SSLSessionCache]
[Sat Oct 04 11:11:55.074179 2025] [mpm_winnt:notice] [pid 7020:tid 288] AH00455: Apache/2.4.3 (Win32) OpenSSL/1.0.1c PHP/5.4.7 configured -- resuming normal operations
[Sat Oct 04 11:11:55.074179 2025] [mpm_winnt:notice] [pid 7020:tid 288] AH00456: Server built: Aug 18 2012 12:41:37
[Sat Oct 04 11:11:55.074179 2025] [core:notice] [pid 7020:tid 288] AH00094: Command line: 'apache\\bin\\httpd.exe -d C:/SYSME/SGC/xampp/apache'
[Sat Oct 04 11:11:55.074179 2025] [mpm_winnt:notice] [pid 7020:tid 288] AH00418: Parent: Created child process 4724
[Sat Oct 04 11:11:56.183608 2025] [ssl:warn] [pid 4724:tid 292] AH01873: Init: Session Cache is not configured [hint: SSLSessionCache]
[Sat Oct 04 11:11:56.214861 2025] [mpm_winnt:notice] [pid 4724:tid 292] AH00354: Child: Starting 150 worker threads.
[Sun Oct 05 11:24:12.527472 2025] [core:warn] [pid 5392:tid 292] AH00098: pid file C:/SYSME/SGC/xampp/apache/logs/httpd.pid overwritten -- Unclean shutdown of previous Apache run?
[Sun Oct 05 11:24:12.857693 2025] [ssl:warn] [pid 5392:tid 292] AH01873: Init: Session Cache is not configured [hint: SSLSessionCache]
[Sun Oct 05 11:24:12.917732 2025] [mpm_winnt:notice] [pid 5392:tid 292] AH00455: Apache/2.4.3 (Win32) OpenSSL/1.0.1c PHP/5.4.7 configured -- resuming normal operations
[Sun Oct 05 11:24:12.917732 2025] [mpm_winnt:notice] [pid 5392:tid 292] AH00456: Server built: Aug 18 2012 12:41:37
[Sun Oct 05 11:24:12.917732 2025] [core:notice] [pid 5392:tid 292] AH00094: Command line: 'apache\\bin\\httpd.exe -d C:/SYSME/SGC/xampp/apache'
[Sun Oct 05 11:24:12.918734 2025] [mpm_winnt:notice] [pid 5392:tid 292] AH00418: Parent: Created child process 3796
[Sun Oct 05 11:24:13.774646 2025] [ssl:warn] [pid 3796:tid 296] AH01873: Init: Session Cache is not configured [hint: SSLSessionCache]
[Sun Oct 05 11:24:13.820677 2025] [mpm_winnt:notice] [pid 3796:tid 296] AH00354: Child: Starting 150 worker threads.
[Mon Oct 06 11:24:05.510785 2025] [core:warn] [pid 1728:tid 260] AH00098: pid file C:/SYSME/SGC/xampp/apache/logs/httpd.pid overwritten -- Unclean shutdown of previous Apache run?
[Mon Oct 06 11:24:05.901429 2025] [ssl:warn] [pid 1728:tid 260] AH01873: Init: Session Cache is not configured [hint: SSLSessionCache]
[Mon Oct 06 11:24:05.963933 2025] [mpm_winnt:notice] [pid 1728:tid 260] AH00455: Apache/2.4.3 (Win32) OpenSSL/1.0.1c PHP/5.4.7 configured -- resuming normal operations
[Mon Oct 06 11:24:05.963933 2025] [mpm_winnt:notice] [pid 1728:tid 260] AH00456: Server built: Aug 18 2012 12:41:37
[Mon Oct 06 11:24:05.963933 2025] [core:notice] [pid 1728:tid 260] AH00094: Command line: 'apache\\bin\\httpd.exe -d C:/SYSME/SGC/xampp/apache'
[Mon Oct 06 11:24:05.963933 2025] [mpm_winnt:notice] [pid 1728:tid 260] AH00418: Parent: Created child process 7984
[Mon Oct 06 11:24:06.776475 2025] [ssl:warn] [pid 7984:tid 300] AH01873: Init: Session Cache is not configured [hint: SSLSessionCache]
[Mon Oct 06 11:24:06.823354 2025] [mpm_winnt:notice] [pid 7984:tid 300] AH00354: Child: Starting 150 worker threads.
[Tue Oct 07 12:44:51.987885 2025] [core:warn] [pid 1980:tid 284] AH00098: pid file C:/SYSME/SGC/xampp/apache/logs/httpd.pid overwritten -- Unclean shutdown of previous Apache run?
[Tue Oct 07 12:44:52.320990 2025] [ssl:warn] [pid 1980:tid 284] AH01873: Init: Session Cache is not configured [hint: SSLSessionCache]
[Tue Oct 07 12:44:52.380030 2025] [mpm_winnt:notice] [pid 1980:tid 284] AH00455: Apache/2.4.3 (Win32) OpenSSL/1.0.1c PHP/5.4.7 configured -- resuming normal operations
[Tue Oct 07 12:44:52.380030 2025] [mpm_winnt:notice] [pid 1980:tid 284] AH00456: Server built: Aug 18 2012 12:41:37
[Tue Oct 07 12:44:52.380030 2025] [core:notice] [pid 1980:tid 284] AH00094: Command line: 'apache\\bin\\httpd.exe -d C:/SYSME/SGC/xampp/apache'
[Tue Oct 07 12:44:52.381030 2025] [mpm_winnt:notice] [pid 1980:tid 284] AH00418: Parent: Created child process 4648
[Tue Oct 07 12:44:53.225711 2025] [ssl:warn] [pid 4648:tid 292] AH01873: Init: Session Cache is not configured [hint: SSLSessionCache]
[Tue Oct 07 12:44:53.271742 2025] [mpm_winnt:notice] [pid 4648:tid 292] AH00354: Child: Starting 150 worker threads.
[Tue Oct 07 15:37:47.295804 2025] [core:warn] [pid 3348:tid 284] AH00098: pid file C:/SYSME/SGC/xampp/apache/logs/httpd.pid overwritten -- Unclean shutdown of previous Apache run?
[Tue Oct 07 15:37:47.623943 2025] [ssl:warn] [pid 3348:tid 284] AH01873: Init: Session Cache is not configured [hint: SSLSessionCache]
[Tue Oct 07 15:37:47.686448 2025] [mpm_winnt:notice] [pid 3348:tid 284] AH00455: Apache/2.4.3 (Win32) OpenSSL/1.0.1c PHP/5.4.7 configured -- resuming normal operations
[Tue Oct 07 15:37:47.686448 2025] [mpm_winnt:notice] [pid 3348:tid 284] AH00456: Server built: Aug 18 2012 12:41:37
[Tue Oct 07 15:37:47.686448 2025] [core:notice] [pid 3348:tid 284] AH00094: Command line: 'apache\\bin\\httpd.exe -d C:/SYSME/SGC/xampp/apache'
[Tue Oct 07 15:37:47.686448 2025] [mpm_winnt:notice] [pid 3348:tid 284] AH00418: Parent: Created child process 3364
[Tue Oct 07 15:37:48.655246 2025] [ssl:warn] [pid 3364:tid 292] AH01873: Init: Session Cache is not configured [hint: SSLSessionCache]
[Tue Oct 07 15:37:48.702126 2025] [mpm_winnt:notice] [pid 3364:tid 292] AH00354: Child: Starting 150 worker threads.
[Wed Oct 08 11:11:20.229311 2025] [core:warn] [pid 3432:tid 284] AH00098: pid file C:/SYSME/SGC/xampp/apache/logs/httpd.pid overwritten -- Unclean shutdown of previous Apache run?
[Wed Oct 08 11:11:20.557453 2025] [ssl:warn] [pid 3432:tid 284] AH01873: Init: Session Cache is not configured [hint: SSLSessionCache]
[Wed Oct 08 11:11:20.619957 2025] [mpm_winnt:notice] [pid 3432:tid 284] AH00455: Apache/2.4.3 (Win32) OpenSSL/1.0.1c PHP/5.4.7 configured -- resuming normal operations
[Wed Oct 08 11:11:20.619957 2025] [mpm_winnt:notice] [pid 3432:tid 284] AH00456: Server built: Aug 18 2012 12:41:37
[Wed Oct 08 11:11:20.619957 2025] [core:notice] [pid 3432:tid 284] AH00094: Command line: 'apache\\bin\\httpd.exe -d C:/SYSME/SGC/xampp/apache'
[Wed Oct 08 11:11:20.619957 2025] [mpm_winnt:notice] [pid 3432:tid 284] AH00418: Parent: Created child process 3412
[Wed Oct 08 11:11:21.588755 2025] [ssl:warn] [pid 3412:tid 296] AH01873: Init: Session Cache is not configured [hint: SSLSessionCache]
[Wed Oct 08 11:11:21.651258 2025] [mpm_winnt:notice] [pid 3412:tid 296] AH00354: Child: Starting 150 worker threads.
[Thu Oct 09 11:52:11.452978 2025] [core:warn] [pid 2988:tid 292] AH00098: pid file C:/SYSME/SGC/xampp/apache/logs/httpd.pid overwritten -- Unclean shutdown of previous Apache run?
[Thu Oct 09 11:52:11.996342 2025] [ssl:warn] [pid 2988:tid 292] AH01873: Init: Session Cache is not configured [hint: SSLSessionCache]
[Thu Oct 09 11:52:12.117420 2025] [mpm_winnt:notice] [pid 2988:tid 292] AH00455: Apache/2.4.3 (Win32) OpenSSL/1.0.1c PHP/5.4.7 configured -- resuming normal operations
[Thu Oct 09 11:52:12.117420 2025] [mpm_winnt:notice] [pid 2988:tid 292] AH00456: Server built: Aug 18 2012 12:41:37
[Thu Oct 09 11:52:12.117420 2025] [core:notice] [pid 2988:tid 292] AH00094: Command line: 'apache\\bin\\httpd.exe -d C:/SYSME/SGC/xampp/apache'
[Thu Oct 09 11:52:12.119425 2025] [mpm_winnt:notice] [pid 2988:tid 292] AH00418: Parent: Created child process 3404
[Thu Oct 09 11:52:13.148225 2025] [ssl:warn] [pid 3404:tid 292] AH01873: Init: Session Cache is not configured [hint: SSLSessionCache]
[Thu Oct 09 11:52:13.195257 2025] [mpm_winnt:notice] [pid 3404:tid 292] AH00354: Child: Starting 150 worker threads.
[Fri Oct 10 11:41:00.958794 2025] [core:warn] [pid 1564:tid 292] AH00098: pid file C:/SYSME/SGC/xampp/apache/logs/httpd.pid overwritten -- Unclean shutdown of previous Apache run?
[Fri Oct 10 11:41:01.318189 2025] [ssl:warn] [pid 1564:tid 292] AH01873: Init: Session Cache is not configured [hint: SSLSessionCache]
[Fri Oct 10 11:41:01.380689 2025] [mpm_winnt:notice] [pid 1564:tid 292] AH00455: Apache/2.4.3 (Win32) OpenSSL/1.0.1c PHP/5.4.7 configured -- resuming normal operations
[Fri Oct 10 11:41:01.380689 2025] [mpm_winnt:notice] [pid 1564:tid 292] AH00456: Server built: Aug 18 2012 12:41:37
[Fri Oct 10 11:41:01.380689 2025] [core:notice] [pid 1564:tid 292] AH00094: Command line: 'apache\\bin\\httpd.exe -d C:/SYSME/SGC/xampp/apache'
[Fri Oct 10 11:41:01.380689 2025] [mpm_winnt:notice] [pid 1564:tid 292] AH00418: Parent: Created child process 7064
[Fri Oct 10 11:41:02.365116 2025] [ssl:warn] [pid 7064:tid 292] AH01873: Init: Session Cache is not configured [hint: SSLSessionCache]
[Fri Oct 10 11:41:02.411992 2025] [mpm_winnt:notice] [pid 7064:tid 292] AH00354: Child: Starting 150 worker threads.
[Sat Oct 11 12:15:32.343863 2025] [core:warn] [pid 6504:tid 296] AH00098: pid file C:/SYSME/SGC/xampp/apache/logs/httpd.pid overwritten -- Unclean shutdown of previous Apache run?
[Sat Oct 11 12:15:32.672006 2025] [ssl:warn] [pid 6504:tid 296] AH01873: Init: Session Cache is not configured [hint: SSLSessionCache]
[Sat Oct 11 12:15:32.734510 2025] [mpm_winnt:notice] [pid 6504:tid 296] AH00455: Apache/2.4.3 (Win32) OpenSSL/1.0.1c PHP/5.4.7 configured -- resuming normal operations
[Sat Oct 11 12:15:32.734510 2025] [mpm_winnt:notice] [pid 6504:tid 296] AH00456: Server built: Aug 18 2012 12:41:37
[Sat Oct 11 12:15:32.734510 2025] [core:notice] [pid 6504:tid 296] AH00094: Command line: 'apache\\bin\\httpd.exe -d C:/SYSME/SGC/xampp/apache'
[Sat Oct 11 12:15:32.734510 2025] [mpm_winnt:notice] [pid 6504:tid 296] AH00418: Parent: Created child process 2348
[Sat Oct 11 12:15:33.562676 2025] [ssl:warn] [pid 2348:tid 300] AH01873: Init: Session Cache is not configured [hint: SSLSessionCache]
[Sat Oct 11 12:15:33.609556 2025] [mpm_winnt:notice] [pid 2348:tid 300] AH00354: Child: Starting 150 worker threads.
[Sun Oct 12 12:10:23.901298 2025] [core:warn] [pid 3500:tid 288] AH00098: pid file C:/SYSME/SGC/xampp/apache/logs/httpd.pid overwritten -- Unclean shutdown of previous Apache run?
[Sun Oct 12 12:10:24.260689 2025] [ssl:warn] [pid 3500:tid 288] AH01873: Init: Session Cache is not configured [hint: SSLSessionCache]
[Sun Oct 12 12:10:24.323194 2025] [mpm_winnt:notice] [pid 3500:tid 288] AH00455: Apache/2.4.3 (Win32) OpenSSL/1.0.1c PHP/5.4.7 configured -- resuming normal operations
[Sun Oct 12 12:10:24.323194 2025] [mpm_winnt:notice] [pid 3500:tid 288] AH00456: Server built: Aug 18 2012 12:41:37
[Sun Oct 12 12:10:24.323194 2025] [core:notice] [pid 3500:tid 288] AH00094: Command line: 'apache\\bin\\httpd.exe -d C:/SYSME/SGC/xampp/apache'
[Sun Oct 12 12:10:24.323194 2025] [mpm_winnt:notice] [pid 3500:tid 288] AH00418: Parent: Created child process 5224
[Sun Oct 12 12:10:25.385748 2025] [ssl:warn] [pid 5224:tid 292] AH01873: Init: Session Cache is not configured [hint: SSLSessionCache]
[Sun Oct 12 12:10:25.432627 2025] [mpm_winnt:notice] [pid 5224:tid 292] AH00354: Child: Starting 150 worker threads.
[Mon Oct 13 12:19:22.415845 2025] [core:warn] [pid 3028:tid 296] AH00098: pid file C:/SYSME/SGC/xampp/apache/logs/httpd.pid overwritten -- Unclean shutdown of previous Apache run?
[Mon Oct 13 12:19:22.837743 2025] [ssl:warn] [pid 3028:tid 296] AH01873: Init: Session Cache is not configured [hint: SSLSessionCache]
[Mon Oct 13 12:19:23.353393 2025] [mpm_winnt:notice] [pid 3028:tid 296] AH00455: Apache/2.4.3 (Win32) OpenSSL/1.0.1c PHP/5.4.7 configured -- resuming normal operations
[Mon Oct 13 12:19:23.369019 2025] [mpm_winnt:notice] [pid 3028:tid 296] AH00456: Server built: Aug 18 2012 12:41:37
[Mon Oct 13 12:19:23.369019 2025] [core:notice] [pid 3028:tid 296] AH00094: Command line: 'apache\\bin\\httpd.exe -d C:/SYSME/SGC/xampp/apache'
[Mon Oct 13 12:19:23.384645 2025] [mpm_winnt:notice] [pid 3028:tid 296] AH00418: Parent: Created child process 944
[Mon Oct 13 12:19:24.275315 2025] [ssl:warn] [pid 944:tid 292] AH01873: Init: Session Cache is not configured [hint: SSLSessionCache]
[Mon Oct 13 12:19:24.353445 2025] [mpm_winnt:notice] [pid 944:tid 292] AH00354: Child: Starting 150 worker threads.
[Tue Oct 14 13:02:16.821938 2025] [core:warn] [pid 6204:tid 284] AH00098: pid file C:/SYSME/SGC/xampp/apache/logs/httpd.pid overwritten -- Unclean shutdown of previous Apache run?
[Tue Oct 14 13:02:17.118826 2025] [ssl:warn] [pid 6204:tid 284] AH01873: Init: Session Cache is not configured [hint: SSLSessionCache]
[Tue Oct 14 13:02:17.181330 2025] [mpm_winnt:notice] [pid 6204:tid 284] AH00455: Apache/2.4.3 (Win32) OpenSSL/1.0.1c PHP/5.4.7 configured -- resuming normal operations
[Tue Oct 14 13:02:17.181330 2025] [mpm_winnt:notice] [pid 6204:tid 284] AH00456: Server built: Aug 18 2012 12:41:37
[Tue Oct 14 13:02:17.181330 2025] [core:notice] [pid 6204:tid 284] AH00094: Command line: 'apache\\bin\\httpd.exe -d C:/SYSME/SGC/xampp/apache'
[Tue Oct 14 13:02:17.181330 2025] [mpm_winnt:notice] [pid 6204:tid 284] AH00418: Parent: Created child process 508
[Tue Oct 14 13:02:18.072001 2025] [ssl:warn] [pid 508:tid 296] AH01873: Init: Session Cache is not configured [hint: SSLSessionCache]
[Tue Oct 14 13:02:18.118878 2025] [mpm_winnt:notice] [pid 508:tid 296] AH00354: Child: Starting 150 worker threads.
[Wed Oct 15 12:11:03.293074 2025] [core:warn] [pid 4828:tid 284] AH00098: pid file C:/SYSME/SGC/xampp/apache/logs/httpd.pid overwritten -- Unclean shutdown of previous Apache run?
[Wed Oct 15 12:11:03.636841 2025] [ssl:warn] [pid 4828:tid 284] AH01873: Init: Session Cache is not configured [hint: SSLSessionCache]
[Wed Oct 15 12:11:03.699345 2025] [mpm_winnt:notice] [pid 4828:tid 284] AH00455: Apache/2.4.3 (Win32) OpenSSL/1.0.1c PHP/5.4.7 configured -- resuming normal operations
[Wed Oct 15 12:11:03.699345 2025] [mpm_winnt:notice] [pid 4828:tid 284] AH00456: Server built: Aug 18 2012 12:41:37
[Wed Oct 15 12:11:03.699345 2025] [core:notice] [pid 4828:tid 284] AH00094: Command line: 'apache\\bin\\httpd.exe -d C:/SYSME/SGC/xampp/apache'
[Wed Oct 15 12:11:03.699345 2025] [mpm_winnt:notice] [pid 4828:tid 284] AH00418: Parent: Created child process 3992
[Wed Oct 15 12:11:04.871280 2025] [ssl:warn] [pid 3992:tid 292] AH01873: Init: Session Cache is not configured [hint: SSLSessionCache]
[Wed Oct 15 12:11:04.933783 2025] [mpm_winnt:notice] [pid 3992:tid 292] AH00354: Child: Starting 150 worker threads.
[Thu Oct 16 12:30:44.208084 2025] [core:warn] [pid 4412:tid 288] AH00098: pid file C:/SYSME/SGC/xampp/apache/logs/httpd.pid overwritten -- Unclean shutdown of previous Apache run?
[Thu Oct 16 12:30:44.551850 2025] [ssl:warn] [pid 4412:tid 288] AH01873: Init: Session Cache is not configured [hint: SSLSessionCache]
[Thu Oct 16 12:30:44.614353 2025] [mpm_winnt:notice] [pid 4412:tid 288] AH00455: Apache/2.4.3 (Win32) OpenSSL/1.0.1c PHP/5.4.7 configured -- resuming normal operations
[Thu Oct 16 12:30:44.614353 2025] [mpm_winnt:notice] [pid 4412:tid 288] AH00456: Server built: Aug 18 2012 12:41:37
[Thu Oct 16 12:30:44.614353 2025] [core:notice] [pid 4412:tid 288] AH00094: Command line: 'apache\\bin\\httpd.exe -d C:/SYSME/SGC/xampp/apache'
[Thu Oct 16 12:30:44.614353 2025] [mpm_winnt:notice] [pid 4412:tid 288] AH00418: Parent: Created child process 5348
[Thu Oct 16 12:30:45.520649 2025] [ssl:warn] [pid 5348:tid 292] AH01873: Init: Session Cache is not configured [hint: SSLSessionCache]
[Thu Oct 16 12:30:45.551902 2025] [mpm_winnt:notice] [pid 5348:tid 292] AH00354: Child: Starting 150 worker threads.
[Fri Oct 17 13:14:01.543264 2025] [core:warn] [pid 4640:tid 284] AH00098: pid file C:/SYSME/SGC/xampp/apache/logs/httpd.pid overwritten -- Unclean shutdown of previous Apache run?
[Fri Oct 17 13:14:01.887022 2025] [ssl:warn] [pid 4640:tid 284] AH01873: Init: Session Cache is not configured [hint: SSLSessionCache]
[Fri Oct 17 13:14:01.933897 2025] [mpm_winnt:notice] [pid 4640:tid 284] AH00455: Apache/2.4.3 (Win32) OpenSSL/1.0.1c PHP/5.4.7 configured -- resuming normal operations
[Fri Oct 17 13:14:01.933897 2025] [mpm_winnt:notice] [pid 4640:tid 284] AH00456: Server built: Aug 18 2012 12:41:37
[Fri Oct 17 13:14:01.933897 2025] [core:notice] [pid 4640:tid 284] AH00094: Command line: 'apache\\bin\\httpd.exe -d C:/SYSME/SGC/xampp/apache'
[Fri Oct 17 13:14:01.933897 2025] [mpm_winnt:notice] [pid 4640:tid 284] AH00418: Parent: Created child process 1408
[Fri Oct 17 13:14:02.762066 2025] [ssl:warn] [pid 1408:tid 292] AH01873: Init: Session Cache is not configured [hint: SSLSessionCache]
[Fri Oct 17 13:14:02.808942 2025] [mpm_winnt:notice] [pid 1408:tid 292] AH00354: Child: Starting 150 worker threads.
[Sat Oct 18 12:16:03.338341 2025] [core:warn] [pid 2524:tid 284] AH00098: pid file C:/SYSME/SGC/xampp/apache/logs/httpd.pid overwritten -- Unclean shutdown of previous Apache run?
[Sat Oct 18 12:16:03.650857 2025] [ssl:warn] [pid 2524:tid 284] AH01873: Init: Session Cache is not configured [hint: SSLSessionCache]
[Sat Oct 18 12:16:03.697735 2025] [mpm_winnt:notice] [pid 2524:tid 284] AH00455: Apache/2.4.3 (Win32) OpenSSL/1.0.1c PHP/5.4.7 configured -- resuming normal operations
[Sat Oct 18 12:16:03.697735 2025] [mpm_winnt:notice] [pid 2524:tid 284] AH00456: Server built: Aug 18 2012 12:41:37
[Sat Oct 18 12:16:03.697735 2025] [core:notice] [pid 2524:tid 284] AH00094: Command line: 'apache\\bin\\httpd.exe -d C:/SYSME/SGC/xampp/apache'
[Sat Oct 18 12:16:03.697735 2025] [mpm_winnt:notice] [pid 2524:tid 284] AH00418: Parent: Created child process 8144
[Sat Oct 18 12:16:04.604032 2025] [ssl:warn] [pid 8144:tid 292] AH01873: Init: Session Cache is not configured [hint: SSLSessionCache]
[Sat Oct 18 12:16:04.666536 2025] [mpm_winnt:notice] [pid 8144:tid 292] AH00354: Child: Starting 150 worker threads.
[Sun Oct 19 12:17:26.601880 2025] [core:warn] [pid 2692:tid 292] AH00098: pid file C:/SYSME/SGC/xampp/apache/logs/httpd.pid overwritten -- Unclean shutdown of previous Apache run?
[Sun Oct 19 12:17:26.945645 2025] [ssl:warn] [pid 2692:tid 292] AH01873: Init: Session Cache is not configured [hint: SSLSessionCache]
[Sun Oct 19 12:17:27.008149 2025] [mpm_winnt:notice] [pid 2692:tid 292] AH00455: Apache/2.4.3 (Win32) OpenSSL/1.0.1c PHP/5.4.7 configured -- resuming normal operations
[Sun Oct 19 12:17:27.008149 2025] [mpm_winnt:notice] [pid 2692:tid 292] AH00456: Server built: Aug 18 2012 12:41:37
[Sun Oct 19 12:17:27.008149 2025] [core:notice] [pid 2692:tid 292] AH00094: Command line: 'apache\\bin\\httpd.exe -d C:/SYSME/SGC/xampp/apache'
[Sun Oct 19 12:17:27.008149 2025] [mpm_winnt:notice] [pid 2692:tid 292] AH00418: Parent: Created child process 6528
[Sun Oct 19 12:17:27.961322 2025] [ssl:warn] [pid 6528:tid 292] AH01873: Init: Session Cache is not configured [hint: SSLSessionCache]
[Sun Oct 19 12:17:28.008200 2025] [mpm_winnt:notice] [pid 6528:tid 292] AH00354: Child: Starting 150 worker threads.
[Mon Oct 20 12:06:12.077336 2025] [core:warn] [pid 7284:tid 288] AH00098: pid file C:/SYSME/SGC/xampp/apache/logs/httpd.pid overwritten -- Unclean shutdown of previous Apache run?
[Mon Oct 20 12:06:12.405478 2025] [ssl:warn] [pid 7284:tid 288] AH01873: Init: Session Cache is not configured [hint: SSLSessionCache]
[Mon Oct 20 12:06:12.467982 2025] [mpm_winnt:notice] [pid 7284:tid 288] AH00455: Apache/2.4.3 (Win32) OpenSSL/1.0.1c PHP/5.4.7 configured -- resuming normal operations
[Mon Oct 20 12:06:12.467982 2025] [mpm_winnt:notice] [pid 7284:tid 288] AH00456: Server built: Aug 18 2012 12:41:37
[Mon Oct 20 12:06:12.467982 2025] [core:notice] [pid 7284:tid 288] AH00094: Command line: 'apache\\bin\\httpd.exe -d C:/SYSME/SGC/xampp/apache'
[Mon Oct 20 12:06:12.467982 2025] [mpm_winnt:notice] [pid 7284:tid 288] AH00418: Parent: Created child process 7576
[Mon Oct 20 12:06:13.327400 2025] [ssl:warn] [pid 7576:tid 296] AH01873: Init: Session Cache is not configured [hint: SSLSessionCache]
[Mon Oct 20 12:06:13.374278 2025] [mpm_winnt:notice] [pid 7576:tid 296] AH00354: Child: Starting 150 worker threads.
[Tue Oct 21 12:22:54.925227 2025] [core:warn] [pid 6008:tid 284] AH00098: pid file C:/SYSME/SGC/xampp/apache/logs/httpd.pid overwritten -- Unclean shutdown of previous Apache run?
[Tue Oct 21 12:22:55.268993 2025] [ssl:warn] [pid 6008:tid 284] AH01873: Init: Session Cache is not configured [hint: SSLSessionCache]
[Tue Oct 21 12:22:55.331496 2025] [mpm_winnt:notice] [pid 6008:tid 284] AH00455: Apache/2.4.3 (Win32) OpenSSL/1.0.1c PHP/5.4.7 configured -- resuming normal operations
[Tue Oct 21 12:22:55.331496 2025] [mpm_winnt:notice] [pid 6008:tid 284] AH00456: Server built: Aug 18 2012 12:41:37
[Tue Oct 21 12:22:55.331496 2025] [core:notice] [pid 6008:tid 284] AH00094: Command line: 'apache\\bin\\httpd.exe -d C:/SYSME/SGC/xampp/apache'
[Tue Oct 21 12:22:55.331496 2025] [mpm_winnt:notice] [pid 6008:tid 284] AH00418: Parent: Created child process 2228
[Tue Oct 21 12:22:56.206541 2025] [ssl:warn] [pid 2228:tid 300] AH01873: Init: Session Cache is not configured [hint: SSLSessionCache]
[Tue Oct 21 12:22:56.253420 2025] [mpm_winnt:notice] [pid 2228:tid 300] AH00354: Child: Starting 150 worker threads.
[Wed Oct 22 12:30:26.352088 2025] [core:warn] [pid 8016:tid 288] AH00098: pid file C:/SYSME/SGC/xampp/apache/logs/httpd.pid overwritten -- Unclean shutdown of previous Apache run?
[Wed Oct 22 12:30:26.711481 2025] [ssl:warn] [pid 8016:tid 288] AH01873: Init: Session Cache is not configured [hint: SSLSessionCache]
[Wed Oct 22 12:30:26.758359 2025] [mpm_winnt:notice] [pid 8016:tid 288] AH00455: Apache/2.4.3 (Win32) OpenSSL/1.0.1c PHP/5.4.7 configured -- resuming normal operations
[Wed Oct 22 12:30:26.758359 2025] [mpm_winnt:notice] [pid 8016:tid 288] AH00456: Server built: Aug 18 2012 12:41:37
[Wed Oct 22 12:30:26.758359 2025] [core:notice] [pid 8016:tid 288] AH00094: Command line: 'apache\\bin\\httpd.exe -d C:/SYSME/SGC/xampp/apache'
[Wed Oct 22 12:30:26.773984 2025] [mpm_winnt:notice] [pid 8016:tid 288] AH00418: Parent: Created child process 1560
[Wed Oct 22 12:30:27.695907 2025] [ssl:warn] [pid 1560:tid 296] AH01873: Init: Session Cache is not configured [hint: SSLSessionCache]
[Wed Oct 22 12:30:27.742786 2025] [mpm_winnt:notice] [pid 1560:tid 296] AH00354: Child: Starting 150 worker threads.
[Thu Oct 23 12:24:10.107531 2025] [core:warn] [pid 7096:tid 292] AH00098: pid file C:/SYSME/SGC/xampp/apache/logs/httpd.pid overwritten -- Unclean shutdown of previous Apache run?
[Thu Oct 23 12:24:10.435672 2025] [ssl:warn] [pid 7096:tid 292] AH01873: Init: Session Cache is not configured [hint: SSLSessionCache]
[Thu Oct 23 12:24:10.498174 2025] [mpm_winnt:notice] [pid 7096:tid 292] AH00455: Apache/2.4.3 (Win32) OpenSSL/1.0.1c PHP/5.4.7 configured -- resuming normal operations
[Thu Oct 23 12:24:10.498174 2025] [mpm_winnt:notice] [pid 7096:tid 292] AH00456: Server built: Aug 18 2012 12:41:37
[Thu Oct 23 12:24:10.498174 2025] [core:notice] [pid 7096:tid 292] AH00094: Command line: 'apache\\bin\\httpd.exe -d C:/SYSME/SGC/xampp/apache'
[Thu Oct 23 12:24:10.498174 2025] [mpm_winnt:notice] [pid 7096:tid 292] AH00418: Parent: Created child process 3016
[Thu Oct 23 12:24:11.341968 2025] [ssl:warn] [pid 3016:tid 292] AH01873: Init: Session Cache is not configured [hint: SSLSessionCache]
[Thu Oct 23 12:24:11.388844 2025] [mpm_winnt:notice] [pid 3016:tid 292] AH00354: Child: Starting 150 worker threads.
[Fri Oct 24 12:06:56.202156 2025] [core:warn] [pid 2552:tid 284] AH00098: pid file C:/SYSME/SGC/xampp/apache/logs/httpd.pid overwritten -- Unclean shutdown of previous Apache run?
[Fri Oct 24 12:06:56.561551 2025] [ssl:warn] [pid 2552:tid 284] AH01873: Init: Session Cache is not configured [hint: SSLSessionCache]
[Fri Oct 24 12:06:56.639678 2025] [mpm_winnt:notice] [pid 2552:tid 284] AH00455: Apache/2.4.3 (Win32) OpenSSL/1.0.1c PHP/5.4.7 configured -- resuming normal operations
[Fri Oct 24 12:06:56.639678 2025] [mpm_winnt:notice] [pid 2552:tid 284] AH00456: Server built: Aug 18 2012 12:41:37
[Fri Oct 24 12:06:56.639678 2025] [core:notice] [pid 2552:tid 284] AH00094: Command line: 'apache\\bin\\httpd.exe -d C:/SYSME/SGC/xampp/apache'
[Fri Oct 24 12:06:56.639678 2025] [mpm_winnt:notice] [pid 2552:tid 284] AH00418: Parent: Created child process 5012
[Fri Oct 24 12:06:57.545974 2025] [ssl:warn] [pid 5012:tid 292] AH01873: Init: Session Cache is not configured [hint: SSLSessionCache]
[Fri Oct 24 12:06:57.592853 2025] [mpm_winnt:notice] [pid 5012:tid 292] AH00354: Child: Starting 150 worker threads.
[Sat Oct 25 12:31:39.274451 2025] [core:warn] [pid 1600:tid 292] AH00098: pid file C:/SYSME/SGC/xampp/apache/logs/httpd.pid overwritten -- Unclean shutdown of previous Apache run?
[Sat Oct 25 12:31:39.684189 2025] [ssl:warn] [pid 1600:tid 292] AH01873: Init: Session Cache is not configured [hint: SSLSessionCache]
[Sat Oct 25 12:31:39.745229 2025] [mpm_winnt:notice] [pid 1600:tid 292] AH00455: Apache/2.4.3 (Win32) OpenSSL/1.0.1c PHP/5.4.7 configured -- resuming normal operations
[Sat Oct 25 12:31:39.745229 2025] [mpm_winnt:notice] [pid 1600:tid 292] AH00456: Server built: Aug 18 2012 12:41:37
[Sat Oct 25 12:31:39.745229 2025] [core:notice] [pid 1600:tid 292] AH00094: Command line: 'apache\\bin\\httpd.exe -d C:/SYSME/SGC/xampp/apache'
[Sat Oct 25 12:31:39.746230 2025] [mpm_winnt:notice] [pid 1600:tid 292] AH00418: Parent: Created child process 4204
[Sat Oct 25 12:31:41.011160 2025] [ssl:warn] [pid 4204:tid 296] AH01873: Init: Session Cache is not configured [hint: SSLSessionCache]
[Sat Oct 25 12:31:41.073664 2025] [mpm_winnt:notice] [pid 4204:tid 296] AH00354: Child: Starting 150 worker threads.
[Sun Oct 26 12:02:48.713925 2025] [core:warn] [pid 7356:tid 288] AH00098: pid file C:/SYSME/SGC/xampp/apache/logs/httpd.pid overwritten -- Unclean shutdown of previous Apache run?
[Sun Oct 26 12:02:49.010811 2025] [ssl:warn] [pid 7356:tid 288] AH01873: Init: Session Cache is not configured [hint: SSLSessionCache]
[Sun Oct 26 12:02:49.073313 2025] [mpm_winnt:notice] [pid 7356:tid 288] AH00455: Apache/2.4.3 (Win32) OpenSSL/1.0.1c PHP/5.4.7 configured -- resuming normal operations
[Sun Oct 26 12:02:49.073313 2025] [mpm_winnt:notice] [pid 7356:tid 288] AH00456: Server built: Aug 18 2012 12:41:37
[Sun Oct 26 12:02:49.073313 2025] [core:notice] [pid 7356:tid 288] AH00094: Command line: 'apache\\bin\\httpd.exe -d C:/SYSME/SGC/xampp/apache'
[Sun Oct 26 12:02:49.073313 2025] [mpm_winnt:notice] [pid 7356:tid 288] AH00418: Parent: Created child process 6116
[Sun Oct 26 12:02:49.964039 2025] [ssl:warn] [pid 6116:tid 292] AH01873: Init: Session Cache is not configured [hint: SSLSessionCache]
[Sun Oct 26 12:02:50.010918 2025] [mpm_winnt:notice] [pid 6116:tid 292] AH00354: Child: Starting 150 worker threads.
[Mon Oct 27 11:50:50.341875 2025] [core:warn] [pid 7340:tid 284] AH00098: pid file C:/SYSME/SGC/xampp/apache/logs/httpd.pid overwritten -- Unclean shutdown of previous Apache run?
[Mon Oct 27 11:50:50.685643 2025] [ssl:warn] [pid 7340:tid 284] AH01873: Init: Session Cache is not configured [hint: SSLSessionCache]
[Mon Oct 27 11:50:50.732523 2025] [mpm_winnt:notice] [pid 7340:tid 284] AH00455: Apache/2.4.3 (Win32) OpenSSL/1.0.1c PHP/5.4.7 configured -- resuming normal operations
[Mon Oct 27 11:50:50.732523 2025] [mpm_winnt:notice] [pid 7340:tid 284] AH00456: Server built: Aug 18 2012 12:41:37
[Mon Oct 27 11:50:50.732523 2025] [core:notice] [pid 7340:tid 284] AH00094: Command line: 'apache\\bin\\httpd.exe -d C:/SYSME/SGC/xampp/apache'
[Mon Oct 27 11:50:50.732523 2025] [mpm_winnt:notice] [pid 7340:tid 284] AH00418: Parent: Created child process 5944
[Mon Oct 27 11:50:51.685694 2025] [ssl:warn] [pid 5944:tid 300] AH01873: Init: Session Cache is not configured [hint: SSLSessionCache]
[Mon Oct 27 11:50:51.732572 2025] [mpm_winnt:notice] [pid 5944:tid 300] AH00354: Child: Starting 150 worker threads.
[Tue Oct 28 12:25:30.998746 2025] [core:warn] [pid 5300:tid 284] AH00098: pid file C:/SYSME/SGC/xampp/apache/logs/httpd.pid overwritten -- Unclean shutdown of previous Apache run?
[Tue Oct 28 12:25:31.373765 2025] [ssl:warn] [pid 5300:tid 284] AH01873: Init: Session Cache is not configured [hint: SSLSessionCache]
[Tue Oct 28 12:25:31.420644 2025] [mpm_winnt:notice] [pid 5300:tid 284] AH00455: Apache/2.4.3 (Win32) OpenSSL/1.0.1c PHP/5.4.7 configured -- resuming normal operations
[Tue Oct 28 12:25:31.420644 2025] [mpm_winnt:notice] [pid 5300:tid 284] AH00456: Server built: Aug 18 2012 12:41:37
[Tue Oct 28 12:25:31.420644 2025] [core:notice] [pid 5300:tid 284] AH00094: Command line: 'apache\\bin\\httpd.exe -d C:/SYSME/SGC/xampp/apache'
[Tue Oct 28 12:25:31.436268 2025] [mpm_winnt:notice] [pid 5300:tid 284] AH00418: Parent: Created child process 5036
[Tue Oct 28 12:25:32.342565 2025] [ssl:warn] [pid 5036:tid 292] AH01873: Init: Session Cache is not configured [hint: SSLSessionCache]
[Tue Oct 28 12:25:32.405072 2025] [mpm_winnt:notice] [pid 5036:tid 292] AH00354: Child: Starting 150 worker threads.
[Wed Oct 29 12:20:32.428243 2025] [core:warn] [pid 4772:tid 284] AH00098: pid file C:/SYSME/SGC/xampp/apache/logs/httpd.pid overwritten -- Unclean shutdown of previous Apache run?
[Wed Oct 29 12:20:32.818887 2025] [ssl:warn] [pid 4772:tid 284] AH01873: Init: Session Cache is not configured [hint: SSLSessionCache]
[Wed Oct 29 12:20:32.881390 2025] [mpm_winnt:notice] [pid 4772:tid 284] AH00455: Apache/2.4.3 (Win32) OpenSSL/1.0.1c PHP/5.4.7 configured -- resuming normal operations
[Wed Oct 29 12:20:32.881390 2025] [mpm_winnt:notice] [pid 4772:tid 284] AH00456: Server built: Aug 18 2012 12:41:37
[Wed Oct 29 12:20:32.881390 2025] [core:notice] [pid 4772:tid 284] AH00094: Command line: 'apache\\bin\\httpd.exe -d C:/SYSME/SGC/xampp/apache'
[Wed Oct 29 12:20:32.881390 2025] [mpm_winnt:notice] [pid 4772:tid 284] AH00418: Parent: Created child process 7440
[Wed Oct 29 12:20:33.818937 2025] [ssl:warn] [pid 7440:tid 296] AH01873: Init: Session Cache is not configured [hint: SSLSessionCache]
[Wed Oct 29 12:20:33.865815 2025] [mpm_winnt:notice] [pid 7440:tid 296] AH00354: Child: Starting 150 worker threads.
[Thu Oct 30 12:27:22.688237 2025] [core:warn] [pid 5540:tid 292] AH00098: pid file C:/SYSME/SGC/xampp/apache/logs/httpd.pid overwritten -- Unclean shutdown of previous Apache run?
[Thu Oct 30 12:27:23.094507 2025] [ssl:warn] [pid 5540:tid 292] AH01873: Init: Session Cache is not configured [hint: SSLSessionCache]
[Thu Oct 30 12:27:23.157012 2025] [mpm_winnt:notice] [pid 5540:tid 292] AH00455: Apache/2.4.3 (Win32) OpenSSL/1.0.1c PHP/5.4.7 configured -- resuming normal operations
[Thu Oct 30 12:27:23.157012 2025] [mpm_winnt:notice] [pid 5540:tid 292] AH00456: Server built: Aug 18 2012 12:41:37
[Thu Oct 30 12:27:23.157012 2025] [core:notice] [pid 5540:tid 292] AH00094: Command line: 'apache\\bin\\httpd.exe -d C:/SYSME/SGC/xampp/apache'
[Thu Oct 30 12:27:23.157012 2025] [mpm_winnt:notice] [pid 5540:tid 292] AH00418: Parent: Created child process 2032
[Thu Oct 30 12:27:24.172688 2025] [ssl:warn] [pid 2032:tid 292] AH01873: Init: Session Cache is not configured [hint: SSLSessionCache]
[Thu Oct 30 12:27:24.219566 2025] [mpm_winnt:notice] [pid 2032:tid 292] AH00354: Child: Starting 150 worker threads.
[Fri Oct 31 12:37:39.067818 2025] [core:warn] [pid 4044:tid 292] AH00098: pid file C:/SYSME/SGC/xampp/apache/logs/httpd.pid overwritten -- Unclean shutdown of previous Apache run?
[Fri Oct 31 12:37:39.349082 2025] [ssl:warn] [pid 4044:tid 292] AH01873: Init: Session Cache is not configured [hint: SSLSessionCache]
[Fri Oct 31 12:37:39.411585 2025] [mpm_winnt:notice] [pid 4044:tid 292] AH00455: Apache/2.4.3 (Win32) OpenSSL/1.0.1c PHP/5.4.7 configured -- resuming normal operations
[Fri Oct 31 12:37:39.411585 2025] [mpm_winnt:notice] [pid 4044:tid 292] AH00456: Server built: Aug 18 2012 12:41:37
[Fri Oct 31 12:37:39.411585 2025] [core:notice] [pid 4044:tid 292] AH00094: Command line: 'apache\\bin\\httpd.exe -d C:/SYSME/SGC/xampp/apache'
[Fri Oct 31 12:37:39.411585 2025] [mpm_winnt:notice] [pid 4044:tid 292] AH00418: Parent: Created child process 2732
[Fri Oct 31 12:37:40.333507 2025] [ssl:warn] [pid 2732:tid 292] AH01873: Init: Session Cache is not configured [hint: SSLSessionCache]
[Fri Oct 31 12:37:40.380385 2025] [mpm_winnt:notice] [pid 2732:tid 292] AH00354: Child: Starting 150 worker threads.
[Sat Nov 01 12:48:04.468608 2025] [core:warn] [pid 6388:tid 288] AH00098: pid file C:/SYSME/SGC/xampp/apache/logs/httpd.pid overwritten -- Unclean shutdown of previous Apache run?
[Sat Nov 01 12:48:04.796748 2025] [ssl:warn] [pid 6388:tid 288] AH01873: Init: Session Cache is not configured [hint: SSLSessionCache]
[Sat Nov 01 12:48:04.859253 2025] [mpm_winnt:notice] [pid 6388:tid 288] AH00455: Apache/2.4.3 (Win32) OpenSSL/1.0.1c PHP/5.4.7 configured -- resuming normal operations
[Sat Nov 01 12:48:04.859253 2025] [mpm_winnt:notice] [pid 6388:tid 288] AH00456: Server built: Aug 18 2012 12:41:37
[Sat Nov 01 12:48:04.859253 2025] [core:notice] [pid 6388:tid 288] AH00094: Command line: 'apache\\bin\\httpd.exe -d C:/SYSME/SGC/xampp/apache'
[Sat Nov 01 12:48:04.859253 2025] [mpm_winnt:notice] [pid 6388:tid 288] AH00418: Parent: Created child process 2732
[Sat Nov 01 12:48:05.828052 2025] [ssl:warn] [pid 2732:tid 292] AH01873: Init: Session Cache is not configured [hint: SSLSessionCache]
[Sat Nov 01 12:48:05.874928 2025] [mpm_winnt:notice] [pid 2732:tid 292] AH00354: Child: Starting 150 worker threads.
[Sun Nov 02 12:21:57.644339 2025] [core:warn] [pid 6644:tid 292] AH00098: pid file C:/SYSME/SGC/xampp/apache/logs/httpd.pid overwritten -- Unclean shutdown of previous Apache run?
[Sun Nov 02 12:21:58.003731 2025] [ssl:warn] [pid 6644:tid 292] AH01873: Init: Session Cache is not configured [hint: SSLSessionCache]
[Sun Nov 02 12:21:58.066234 2025] [mpm_winnt:notice] [pid 6644:tid 292] AH00455: Apache/2.4.3 (Win32) OpenSSL/1.0.1c PHP/5.4.7 configured -- resuming normal operations
[Sun Nov 02 12:21:58.066234 2025] [mpm_winnt:notice] [pid 6644:tid 292] AH00456: Server built: Aug 18 2012 12:41:37
[Sun Nov 02 12:21:58.066234 2025] [core:notice] [pid 6644:tid 292] AH00094: Command line: 'apache\\bin\\httpd.exe -d C:/SYSME/SGC/xampp/apache'
[Sun Nov 02 12:21:58.066234 2025] [mpm_winnt:notice] [pid 6644:tid 292] AH00418: Parent: Created child process 5608
[Sun Nov 02 12:21:59.097538 2025] [ssl:warn] [pid 5608:tid 292] AH01873: Init: Session Cache is not configured [hint: SSLSessionCache]
[Sun Nov 02 12:21:59.144416 2025] [mpm_winnt:notice] [pid 5608:tid 292] AH00354: Child: Starting 150 worker threads.
[Mon Nov 03 12:02:39.597941 2025] [core:warn] [pid 2236:tid 284] AH00098: pid file C:/SYSME/SGC/xampp/apache/logs/httpd.pid overwritten -- Unclean shutdown of previous Apache run?
[Mon Nov 03 12:02:40.004212 2025] [ssl:warn] [pid 2236:tid 284] AH01873: Init: Session Cache is not configured [hint: SSLSessionCache]
[Mon Nov 03 12:02:40.066715 2025] [mpm_winnt:notice] [pid 2236:tid 284] AH00455: Apache/2.4.3 (Win32) OpenSSL/1.0.1c PHP/5.4.7 configured -- resuming normal operations
[Mon Nov 03 12:02:40.066715 2025] [mpm_winnt:notice] [pid 2236:tid 284] AH00456: Server built: Aug 18 2012 12:41:37
[Mon Nov 03 12:02:40.066715 2025] [core:notice] [pid 2236:tid 284] AH00094: Command line: 'apache\\bin\\httpd.exe -d C:/SYSME/SGC/xampp/apache'
[Mon Nov 03 12:02:40.066715 2025] [mpm_winnt:notice] [pid 2236:tid 284] AH00418: Parent: Created child process 6012
[Mon Nov 03 12:02:41.004264 2025] [ssl:warn] [pid 6012:tid 292] AH01873: Init: Session Cache is not configured [hint: SSLSessionCache]
[Mon Nov 03 12:02:41.051141 2025] [mpm_winnt:notice] [pid 6012:tid 292] AH00354: Child: Starting 150 worker threads.
[Tue Nov 04 12:34:28.971517 2025] [core:warn] [pid 3920:tid 288] AH00098: pid file C:/SYSME/SGC/xampp/apache/logs/httpd.pid overwritten -- Unclean shutdown of previous Apache run?
[Tue Nov 04 12:34:29.252781 2025] [ssl:warn] [pid 3920:tid 288] AH01873: Init: Session Cache is not configured [hint: SSLSessionCache]
[Tue Nov 04 12:34:29.315285 2025] [mpm_winnt:notice] [pid 3920:tid 288] AH00455: Apache/2.4.3 (Win32) OpenSSL/1.0.1c PHP/5.4.7 configured -- resuming normal operations
[Tue Nov 04 12:34:29.315285 2025] [mpm_winnt:notice] [pid 3920:tid 288] AH00456: Server built: Aug 18 2012 12:41:37
[Tue Nov 04 12:34:29.315285 2025] [core:notice] [pid 3920:tid 288] AH00094: Command line: 'apache\\bin\\httpd.exe -d C:/SYSME/SGC/xampp/apache'
[Tue Nov 04 12:34:29.315285 2025] [mpm_winnt:notice] [pid 3920:tid 288] AH00418: Parent: Created child process 5548
[Tue Nov 04 12:34:30.330962 2025] [ssl:warn] [pid 5548:tid 296] AH01873: Init: Session Cache is not configured [hint: SSLSessionCache]
[Tue Nov 04 12:34:30.377840 2025] [mpm_winnt:notice] [pid 5548:tid 296] AH00354: Child: Starting 150 worker threads.
[Wed Nov 05 12:22:04.422728 2025] [core:warn] [pid 5452:tid 284] AH00098: pid file C:/SYSME/SGC/xampp/apache/logs/httpd.pid overwritten -- Unclean shutdown of previous Apache run?
[Wed Nov 05 12:22:04.735244 2025] [ssl:warn] [pid 5452:tid 284] AH01873: Init: Session Cache is not configured [hint: SSLSessionCache]
[Wed Nov 05 12:22:04.813372 2025] [mpm_winnt:notice] [pid 5452:tid 284] AH00455: Apache/2.4.3 (Win32) OpenSSL/1.0.1c PHP/5.4.7 configured -- resuming normal operations
[Wed Nov 05 12:22:04.813372 2025] [mpm_winnt:notice] [pid 5452:tid 284] AH00456: Server built: Aug 18 2012 12:41:37
[Wed Nov 05 12:22:04.813372 2025] [core:notice] [pid 5452:tid 284] AH00094: Command line: 'apache\\bin\\httpd.exe -d C:/SYSME/SGC/xampp/apache'
[Wed Nov 05 12:22:04.813372 2025] [mpm_winnt:notice] [pid 5452:tid 284] AH00418: Parent: Created child process 5716
[Wed Nov 05 12:22:05.672791 2025] [ssl:warn] [pid 5716:tid 296] AH01873: Init: Session Cache is not configured [hint: SSLSessionCache]
[Wed Nov 05 12:22:05.719669 2025] [mpm_winnt:notice] [pid 5716:tid 296] AH00354: Child: Starting 150 worker threads.
[Thu Nov 06 12:27:09.998351 2025] [core:warn] [pid 4796:tid 288] AH00098: pid file C:/SYSME/SGC/xampp/apache/logs/httpd.pid overwritten -- Unclean shutdown of previous Apache run?
[Thu Nov 06 12:27:10.388997 2025] [ssl:warn] [pid 4796:tid 288] AH01873: Init: Session Cache is not configured [hint: SSLSessionCache]
[Thu Nov 06 12:27:10.451501 2025] [mpm_winnt:notice] [pid 4796:tid 288] AH00455: Apache/2.4.3 (Win32) OpenSSL/1.0.1c PHP/5.4.7 configured -- resuming normal operations
[Thu Nov 06 12:27:10.451501 2025] [mpm_winnt:notice] [pid 4796:tid 288] AH00456: Server built: Aug 18 2012 12:41:37
[Thu Nov 06 12:27:10.451501 2025] [core:notice] [pid 4796:tid 288] AH00094: Command line: 'apache\\bin\\httpd.exe -d C:/SYSME/SGC/xampp/apache'
[Thu Nov 06 12:27:10.451501 2025] [mpm_winnt:notice] [pid 4796:tid 288] AH00418: Parent: Created child process 4180
[Thu Nov 06 12:27:11.248415 2025] [ssl:warn] [pid 4180:tid 296] AH01873: Init: Session Cache is not configured [hint: SSLSessionCache]
[Thu Nov 06 12:27:11.295293 2025] [mpm_winnt:notice] [pid 4180:tid 296] AH00354: Child: Starting 150 worker threads.
[Thu Nov 06 17:54:19.682571 2025] [core:warn] [pid 5136:tid 288] AH00098: pid file C:/SYSME/SGC/xampp/apache/logs/httpd.pid overwritten -- Unclean shutdown of previous Apache run?
[Thu Nov 06 17:54:20.088842 2025] [ssl:warn] [pid 5136:tid 288] AH01873: Init: Session Cache is not configured [hint: SSLSessionCache]
[Thu Nov 06 17:54:20.166970 2025] [mpm_winnt:notice] [pid 5136:tid 288] AH00455: Apache/2.4.3 (Win32) OpenSSL/1.0.1c PHP/5.4.7 configured -- resuming normal operations
[Thu Nov 06 17:54:20.166970 2025] [mpm_winnt:notice] [pid 5136:tid 288] AH00456: Server built: Aug 18 2012 12:41:37
[Thu Nov 06 17:54:20.166970 2025] [core:notice] [pid 5136:tid 288] AH00094: Command line: 'apache\\bin\\httpd.exe -d C:/SYSME/SGC/xampp/apache'
[Thu Nov 06 17:54:20.166970 2025] [mpm_winnt:notice] [pid 5136:tid 288] AH00418: Parent: Created child process 596
[Thu Nov 06 17:54:21.245153 2025] [ssl:warn] [pid 596:tid 296] AH01873: Init: Session Cache is not configured [hint: SSLSessionCache]
[Thu Nov 06 17:54:21.323280 2025] [mpm_winnt:notice] [pid 596:tid 296] AH00354: Child: Starting 150 worker threads.
[Fri Nov 07 12:15:38.785717 2025] [core:warn] [pid 1988:tid 284] AH00098: pid file C:/SYSME/SGC/xampp/apache/logs/httpd.pid overwritten -- Unclean shutdown of previous Apache run?
[Fri Nov 07 12:15:39.145108 2025] [ssl:warn] [pid 1988:tid 284] AH01873: Init: Session Cache is not configured [hint: SSLSessionCache]
[Fri Nov 07 12:15:39.207612 2025] [mpm_winnt:notice] [pid 1988:tid 284] AH00455: Apache/2.4.3 (Win32) OpenSSL/1.0.1c PHP/5.4.7 configured -- resuming normal operations
[Fri Nov 07 12:15:39.207612 2025] [mpm_winnt:notice] [pid 1988:tid 284] AH00456: Server built: Aug 18 2012 12:41:37
[Fri Nov 07 12:15:39.207612 2025] [core:notice] [pid 1988:tid 284] AH00094: Command line: 'apache\\bin\\httpd.exe -d C:/SYSME/SGC/xampp/apache'
[Fri Nov 07 12:15:39.207612 2025] [mpm_winnt:notice] [pid 1988:tid 284] AH00418: Parent: Created child process 1572
[Fri Nov 07 12:15:40.176411 2025] [ssl:warn] [pid 1572:tid 296] AH01873: Init: Session Cache is not configured [hint: SSLSessionCache]
[Fri Nov 07 12:15:40.238914 2025] [mpm_winnt:notice] [pid 1572:tid 296] AH00354: Child: Starting 150 worker threads.
[Fri Nov 07 17:14:03.221215 2025] [core:warn] [pid 3308:tid 284] AH00098: pid file C:/SYSME/SGC/xampp/apache/logs/httpd.pid overwritten -- Unclean shutdown of previous Apache run?
[Fri Nov 07 17:14:03.533731 2025] [ssl:warn] [pid 3308:tid 284] AH01873: Init: Session Cache is not configured [hint: SSLSessionCache]
[Fri Nov 07 17:14:03.596237 2025] [mpm_winnt:notice] [pid 3308:tid 284] AH00455: Apache/2.4.3 (Win32) OpenSSL/1.0.1c PHP/5.4.7 configured -- resuming normal operations
[Fri Nov 07 17:14:03.596237 2025] [mpm_winnt:notice] [pid 3308:tid 284] AH00456: Server built: Aug 18 2012 12:41:37
[Fri Nov 07 17:14:03.596237 2025] [core:notice] [pid 3308:tid 284] AH00094: Command line: 'apache\\bin\\httpd.exe -d C:/SYSME/SGC/xampp/apache'
[Fri Nov 07 17:14:03.596237 2025] [mpm_winnt:notice] [pid 3308:tid 284] AH00418: Parent: Created child process 3324
[Fri Nov 07 17:14:04.721295 2025] [ssl:warn] [pid 3324:tid 296] AH01873: Init: Session Cache is not configured [hint: SSLSessionCache]
[Fri Nov 07 17:14:04.768172 2025] [mpm_winnt:notice] [pid 3324:tid 296] AH00354: Child: Starting 150 worker threads.
[Sat Nov 08 12:03:24.916295 2025] [core:warn] [pid 1116:tid 292] AH00098: pid file C:/SYSME/SGC/xampp/apache/logs/httpd.pid overwritten -- Unclean shutdown of previous Apache run?
[Sat Nov 08 12:03:25.275688 2025] [ssl:warn] [pid 1116:tid 292] AH01873: Init: Session Cache is not configured [hint: SSLSessionCache]
[Sat Nov 08 12:03:25.338194 2025] [mpm_winnt:notice] [pid 1116:tid 292] AH00455: Apache/2.4.3 (Win32) OpenSSL/1.0.1c PHP/5.4.7 configured -- resuming normal operations
[Sat Nov 08 12:03:25.338194 2025] [mpm_winnt:notice] [pid 1116:tid 292] AH00456: Server built: Aug 18 2012 12:41:37
[Sat Nov 08 12:03:25.338194 2025] [core:notice] [pid 1116:tid 292] AH00094: Command line: 'apache\\bin\\httpd.exe -d C:/SYSME/SGC/xampp/apache'
[Sat Nov 08 12:03:25.338194 2025] [mpm_winnt:notice] [pid 1116:tid 292] AH00418: Parent: Created child process 1616
[Sat Nov 08 12:03:26.322618 2025] [ssl:warn] [pid 1616:tid 296] AH01873: Init: Session Cache is not configured [hint: SSLSessionCache]
[Sat Nov 08 12:03:26.400749 2025] [mpm_winnt:notice] [pid 1616:tid 296] AH00354: Child: Starting 150 worker threads.
[Sat Nov 08 20:22:47.830164 2025] [core:warn] [pid 4268:tid 292] AH00098: pid file C:/SYSME/SGC/xampp/apache/logs/httpd.pid overwritten -- Unclean shutdown of previous Apache run?
[Sat Nov 08 20:22:48.142680 2025] [ssl:warn] [pid 4268:tid 292] AH01873: Init: Session Cache is not configured [hint: SSLSessionCache]
[Sat Nov 08 20:22:48.205183 2025] [mpm_winnt:notice] [pid 4268:tid 292] AH00455: Apache/2.4.3 (Win32) OpenSSL/1.0.1c PHP/5.4.7 configured -- resuming normal operations
[Sat Nov 08 20:22:48.205183 2025] [mpm_winnt:notice] [pid 4268:tid 292] AH00456: Server built: Aug 18 2012 12:41:37
[Sat Nov 08 20:22:48.205183 2025] [core:notice] [pid 4268:tid 292] AH00094: Command line: 'apache\\bin\\httpd.exe -d C:/SYSME/SGC/xampp/apache'
[Sat Nov 08 20:22:48.205183 2025] [mpm_winnt:notice] [pid 4268:tid 292] AH00418: Parent: Created child process 2896
[Sat Nov 08 20:22:49.314617 2025] [ssl:warn] [pid 2896:tid 292] AH01873: Init: Session Cache is not configured [hint: SSLSessionCache]
[Sat Nov 08 20:22:49.345868 2025] [mpm_winnt:notice] [pid 2896:tid 292] AH00354: Child: Starting 150 worker threads.
[Sun Nov 09 12:24:55.953462 2025] [core:warn] [pid 2728:tid 284] AH00098: pid file C:/SYSME/SGC/xampp/apache/logs/httpd.pid overwritten -- Unclean shutdown of previous Apache run?
[Sun Nov 09 12:24:56.390984 2025] [ssl:warn] [pid 2728:tid 284] AH01873: Init: Session Cache is not configured [hint: SSLSessionCache]
[Sun Nov 09 12:24:56.453489 2025] [mpm_winnt:notice] [pid 2728:tid 284] AH00455: Apache/2.4.3 (Win32) OpenSSL/1.0.1c PHP/5.4.7 configured -- resuming normal operations
[Sun Nov 09 12:24:56.453489 2025] [mpm_winnt:notice] [pid 2728:tid 284] AH00456: Server built: Aug 18 2012 12:41:37
[Sun Nov 09 12:24:56.453489 2025] [core:notice] [pid 2728:tid 284] AH00094: Command line: 'apache\\bin\\httpd.exe -d C:/SYSME/SGC/xampp/apache'
[Sun Nov 09 12:24:56.453489 2025] [mpm_winnt:notice] [pid 2728:tid 284] AH00418: Parent: Created child process 5220
[Sun Nov 09 12:24:57.328534 2025] [ssl:warn] [pid 5220:tid 292] AH01873: Init: Session Cache is not configured [hint: SSLSessionCache]
[Sun Nov 09 12:24:57.375413 2025] [mpm_winnt:notice] [pid 5220:tid 292] AH00354: Child: Starting 150 worker threads.
[Mon Nov 10 12:02:24.115371 2025] [core:warn] [pid 2132:tid 288] AH00098: pid file C:/SYSME/SGC/xampp/apache/logs/httpd.pid overwritten -- Unclean shutdown of previous Apache run?
[Mon Nov 10 12:02:24.631023 2025] [ssl:warn] [pid 2132:tid 288] AH01873: Init: Session Cache is not configured [hint: SSLSessionCache]
[Mon Nov 10 12:02:24.693526 2025] [mpm_winnt:notice] [pid 2132:tid 288] AH00455: Apache/2.4.3 (Win32) OpenSSL/1.0.1c PHP/5.4.7 configured -- resuming normal operations
[Mon Nov 10 12:02:24.693526 2025] [mpm_winnt:notice] [pid 2132:tid 288] AH00456: Server built: Aug 18 2012 12:41:37
[Mon Nov 10 12:02:24.693526 2025] [core:notice] [pid 2132:tid 288] AH00094: Command line: 'apache\\bin\\httpd.exe -d C:/SYSME/SGC/xampp/apache'
[Mon Nov 10 12:02:24.693526 2025] [mpm_winnt:notice] [pid 2132:tid 288] AH00418: Parent: Created child process 3164
[Mon Nov 10 12:02:25.599825 2025] [ssl:warn] [pid 3164:tid 296] AH01873: Init: Session Cache is not configured [hint: SSLSessionCache]
[Mon Nov 10 12:02:25.646705 2025] [mpm_winnt:notice] [pid 3164:tid 296] AH00354: Child: Starting 150 worker threads.
[Tue Nov 11 12:35:58.755570 2025] [core:warn] [pid 240:tid 284] AH00098: pid file C:/SYSME/SGC/xampp/apache/logs/httpd.pid overwritten -- Unclean shutdown of previous Apache run?
[Tue Nov 11 12:35:59.052460 2025] [ssl:warn] [pid 240:tid 284] AH01873: Init: Session Cache is not configured [hint: SSLSessionCache]
[Tue Nov 11 12:35:59.099339 2025] [mpm_winnt:notice] [pid 240:tid 284] AH00455: Apache/2.4.3 (Win32) OpenSSL/1.0.1c PHP/5.4.7 configured -- resuming normal operations
[Tue Nov 11 12:35:59.099339 2025] [mpm_winnt:notice] [pid 240:tid 284] AH00456: Server built: Aug 18 2012 12:41:37
[Tue Nov 11 12:35:59.099339 2025] [core:notice] [pid 240:tid 284] AH00094: Command line: 'apache\\bin\\httpd.exe -d C:/SYSME/SGC/xampp/apache'
[Tue Nov 11 12:35:59.099339 2025] [mpm_winnt:notice] [pid 240:tid 284] AH00418: Parent: Created child process 4216
[Tue Nov 11 12:36:00.146515 2025] [ssl:warn] [pid 4216:tid 296] AH01873: Init: Session Cache is not configured [hint: SSLSessionCache]
[Tue Nov 11 12:36:00.193392 2025] [mpm_winnt:notice] [pid 4216:tid 296] AH00354: Child: Starting 150 worker threads.
[Wed Nov 12 12:13:28.612882 2025] [core:warn] [pid 5124:tid 288] AH00098: pid file C:/SYSME/SGC/xampp/apache/logs/httpd.pid overwritten -- Unclean shutdown of previous Apache run?
[Wed Nov 12 12:13:28.925387 2025] [ssl:warn] [pid 5124:tid 288] AH01873: Init: Session Cache is not configured [hint: SSLSessionCache]
[Wed Nov 12 12:13:28.987889 2025] [mpm_winnt:notice] [pid 5124:tid 288] AH00455: Apache/2.4.3 (Win32) OpenSSL/1.0.1c PHP/5.4.7 configured -- resuming normal operations
[Wed Nov 12 12:13:28.987889 2025] [mpm_winnt:notice] [pid 5124:tid 288] AH00456: Server built: Aug 18 2012 12:41:37
[Wed Nov 12 12:13:28.987889 2025] [core:notice] [pid 5124:tid 288] AH00094: Command line: 'apache\\bin\\httpd.exe -d C:/SYSME/SGC/xampp/apache'
[Wed Nov 12 12:13:28.987889 2025] [mpm_winnt:notice] [pid 5124:tid 288] AH00418: Parent: Created child process 5368
[Wed Nov 12 12:13:29.769180 2025] [ssl:warn] [pid 5368:tid 292] AH01873: Init: Session Cache is not configured [hint: SSLSessionCache]
[Wed Nov 12 12:13:29.816059 2025] [mpm_winnt:notice] [pid 5368:tid 292] AH00354: Child: Starting 150 worker threads.
[Thu Nov 13 12:34:30.806822 2025] [core:warn] [pid 4588:tid 296] AH00098: pid file C:/SYSME/SGC/xampp/apache/logs/httpd.pid overwritten -- Unclean shutdown of previous Apache run?
[Thu Nov 13 12:34:31.150572 2025] [ssl:warn] [pid 4588:tid 296] AH01873: Init: Session Cache is not configured [hint: SSLSessionCache]
[Thu Nov 13 12:34:31.213078 2025] [mpm_winnt:notice] [pid 4588:tid 296] AH00455: Apache/2.4.3 (Win32) OpenSSL/1.0.1c PHP/5.4.7 configured -- resuming normal operations
[Thu Nov 13 12:34:31.213078 2025] [mpm_winnt:notice] [pid 4588:tid 296] AH00456: Server built: Aug 18 2012 12:41:37
[Thu Nov 13 12:34:31.213078 2025] [core:notice] [pid 4588:tid 296] AH00094: Command line: 'apache\\bin\\httpd.exe -d C:/SYSME/SGC/xampp/apache'
[Thu Nov 13 12:34:31.213078 2025] [mpm_winnt:notice] [pid 4588:tid 296] AH00418: Parent: Created child process 1776
[Thu Nov 13 12:34:32.057051 2025] [ssl:warn] [pid 1776:tid 292] AH01873: Init: Session Cache is not configured [hint: SSLSessionCache]
[Thu Nov 13 12:34:32.103929 2025] [mpm_winnt:notice] [pid 1776:tid 292] AH00354: Child: Starting 150 worker threads.
[Fri Nov 14 12:40:42.831718 2025] [core:warn] [pid 6000:tid 284] AH00098: pid file C:/SYSME/SGC/xampp/apache/logs/httpd.pid overwritten -- Unclean shutdown of previous Apache run?
[Fri Nov 14 12:40:43.159861 2025] [ssl:warn] [pid 6000:tid 284] AH01873: Init: Session Cache is not configured [hint: SSLSessionCache]
[Fri Nov 14 12:40:43.222367 2025] [mpm_winnt:notice] [pid 6000:tid 284] AH00455: Apache/2.4.3 (Win32) OpenSSL/1.0.1c PHP/5.4.7 configured -- resuming normal operations
[Fri Nov 14 12:40:43.222367 2025] [mpm_winnt:notice] [pid 6000:tid 284] AH00456: Server built: Aug 18 2012 12:41:37
[Fri Nov 14 12:40:43.222367 2025] [core:notice] [pid 6000:tid 284] AH00094: Command line: 'apache\\bin\\httpd.exe -d C:/SYSME/SGC/xampp/apache'
[Fri Nov 14 12:40:43.222367 2025] [mpm_winnt:notice] [pid 6000:tid 284] AH00418: Parent: Created child process 3380
[Fri Nov 14 12:40:44.128662 2025] [ssl:warn] [pid 3380:tid 296] AH01873: Init: Session Cache is not configured [hint: SSLSessionCache]
[Fri Nov 14 12:40:44.159917 2025] [mpm_winnt:notice] [pid 3380:tid 296] AH00354: Child: Starting 150 worker threads.
[Sat Nov 15 12:41:24.012859 2025] [core:warn] [pid 5592:tid 284] AH00098: pid file C:/SYSME/SGC/xampp/apache/logs/httpd.pid overwritten -- Unclean shutdown of previous Apache run?
[Sat Nov 15 12:41:24.325356 2025] [ssl:warn] [pid 5592:tid 284] AH01873: Init: Session Cache is not configured [hint: SSLSessionCache]
[Sat Nov 15 12:41:24.387861 2025] [mpm_winnt:notice] [pid 5592:tid 284] AH00455: Apache/2.4.3 (Win32) OpenSSL/1.0.1c PHP/5.4.7 configured -- resuming normal operations
[Sat Nov 15 12:41:24.387861 2025] [mpm_winnt:notice] [pid 5592:tid 284] AH00456: Server built: Aug 18 2012 12:41:37
[Sat Nov 15 12:41:24.387861 2025] [core:notice] [pid 5592:tid 284] AH00094: Command line: 'apache\\bin\\httpd.exe -d C:/SYSME/SGC/xampp/apache'
[Sat Nov 15 12:41:24.387861 2025] [mpm_winnt:notice] [pid 5592:tid 284] AH00418: Parent: Created child process 2452
[Sat Nov 15 12:41:25.247460 2025] [ssl:warn] [pid 2452:tid 296] AH01873: Init: Session Cache is not configured [hint: SSLSessionCache]
[Sat Nov 15 12:41:25.294337 2025] [mpm_winnt:notice] [pid 2452:tid 296] AH00354: Child: Starting 150 worker threads.
[Sun Nov 16 12:34:42.794217 2025] [core:warn] [pid 6056:tid 292] AH00098: pid file C:/SYSME/SGC/xampp/apache/logs/httpd.pid overwritten -- Unclean shutdown of previous Apache run?
[Sun Nov 16 12:34:43.231740 2025] [ssl:warn] [pid 6056:tid 292] AH01873: Init: Session Cache is not configured [hint: SSLSessionCache]
[Sun Nov 16 12:34:43.294244 2025] [mpm_winnt:notice] [pid 6056:tid 292] AH00455: Apache/2.4.3 (Win32) OpenSSL/1.0.1c PHP/5.4.7 configured -- resuming normal operations
[Sun Nov 16 12:34:43.294244 2025] [mpm_winnt:notice] [pid 6056:tid 292] AH00456: Server built: Aug 18 2012 12:41:37
[Sun Nov 16 12:34:43.294244 2025] [core:notice] [pid 6056:tid 292] AH00094: Command line: 'apache\\bin\\httpd.exe -d C:/SYSME/SGC/xampp/apache'
[Sun Nov 16 12:34:43.294244 2025] [mpm_winnt:notice] [pid 6056:tid 292] AH00418: Parent: Created child process 3504
[Sun Nov 16 12:34:44.184916 2025] [ssl:warn] [pid 3504:tid 292] AH01873: Init: Session Cache is not configured [hint: SSLSessionCache]
[Sun Nov 16 12:34:44.231794 2025] [mpm_winnt:notice] [pid 3504:tid 292] AH00354: Child: Starting 150 worker threads.
[Mon Nov 17 12:28:34.133238 2025] [core:warn] [pid 1572:tid 284] AH00098: pid file C:/SYSME/SGC/xampp/apache/logs/httpd.pid overwritten -- Unclean shutdown of previous Apache run?
[Mon Nov 17 12:28:34.430120 2025] [ssl:warn] [pid 1572:tid 284] AH01873: Init: Session Cache is not configured [hint: SSLSessionCache]
[Mon Nov 17 12:28:34.492623 2025] [mpm_winnt:notice] [pid 1572:tid 284] AH00455: Apache/2.4.3 (Win32) OpenSSL/1.0.1c PHP/5.4.7 configured -- resuming normal operations
[Mon Nov 17 12:28:34.492623 2025] [mpm_winnt:notice] [pid 1572:tid 284] AH00456: Server built: Aug 18 2012 12:41:37
[Mon Nov 17 12:28:34.492623 2025] [core:notice] [pid 1572:tid 284] AH00094: Command line: 'apache\\bin\\httpd.exe -d C:/SYSME/SGC/xampp/apache'
[Mon Nov 17 12:28:34.492623 2025] [mpm_winnt:notice] [pid 1572:tid 284] AH00418: Parent: Created child process 5444
[Mon Nov 17 12:28:35.430172 2025] [ssl:warn] [pid 5444:tid 292] AH01873: Init: Session Cache is not configured [hint: SSLSessionCache]
[Mon Nov 17 12:28:35.477049 2025] [mpm_winnt:notice] [pid 5444:tid 292] AH00354: Child: Starting 150 worker threads.
[Tue Nov 18 12:22:52.509831 2025] [core:warn] [pid 6040:tid 292] AH00098: pid file C:/SYSME/SGC/xampp/apache/logs/httpd.pid overwritten -- Unclean shutdown of previous Apache run?
[Tue Nov 18 12:22:52.900476 2025] [ssl:warn] [pid 6040:tid 292] AH01873: Init: Session Cache is not configured [hint: SSLSessionCache]
[Tue Nov 18 12:22:52.978609 2025] [mpm_winnt:notice] [pid 6040:tid 292] AH00455: Apache/2.4.3 (Win32) OpenSSL/1.0.1c PHP/5.4.7 configured -- resuming normal operations
[Tue Nov 18 12:22:52.978609 2025] [mpm_winnt:notice] [pid 6040:tid 292] AH00456: Server built: Aug 18 2012 12:41:37
[Tue Nov 18 12:22:52.978609 2025] [core:notice] [pid 6040:tid 292] AH00094: Command line: 'apache\\bin\\httpd.exe -d C:/SYSME/SGC/xampp/apache'
[Tue Nov 18 12:22:52.978609 2025] [mpm_winnt:notice] [pid 6040:tid 292] AH00418: Parent: Created child process 5756
[Tue Nov 18 12:22:53.931781 2025] [ssl:warn] [pid 5756:tid 296] AH01873: Init: Session Cache is not configured [hint: SSLSessionCache]
[Tue Nov 18 12:22:53.978659 2025] [mpm_winnt:notice] [pid 5756:tid 296] AH00354: Child: Starting 150 worker threads.
[Wed Nov 19 12:20:10.749324 2025] [core:warn] [pid 1220:tid 288] AH00098: pid file C:/SYSME/SGC/xampp/apache/logs/httpd.pid overwritten -- Unclean shutdown of previous Apache run?
[Wed Nov 19 12:20:11.108717 2025] [ssl:warn] [pid 1220:tid 288] AH01873: Init: Session Cache is not configured [hint: SSLSessionCache]
[Wed Nov 19 12:20:11.171222 2025] [mpm_winnt:notice] [pid 1220:tid 288] AH00455: Apache/2.4.3 (Win32) OpenSSL/1.0.1c PHP/5.4.7 configured -- resuming normal operations
[Wed Nov 19 12:20:11.171222 2025] [mpm_winnt:notice] [pid 1220:tid 288] AH00456: Server built: Aug 18 2012 12:41:37
[Wed Nov 19 12:20:11.171222 2025] [core:notice] [pid 1220:tid 288] AH00094: Command line: 'apache\\bin\\httpd.exe -d C:/SYSME/SGC/xampp/apache'
[Wed Nov 19 12:20:11.171222 2025] [mpm_winnt:notice] [pid 1220:tid 288] AH00418: Parent: Created child process 5748
[Wed Nov 19 12:20:12.108773 2025] [ssl:warn] [pid 5748:tid 296] AH01873: Init: Session Cache is not configured [hint: SSLSessionCache]
[Wed Nov 19 12:20:12.155650 2025] [mpm_winnt:notice] [pid 5748:tid 296] AH00354: Child: Starting 150 worker threads.
[Thu Nov 20 12:31:35.132299 2025] [core:warn] [pid 3576:tid 288] AH00098: pid file C:/SYSME/SGC/xampp/apache/logs/httpd.pid overwritten -- Unclean shutdown of previous Apache run?
[Thu Nov 20 12:31:35.444792 2025] [ssl:warn] [pid 3576:tid 288] AH01873: Init: Session Cache is not configured [hint: SSLSessionCache]
[Thu Nov 20 12:31:35.507297 2025] [mpm_winnt:notice] [pid 3576:tid 288] AH00455: Apache/2.4.3 (Win32) OpenSSL/1.0.1c PHP/5.4.7 configured -- resuming normal operations
[Thu Nov 20 12:31:35.507297 2025] [mpm_winnt:notice] [pid 3576:tid 288] AH00456: Server built: Aug 18 2012 12:41:37
[Thu Nov 20 12:31:35.507297 2025] [core:notice] [pid 3576:tid 288] AH00094: Command line: 'apache\\bin\\httpd.exe -d C:/SYSME/SGC/xampp/apache'
[Thu Nov 20 12:31:35.507297 2025] [mpm_winnt:notice] [pid 3576:tid 288] AH00418: Parent: Created child process 1912
[Thu Nov 20 12:31:36.413780 2025] [ssl:warn] [pid 1912:tid 292] AH01873: Init: Session Cache is not configured [hint: SSLSessionCache]
[Thu Nov 20 12:31:36.460656 2025] [mpm_winnt:notice] [pid 1912:tid 292] AH00354: Child: Starting 150 worker threads.
[Fri Nov 21 12:30:53.971822 2025] [core:warn] [pid 4744:tid 292] AH00098: pid file C:/SYSME/SGC/xampp/apache/logs/httpd.pid overwritten -- Unclean shutdown of previous Apache run?
[Fri Nov 21 12:30:54.284327 2025] [ssl:warn] [pid 4744:tid 292] AH01873: Init: Session Cache is not configured [hint: SSLSessionCache]
[Fri Nov 21 12:30:54.346833 2025] [mpm_winnt:notice] [pid 4744:tid 292] AH00455: Apache/2.4.3 (Win32) OpenSSL/1.0.1c PHP/5.4.7 configured -- resuming normal operations
[Fri Nov 21 12:30:54.346833 2025] [mpm_winnt:notice] [pid 4744:tid 292] AH00456: Server built: Aug 18 2012 12:41:37
[Fri Nov 21 12:30:54.346833 2025] [core:notice] [pid 4744:tid 292] AH00094: Command line: 'apache\\bin\\httpd.exe -d C:/SYSME/SGC/xampp/apache'
[Fri Nov 21 12:30:54.346833 2025] [mpm_winnt:notice] [pid 4744:tid 292] AH00418: Parent: Created child process 5344
[Fri Nov 21 12:30:55.237581 2025] [ssl:warn] [pid 5344:tid 296] AH01873: Init: Session Cache is not configured [hint: SSLSessionCache]
[Fri Nov 21 12:30:55.284459 2025] [mpm_winnt:notice] [pid 5344:tid 296] AH00354: Child: Starting 150 worker threads.
[Sat Nov 22 12:15:51.253056 2025] [core:warn] [pid 2156:tid 284] AH00098: pid file C:/SYSME/SGC/xampp/apache/logs/httpd.pid overwritten -- Unclean shutdown of previous Apache run?
[Sat Nov 22 12:15:51.596824 2025] [ssl:warn] [pid 2156:tid 284] AH01873: Init: Session Cache is not configured [hint: SSLSessionCache]
[Sat Nov 22 12:15:51.643702 2025] [mpm_winnt:notice] [pid 2156:tid 284] AH00455: Apache/2.4.3 (Win32) OpenSSL/1.0.1c PHP/5.4.7 configured -- resuming normal operations
[Sat Nov 22 12:15:51.643702 2025] [mpm_winnt:notice] [pid 2156:tid 284] AH00456: Server built: Aug 18 2012 12:41:37
[Sat Nov 22 12:15:51.643702 2025] [core:notice] [pid 2156:tid 284] AH00094: Command line: 'apache\\bin\\httpd.exe -d C:/SYSME/SGC/xampp/apache'
[Sat Nov 22 12:15:51.643702 2025] [mpm_winnt:notice] [pid 2156:tid 284] AH00418: Parent: Created child process 3492
[Sat Nov 22 12:15:52.628130 2025] [ssl:warn] [pid 3492:tid 292] AH01873: Init: Session Cache is not configured [hint: SSLSessionCache]
[Sat Nov 22 12:15:52.675008 2025] [mpm_winnt:notice] [pid 3492:tid 292] AH00354: Child: Starting 150 worker threads.
[Sun Nov 23 12:24:56.825857 2025] [core:warn] [pid 3796:tid 288] AH00098: pid file C:/SYSME/SGC/xampp/apache/logs/httpd.pid overwritten -- Unclean shutdown of previous Apache run?
[Sun Nov 23 12:24:57.153999 2025] [ssl:warn] [pid 3796:tid 288] AH01873: Init: Session Cache is not configured [hint: SSLSessionCache]
[Sun Nov 23 12:24:57.216501 2025] [mpm_winnt:notice] [pid 3796:tid 288] AH00455: Apache/2.4.3 (Win32) OpenSSL/1.0.1c PHP/5.4.7 configured -- resuming normal operations
[Sun Nov 23 12:24:57.216501 2025] [mpm_winnt:notice] [pid 3796:tid 288] AH00456: Server built: Aug 18 2012 12:41:37
[Sun Nov 23 12:24:57.216501 2025] [core:notice] [pid 3796:tid 288] AH00094: Command line: 'apache\\bin\\httpd.exe -d C:/SYSME/SGC/xampp/apache'
[Sun Nov 23 12:24:57.216501 2025] [mpm_winnt:notice] [pid 3796:tid 288] AH00418: Parent: Created child process 4032
[Sun Nov 23 12:24:58.154052 2025] [ssl:warn] [pid 4032:tid 296] AH01873: Init: Session Cache is not configured [hint: SSLSessionCache]
[Sun Nov 23 12:24:58.200929 2025] [mpm_winnt:notice] [pid 4032:tid 296] AH00354: Child: Starting 150 worker threads.
[Mon Nov 24 12:13:56.069006 2025] [core:warn] [pid 1956:tid 292] AH00098: pid file C:/SYSME/SGC/xampp/apache/logs/httpd.pid overwritten -- Unclean shutdown of previous Apache run?
[Mon Nov 24 12:13:56.365897 2025] [ssl:warn] [pid 1956:tid 292] AH01873: Init: Session Cache is not configured [hint: SSLSessionCache]
[Mon Nov 24 12:13:56.428401 2025] [mpm_winnt:notice] [pid 1956:tid 292] AH00455: Apache/2.4.3 (Win32) OpenSSL/1.0.1c PHP/5.4.7 configured -- resuming normal operations
[Mon Nov 24 12:13:56.428401 2025] [mpm_winnt:notice] [pid 1956:tid 292] AH00456: Server built: Aug 18 2012 12:41:37
[Mon Nov 24 12:13:56.428401 2025] [core:notice] [pid 1956:tid 292] AH00094: Command line: 'apache\\bin\\httpd.exe -d C:/SYSME/SGC/xampp/apache'
[Mon Nov 24 12:13:56.428401 2025] [mpm_winnt:notice] [pid 1956:tid 292] AH00418: Parent: Created child process 4396
[Mon Nov 24 12:13:57.600337 2025] [ssl:warn] [pid 4396:tid 296] AH01873: Init: Session Cache is not configured [hint: SSLSessionCache]
[Mon Nov 24 12:13:57.647214 2025] [mpm_winnt:notice] [pid 4396:tid 296] AH00354: Child: Starting 150 worker threads.
[Tue Nov 25 12:34:23.796843 2025] [core:warn] [pid 3796:tid 288] AH00098: pid file C:/SYSME/SGC/xampp/apache/logs/httpd.pid overwritten -- Unclean shutdown of previous Apache run?
[Tue Nov 25 12:34:24.156235 2025] [ssl:warn] [pid 3796:tid 288] AH01873: Init: Session Cache is not configured [hint: SSLSessionCache]
[Tue Nov 25 12:34:24.218739 2025] [mpm_winnt:notice] [pid 3796:tid 288] AH00455: Apache/2.4.3 (Win32) OpenSSL/1.0.1c PHP/5.4.7 configured -- resuming normal operations
[Tue Nov 25 12:34:24.218739 2025] [mpm_winnt:notice] [pid 3796:tid 288] AH00456: Server built: Aug 18 2012 12:41:37
[Tue Nov 25 12:34:24.218739 2025] [core:notice] [pid 3796:tid 288] AH00094: Command line: 'apache\\bin\\httpd.exe -d C:/SYSME/SGC/xampp/apache'
[Tue Nov 25 12:34:24.218739 2025] [mpm_winnt:notice] [pid 3796:tid 288] AH00418: Parent: Created child process 4972
[Tue Nov 25 12:34:25.203165 2025] [ssl:warn] [pid 4972:tid 296] AH01873: Init: Session Cache is not configured [hint: SSLSessionCache]
[Tue Nov 25 12:34:25.234418 2025] [mpm_winnt:notice] [pid 4972:tid 296] AH00354: Child: Starting 150 worker threads.
[Wed Nov 26 12:31:35.661540 2025] [core:warn] [pid 4344:tid 288] AH00098: pid file C:/SYSME/SGC/xampp/apache/logs/httpd.pid overwritten -- Unclean shutdown of previous Apache run?
[Wed Nov 26 12:31:35.974056 2025] [ssl:warn] [pid 4344:tid 288] AH01873: Init: Session Cache is not configured [hint: SSLSessionCache]
[Wed Nov 26 12:31:36.036560 2025] [mpm_winnt:notice] [pid 4344:tid 288] AH00455: Apache/2.4.3 (Win32) OpenSSL/1.0.1c PHP/5.4.7 configured -- resuming normal operations
[Wed Nov 26 12:31:36.036560 2025] [mpm_winnt:notice] [pid 4344:tid 288] AH00456: Server built: Aug 18 2012 12:41:37
[Wed Nov 26 12:31:36.036560 2025] [core:notice] [pid 4344:tid 288] AH00094: Command line: 'apache\\bin\\httpd.exe -d C:/SYSME/SGC/xampp/apache'
[Wed Nov 26 12:31:36.036560 2025] [mpm_winnt:notice] [pid 4344:tid 288] AH00418: Parent: Created child process 4896
[Wed Nov 26 12:31:36.895980 2025] [ssl:warn] [pid 4896:tid 296] AH01873: Init: Session Cache is not configured [hint: SSLSessionCache]
[Wed Nov 26 12:31:36.974109 2025] [mpm_winnt:notice] [pid 4896:tid 296] AH00354: Child: Starting 150 worker threads.
[Thu Nov 27 13:15:45.983923 2025] [core:warn] [pid 3692:tid 292] AH00098: pid file C:/SYSME/SGC/xampp/apache/logs/httpd.pid overwritten -- Unclean shutdown of previous Apache run?
[Thu Nov 27 13:15:46.280812 2025] [ssl:warn] [pid 3692:tid 292] AH01873: Init: Session Cache is not configured [hint: SSLSessionCache]
[Thu Nov 27 13:15:46.343316 2025] [mpm_winnt:notice] [pid 3692:tid 292] AH00455: Apache/2.4.3 (Win32) OpenSSL/1.0.1c PHP/5.4.7 configured -- resuming normal operations
[Thu Nov 27 13:15:46.343316 2025] [mpm_winnt:notice] [pid 3692:tid 292] AH00456: Server built: Aug 18 2012 12:41:37
[Thu Nov 27 13:15:46.343316 2025] [core:notice] [pid 3692:tid 292] AH00094: Command line: 'apache\\bin\\httpd.exe -d C:/SYSME/SGC/xampp/apache'
[Thu Nov 27 13:15:46.343316 2025] [mpm_winnt:notice] [pid 3692:tid 292] AH00418: Parent: Created child process 7240
[Thu Nov 27 13:15:47.233988 2025] [ssl:warn] [pid 7240:tid 300] AH01873: Init: Session Cache is not configured [hint: SSLSessionCache]
[Thu Nov 27 13:15:47.280866 2025] [mpm_winnt:notice] [pid 7240:tid 300] AH00354: Child: Starting 150 worker threads.
[Fri Nov 28 12:23:45.611152 2025] [core:warn] [pid 2508:tid 288] AH00098: pid file C:/SYSME/SGC/xampp/apache/logs/httpd.pid overwritten -- Unclean shutdown of previous Apache run?
[Fri Nov 28 12:23:46.017420 2025] [ssl:warn] [pid 2508:tid 288] AH01873: Init: Session Cache is not configured [hint: SSLSessionCache]
[Fri Nov 28 12:23:46.064299 2025] [mpm_winnt:notice] [pid 2508:tid 288] AH00455: Apache/2.4.3 (Win32) OpenSSL/1.0.1c PHP/5.4.7 configured -- resuming normal operations
[Fri Nov 28 12:23:46.079925 2025] [mpm_winnt:notice] [pid 2508:tid 288] AH00456: Server built: Aug 18 2012 12:41:37
[Fri Nov 28 12:23:46.079925 2025] [core:notice] [pid 2508:tid 288] AH00094: Command line: 'apache\\bin\\httpd.exe -d C:/SYSME/SGC/xampp/apache'
[Fri Nov 28 12:23:46.079925 2025] [mpm_winnt:notice] [pid 2508:tid 288] AH00418: Parent: Created child process 6600
[Fri Nov 28 12:23:47.095603 2025] [ssl:warn] [pid 6600:tid 300] AH01873: Init: Session Cache is not configured [hint: SSLSessionCache]
[Fri Nov 28 12:23:47.142480 2025] [mpm_winnt:notice] [pid 6600:tid 300] AH00354: Child: Starting 150 worker threads.
[Sat Nov 29 12:28:43.108471 2025] [core:warn] [pid 1824:tid 284] AH00098: pid file C:/SYSME/SGC/xampp/apache/logs/httpd.pid overwritten -- Unclean shutdown of previous Apache run?
[Sat Nov 29 12:28:43.530366 2025] [ssl:warn] [pid 1824:tid 284] AH01873: Init: Session Cache is not configured [hint: SSLSessionCache]
[Sat Nov 29 12:28:43.592870 2025] [mpm_winnt:notice] [pid 1824:tid 284] AH00455: Apache/2.4.3 (Win32) OpenSSL/1.0.1c PHP/5.4.7 configured -- resuming normal operations
[Sat Nov 29 12:28:43.592870 2025] [mpm_winnt:notice] [pid 1824:tid 284] AH00456: Server built: Aug 18 2012 12:41:37
[Sat Nov 29 12:28:43.592870 2025] [core:notice] [pid 1824:tid 284] AH00094: Command line: 'apache\\bin\\httpd.exe -d C:/SYSME/SGC/xampp/apache'
[Sat Nov 29 12:28:43.592870 2025] [mpm_winnt:notice] [pid 1824:tid 284] AH00418: Parent: Created child process 3664
[Sat Nov 29 12:28:44.546065 2025] [ssl:warn] [pid 3664:tid 292] AH01873: Init: Session Cache is not configured [hint: SSLSessionCache]
[Sat Nov 29 12:28:44.592944 2025] [mpm_winnt:notice] [pid 3664:tid 292] AH00354: Child: Starting 150 worker threads.
[Sun Nov 30 13:35:32.125649 2025] [core:warn] [pid 5000:tid 288] AH00098: pid file C:/SYSME/SGC/xampp/apache/logs/httpd.pid overwritten -- Unclean shutdown of previous Apache run?
[Sun Nov 30 13:35:32.475883 2025] [ssl:warn] [pid 5000:tid 288] AH01873: Init: Session Cache is not configured [hint: SSLSessionCache]
[Sun Nov 30 13:35:32.535921 2025] [mpm_winnt:notice] [pid 5000:tid 288] AH00455: Apache/2.4.3 (Win32) OpenSSL/1.0.1c PHP/5.4.7 configured -- resuming normal operations
[Sun Nov 30 13:35:32.535921 2025] [mpm_winnt:notice] [pid 5000:tid 288] AH00456: Server built: Aug 18 2012 12:41:37
[Sun Nov 30 13:35:32.535921 2025] [core:notice] [pid 5000:tid 288] AH00094: Command line: 'apache\\bin\\httpd.exe -d C:/SYSME/SGC/xampp/apache'
[Sun Nov 30 13:35:32.536924 2025] [mpm_winnt:notice] [pid 5000:tid 288] AH00418: Parent: Created child process 7800
[Sun Nov 30 13:35:33.485773 2025] [ssl:warn] [pid 7800:tid 292] AH01873: Init: Session Cache is not configured [hint: SSLSessionCache]
[Sun Nov 30 13:35:33.531803 2025] [mpm_winnt:notice] [pid 7800:tid 292] AH00354: Child: Starting 150 worker threads.
[Mon Dec 01 12:13:22.720922 2025] [core:warn] [pid 9896:tid 296] AH00098: pid file C:/SYSME/SGC/xampp/apache/logs/httpd.pid overwritten -- Unclean shutdown of previous Apache run?
[Mon Dec 01 12:13:23.049062 2025] [ssl:warn] [pid 9896:tid 296] AH01873: Init: Session Cache is not configured [hint: SSLSessionCache]
[Mon Dec 01 12:13:23.470962 2025] [mpm_winnt:notice] [pid 9896:tid 296] AH00455: Apache/2.4.3 (Win32) OpenSSL/1.0.1c PHP/5.4.7 configured -- resuming normal operations
[Mon Dec 01 12:13:23.486588 2025] [mpm_winnt:notice] [pid 9896:tid 296] AH00456: Server built: Aug 18 2012 12:41:37
[Mon Dec 01 12:13:23.486588 2025] [core:notice] [pid 9896:tid 296] AH00094: Command line: 'apache\\bin\\httpd.exe -d C:/SYSME/SGC/xampp/apache'
[Mon Dec 01 12:13:23.486588 2025] [mpm_winnt:notice] [pid 9896:tid 296] AH00418: Parent: Created child process 9808
[Mon Dec 01 12:13:24.471012 2025] [ssl:warn] [pid 9808:tid 296] AH01873: Init: Session Cache is not configured [hint: SSLSessionCache]
[Mon Dec 01 12:13:24.580393 2025] [mpm_winnt:notice] [pid 9808:tid 296] AH00354: Child: Starting 150 worker threads.
[Tue Dec 02 12:28:12.264827 2025] [core:warn] [pid 8920:tid 288] AH00098: pid file C:/SYSME/SGC/xampp/apache/logs/httpd.pid overwritten -- Unclean shutdown of previous Apache run?
[Tue Dec 02 12:28:12.655470 2025] [ssl:warn] [pid 8920:tid 288] AH01873: Init: Session Cache is not configured [hint: SSLSessionCache]
[Tue Dec 02 12:28:13.186750 2025] [mpm_winnt:notice] [pid 8920:tid 288] AH00455: Apache/2.4.3 (Win32) OpenSSL/1.0.1c PHP/5.4.7 configured -- resuming normal operations
[Tue Dec 02 12:28:13.186750 2025] [mpm_winnt:notice] [pid 8920:tid 288] AH00456: Server built: Aug 18 2012 12:41:37
[Tue Dec 02 12:28:13.186750 2025] [core:notice] [pid 8920:tid 288] AH00094: Command line: 'apache\\bin\\httpd.exe -d C:/SYSME/SGC/xampp/apache'
[Tue Dec 02 12:28:13.202376 2025] [mpm_winnt:notice] [pid 8920:tid 288] AH00418: Parent: Created child process 7076
[Tue Dec 02 12:28:14.077422 2025] [ssl:warn] [pid 7076:tid 292] AH01873: Init: Session Cache is not configured [hint: SSLSessionCache]
[Tue Dec 02 12:28:14.202428 2025] [mpm_winnt:notice] [pid 7076:tid 292] AH00354: Child: Starting 150 worker threads.
[Tue Dec 02 15:40:39.918180 2025] [core:warn] [pid 1748:tid 288] AH00098: pid file C:/SYSME/SGC/xampp/apache/logs/httpd.pid overwritten -- Unclean shutdown of previous Apache run?
[Tue Dec 02 15:40:40.261946 2025] [ssl:warn] [pid 1748:tid 288] AH01873: Init: Session Cache is not configured [hint: SSLSessionCache]
[Tue Dec 02 15:40:40.340076 2025] [mpm_winnt:notice] [pid 1748:tid 288] AH00455: Apache/2.4.3 (Win32) OpenSSL/1.0.1c PHP/5.4.7 configured -- resuming normal operations
[Tue Dec 02 15:40:40.340076 2025] [mpm_winnt:notice] [pid 1748:tid 288] AH00456: Server built: Aug 18 2012 12:41:37
[Tue Dec 02 15:40:40.340076 2025] [core:notice] [pid 1748:tid 288] AH00094: Command line: 'apache\\bin\\httpd.exe -d C:/SYSME/SGC/xampp/apache'
[Tue Dec 02 15:40:40.340076 2025] [mpm_winnt:notice] [pid 1748:tid 288] AH00418: Parent: Created child process 3920
[Tue Dec 02 15:40:41.246374 2025] [ssl:warn] [pid 3920:tid 292] AH01873: Init: Session Cache is not configured [hint: SSLSessionCache]
[Tue Dec 02 15:40:41.308876 2025] [mpm_winnt:notice] [pid 3920:tid 292] AH00354: Child: Starting 150 worker threads.
[Wed Dec 03 12:22:21.388484 2025] [core:warn] [pid 2320:tid 292] AH00098: pid file C:/SYSME/SGC/xampp/apache/logs/httpd.pid overwritten -- Unclean shutdown of previous Apache run?
[Wed Dec 03 12:22:21.700987 2025] [ssl:warn] [pid 2320:tid 292] AH01873: Init: Session Cache is not configured [hint: SSLSessionCache]
[Wed Dec 03 12:22:21.763491 2025] [mpm_winnt:notice] [pid 2320:tid 292] AH00455: Apache/2.4.3 (Win32) OpenSSL/1.0.1c PHP/5.4.7 configured -- resuming normal operations
[Wed Dec 03 12:22:21.763491 2025] [mpm_winnt:notice] [pid 2320:tid 292] AH00456: Server built: Aug 18 2012 12:41:37
[Wed Dec 03 12:22:21.763491 2025] [core:notice] [pid 2320:tid 292] AH00094: Command line: 'apache\\bin\\httpd.exe -d C:/SYSME/SGC/xampp/apache'
[Wed Dec 03 12:22:21.763491 2025] [mpm_winnt:notice] [pid 2320:tid 292] AH00418: Parent: Created child process 3128
[Wed Dec 03 12:22:22.685413 2025] [ssl:warn] [pid 3128:tid 292] AH01873: Init: Session Cache is not configured [hint: SSLSessionCache]
[Wed Dec 03 12:22:22.716664 2025] [mpm_winnt:notice] [pid 3128:tid 292] AH00354: Child: Starting 150 worker threads.
[Thu Dec 04 12:23:50.063379 2025] [core:warn] [pid 6088:tid 292] AH00098: pid file C:/SYSME/SGC/xampp/apache/logs/httpd.pid overwritten -- Unclean shutdown of previous Apache run?
[Thu Dec 04 12:23:50.360255 2025] [ssl:warn] [pid 6088:tid 292] AH01873: Init: Session Cache is not configured [hint: SSLSessionCache]
[Thu Dec 04 12:23:50.422759 2025] [mpm_winnt:notice] [pid 6088:tid 292] AH00455: Apache/2.4.3 (Win32) OpenSSL/1.0.1c PHP/5.4.7 configured -- resuming normal operations
[Thu Dec 04 12:23:50.422759 2025] [mpm_winnt:notice] [pid 6088:tid 292] AH00456: Server built: Aug 18 2012 12:41:37
[Thu Dec 04 12:23:50.422759 2025] [core:notice] [pid 6088:tid 292] AH00094: Command line: 'apache\\bin\\httpd.exe -d C:/SYSME/SGC/xampp/apache'
[Thu Dec 04 12:23:50.422759 2025] [mpm_winnt:notice] [pid 6088:tid 292] AH00418: Parent: Created child process 3920
[Thu Dec 04 12:23:51.329055 2025] [ssl:warn] [pid 3920:tid 292] AH01873: Init: Session Cache is not configured [hint: SSLSessionCache]
[Thu Dec 04 12:23:51.375932 2025] [mpm_winnt:notice] [pid 3920:tid 292] AH00354: Child: Starting 150 worker threads.
[Fri Dec 05 12:11:35.711092 2025] [core:warn] [pid 4872:tid 288] AH00098: pid file C:/SYSME/SGC/xampp/apache/logs/httpd.pid overwritten -- Unclean shutdown of previous Apache run?
[Fri Dec 05 12:11:36.070485 2025] [ssl:warn] [pid 4872:tid 288] AH01873: Init: Session Cache is not configured [hint: SSLSessionCache]
[Fri Dec 05 12:11:36.132992 2025] [mpm_winnt:notice] [pid 4872:tid 288] AH00455: Apache/2.4.3 (Win32) OpenSSL/1.0.1c PHP/5.4.7 configured -- resuming normal operations
[Fri Dec 05 12:11:36.132992 2025] [mpm_winnt:notice] [pid 4872:tid 288] AH00456: Server built: Aug 18 2012 12:41:37
[Fri Dec 05 12:11:36.132992 2025] [core:notice] [pid 4872:tid 288] AH00094: Command line: 'apache\\bin\\httpd.exe -d C:/SYSME/SGC/xampp/apache'
[Fri Dec 05 12:11:36.132992 2025] [mpm_winnt:notice] [pid 4872:tid 288] AH00418: Parent: Created child process 3144
[Fri Dec 05 12:11:37.226795 2025] [ssl:warn] [pid 3144:tid 296] AH01873: Init: Session Cache is not configured [hint: SSLSessionCache]
[Fri Dec 05 12:11:37.273675 2025] [mpm_winnt:notice] [pid 3144:tid 296] AH00354: Child: Starting 150 worker threads.
[Fri Dec 05 18:56:54.220205 2025] [core:warn] [pid 2468:tid 292] AH00098: pid file C:/SYSME/SGC/xampp/apache/logs/httpd.pid overwritten -- Unclean shutdown of previous Apache run?
[Fri Dec 05 18:56:54.657729 2025] [ssl:warn] [pid 2468:tid 292] AH01873: Init: Session Cache is not configured [hint: SSLSessionCache]
[Fri Dec 05 18:56:54.720231 2025] [mpm_winnt:notice] [pid 2468:tid 292] AH00455: Apache/2.4.3 (Win32) OpenSSL/1.0.1c PHP/5.4.7 configured -- resuming normal operations
[Fri Dec 05 18:56:54.720231 2025] [mpm_winnt:notice] [pid 2468:tid 292] AH00456: Server built: Aug 18 2012 12:41:37
[Fri Dec 05 18:56:54.720231 2025] [core:notice] [pid 2468:tid 292] AH00094: Command line: 'apache\\bin\\httpd.exe -d C:/SYSME/SGC/xampp/apache'
[Fri Dec 05 18:56:54.735857 2025] [mpm_winnt:notice] [pid 2468:tid 292] AH00418: Parent: Created child process 4028
[Fri Dec 05 18:56:55.751534 2025] [ssl:warn] [pid 4028:tid 296] AH01873: Init: Session Cache is not configured [hint: SSLSessionCache]
[Fri Dec 05 18:56:55.798412 2025] [mpm_winnt:notice] [pid 4028:tid 296] AH00354: Child: Starting 150 worker threads.
[Sat Dec 06 12:40:32.874453 2025] [core:warn] [pid 188:tid 296] AH00098: pid file C:/SYSME/SGC/xampp/apache/logs/httpd.pid overwritten -- Unclean shutdown of previous Apache run?
[Sat Dec 06 12:40:33.233844 2025] [ssl:warn] [pid 188:tid 296] AH01873: Init: Session Cache is not configured [hint: SSLSessionCache]
[Sat Dec 06 12:40:33.296348 2025] [mpm_winnt:notice] [pid 188:tid 296] AH00455: Apache/2.4.3 (Win32) OpenSSL/1.0.1c PHP/5.4.7 configured -- resuming normal operations
[Sat Dec 06 12:40:33.296348 2025] [mpm_winnt:notice] [pid 188:tid 296] AH00456: Server built: Aug 18 2012 12:41:37
[Sat Dec 06 12:40:33.296348 2025] [core:notice] [pid 188:tid 296] AH00094: Command line: 'apache\\bin\\httpd.exe -d C:/SYSME/SGC/xampp/apache'
[Sat Dec 06 12:40:33.296348 2025] [mpm_winnt:notice] [pid 188:tid 296] AH00418: Parent: Created child process 2692
[Sat Dec 06 12:40:34.343278 2025] [ssl:warn] [pid 2692:tid 292] AH01873: Init: Session Cache is not configured [hint: SSLSessionCache]
[Sat Dec 06 12:40:34.390155 2025] [mpm_winnt:notice] [pid 2692:tid 292] AH00354: Child: Starting 150 worker threads.
[Sun Dec 07 12:10:08.278356 2025] [core:warn] [pid 216:tid 296] AH00098: pid file C:/SYSME/SGC/xampp/apache/logs/httpd.pid overwritten -- Unclean shutdown of previous Apache run?
[Sun Dec 07 12:10:08.622125 2025] [ssl:warn] [pid 216:tid 296] AH01873: Init: Session Cache is not configured [hint: SSLSessionCache]
[Sun Dec 07 12:10:08.669003 2025] [mpm_winnt:notice] [pid 216:tid 296] AH00455: Apache/2.4.3 (Win32) OpenSSL/1.0.1c PHP/5.4.7 configured -- resuming normal operations
[Sun Dec 07 12:10:08.669003 2025] [mpm_winnt:notice] [pid 216:tid 296] AH00456: Server built: Aug 18 2012 12:41:37
[Sun Dec 07 12:10:08.669003 2025] [core:notice] [pid 216:tid 296] AH00094: Command line: 'apache\\bin\\httpd.exe -d C:/SYSME/SGC/xampp/apache'
[Sun Dec 07 12:10:08.669003 2025] [mpm_winnt:notice] [pid 216:tid 296] AH00418: Parent: Created child process 3832
[Sun Dec 07 12:10:09.481543 2025] [ssl:warn] [pid 3832:tid 292] AH01873: Init: Session Cache is not configured [hint: SSLSessionCache]
[Sun Dec 07 12:10:09.512795 2025] [mpm_winnt:notice] [pid 3832:tid 292] AH00354: Child: Starting 150 worker threads.
[Mon Dec 08 12:29:51.562167 2025] [core:warn] [pid 3496:tid 288] AH00098: pid file C:/SYSME/SGC/xampp/apache/logs/httpd.pid overwritten -- Unclean shutdown of previous Apache run?
[Mon Dec 08 12:29:51.890296 2025] [ssl:warn] [pid 3496:tid 288] AH01873: Init: Session Cache is not configured [hint: SSLSessionCache]
[Mon Dec 08 12:29:51.937174 2025] [mpm_winnt:notice] [pid 3496:tid 288] AH00455: Apache/2.4.3 (Win32) OpenSSL/1.0.1c PHP/5.4.7 configured -- resuming normal operations
[Mon Dec 08 12:29:51.937174 2025] [mpm_winnt:notice] [pid 3496:tid 288] AH00456: Server built: Aug 18 2012 12:41:37
[Mon Dec 08 12:29:51.937174 2025] [core:notice] [pid 3496:tid 288] AH00094: Command line: 'apache\\bin\\httpd.exe -d C:/SYSME/SGC/xampp/apache'
[Mon Dec 08 12:29:51.937174 2025] [mpm_winnt:notice] [pid 3496:tid 288] AH00418: Parent: Created child process 908
[Mon Dec 08 12:29:52.749716 2025] [ssl:warn] [pid 908:tid 292] AH01873: Init: Session Cache is not configured [hint: SSLSessionCache]
[Mon Dec 08 12:29:52.796594 2025] [mpm_winnt:notice] [pid 908:tid 292] AH00354: Child: Starting 150 worker threads.
[Tue Dec 09 12:20:36.059696 2025] [core:warn] [pid 240:tid 284] AH00098: pid file C:/SYSME/SGC/xampp/apache/logs/httpd.pid overwritten -- Unclean shutdown of previous Apache run?
[Tue Dec 09 12:20:36.403446 2025] [ssl:warn] [pid 240:tid 284] AH01873: Init: Session Cache is not configured [hint: SSLSessionCache]
[Tue Dec 09 12:20:36.465951 2025] [mpm_winnt:notice] [pid 240:tid 284] AH00455: Apache/2.4.3 (Win32) OpenSSL/1.0.1c PHP/5.4.7 configured -- resuming normal operations
[Tue Dec 09 12:20:36.465951 2025] [mpm_winnt:notice] [pid 240:tid 284] AH00456: Server built: Aug 18 2012 12:41:37
[Tue Dec 09 12:20:36.465951 2025] [core:notice] [pid 240:tid 284] AH00094: Command line: 'apache\\bin\\httpd.exe -d C:/SYSME/SGC/xampp/apache'
[Tue Dec 09 12:20:36.465951 2025] [mpm_winnt:notice] [pid 240:tid 284] AH00418: Parent: Created child process 2496
[Tue Dec 09 12:20:37.372247 2025] [ssl:warn] [pid 2496:tid 296] AH01873: Init: Session Cache is not configured [hint: SSLSessionCache]
[Tue Dec 09 12:20:37.419125 2025] [mpm_winnt:notice] [pid 2496:tid 296] AH00354: Child: Starting 150 worker threads.
[Wed Dec 10 12:17:09.089541 2025] [core:warn] [pid 5192:tid 292] AH00098: pid file C:/SYSME/SGC/xampp/apache/logs/httpd.pid overwritten -- Unclean shutdown of previous Apache run?
[Wed Dec 10 12:17:09.417683 2025] [ssl:warn] [pid 5192:tid 292] AH01873: Init: Session Cache is not configured [hint: SSLSessionCache]
[Wed Dec 10 12:17:09.480188 2025] [mpm_winnt:notice] [pid 5192:tid 292] AH00455: Apache/2.4.3 (Win32) OpenSSL/1.0.1c PHP/5.4.7 configured -- resuming normal operations
[Wed Dec 10 12:17:09.480188 2025] [mpm_winnt:notice] [pid 5192:tid 292] AH00456: Server built: Aug 18 2012 12:41:37
[Wed Dec 10 12:17:09.480188 2025] [core:notice] [pid 5192:tid 292] AH00094: Command line: 'apache\\bin\\httpd.exe -d C:/SYSME/SGC/xampp/apache'
[Wed Dec 10 12:17:09.480188 2025] [mpm_winnt:notice] [pid 5192:tid 292] AH00418: Parent: Created child process 3492
[Wed Dec 10 12:17:10.698999 2025] [ssl:warn] [pid 3492:tid 292] AH01873: Init: Session Cache is not configured [hint: SSLSessionCache]
[Wed Dec 10 12:17:10.808381 2025] [mpm_winnt:notice] [pid 3492:tid 292] AH00354: Child: Starting 150 worker threads.
[Wed Dec 10 17:12:02.208311 2025] [mpm_winnt:notice] [pid 5192:tid 292] AH00428: Parent: child process exited with status 1 -- Restarting.
[Wed Dec 10 17:12:02.685628 2025] [ssl:warn] [pid 5192:tid 292] AH01873: Init: Session Cache is not configured [hint: SSLSessionCache]
[Wed Dec 10 17:12:02.743667 2025] [mpm_winnt:notice] [pid 5192:tid 292] AH00455: Apache/2.4.3 (Win32) OpenSSL/1.0.1c PHP/5.4.7 configured -- resuming normal operations
[Wed Dec 10 17:12:02.743667 2025] [mpm_winnt:notice] [pid 5192:tid 292] AH00456: Server built: Aug 18 2012 12:41:37
[Wed Dec 10 17:12:02.743667 2025] [core:notice] [pid 5192:tid 292] AH00094: Command line: 'apache\\bin\\httpd.exe -d C:/SYSME/SGC/xampp/apache'
[Wed Dec 10 17:12:02.743667 2025] [mpm_winnt:notice] [pid 5192:tid 292] AH00418: Parent: Created child process 5368
[Wed Dec 10 17:12:03.980492 2025] [ssl:warn] [pid 5368:tid 292] AH01873: Init: Session Cache is not configured [hint: SSLSessionCache]
[Wed Dec 10 17:12:04.043536 2025] [mpm_winnt:notice] [pid 5368:tid 292] AH00354: Child: Starting 150 worker threads.
